company_id,market_id,symbol,name,sector_name,sub_industry,date_added,headquarters,cik,founded
1,1,AACB,Artius II Acquisition Inc. - Class A Ordinary Shares,SD,SD,00/00/0000,SD,SD,9999
2,1,AACBR,Artius II Acquisition Inc. - Rights,SD,SD,00/00/0000,SD,SD,9999
3,1,AACBU,Artius II Acquisition Inc. - Units,SD,SD,00/00/0000,SD,SD,9999
4,1,AACG,"ATA Creativity Global - American Depositary Shares, each representing two common shares",SD,SD,00/00/0000,SD,SD,9999
5,1,AACI,Armada Acquisition Corp. II - Class A Ordinary Shares,SD,SD,00/00/0000,SD,SD,9999
6,1,AACIU,Armada Acquisition Corp. II - Units,SD,SD,00/00/0000,SD,SD,9999
7,1,AACIW,Armada Acquisition Corp. II - Warrant,SD,SD,00/00/0000,SD,SD,9999
8,1,AADR,AdvisorShares Dorsey Wright ADR ETF,SD,SD,00/00/0000,SD,SD,9999
9,1,AAL,"American Airlines Group, Inc. - Common Stock",SD,SD,00/00/0000,SD,SD,9999
10,1,AALG,Leverage Shares 2X Long AAL Daily ETF,SD,SD,00/00/0000,SD,SD,9999
11,1,AAME,Atlantic American Corporation - Common Stock,SD,SD,00/00/0000,SD,SD,9999
12,1,AAOI,"Applied Optoelectronics, Inc. - Common Stock",SD,SD,00/00/0000,SD,SD,9999
13,1,AAON,"AAON, Inc. - Common Stock",SD,SD,00/00/0000,SD,SD,9999
14,1,AAPB,GraniteShares 2x Long AAPL Daily ETF,SD,SD,00/00/0000,SD,SD,9999
15,1,AAPD,Direxion Daily AAPL Bear 1X Shares,SD,SD,00/00/0000,SD,SD,9999
16,1,AAPG,Ascentage Pharma Group International - American Depository Shares,SD,SD,00/00/0000,SD,SD,9999
17,1,AAPL,Apple Inc. - Common Stock,SD,SD,00/00/0000,SD,SD,9999
18,1,AAPU,Direxion Daily AAPL Bull 2X Shares,SD,SD,00/00/0000,SD,SD,9999
19,1,AARD,"Aardvark Therapeutics, Inc. - Common Stock",SD,SD,00/00/0000,SD,SD,9999
20,1,AAUS,Alpha Architect US Equity ETF,SD,SD,00/00/0000,SD,SD,9999
21,1,AAVM,Alpha Architect Global Factor Equity ETF,SD,SD,00/00/0000,SD,SD,9999
22,1,AAXJ,iShares MSCI All Country Asia ex Japan ETF,SD,SD,00/00/0000,SD,SD,9999
23,1,ABAT,American Battery Technology Company - Common Stock,SD,SD,00/00/0000,SD,SD,9999
24,1,ABCL,AbCellera Biologics Inc. - Common Shares,SD,SD,00/00/0000,SD,SD,9999
25,1,ABCS,Alpha Blue Capital US Small-Mid Cap Dynamic ETF,SD,SD,00/00/0000,SD,SD,9999
26,1,ABEO,Abeona Therapeutics Inc. - Common Stock,SD,SD,00/00/0000,SD,SD,9999
27,1,ABI,VictoryShares Pioneer Asset-Based Income ETF,SD,SD,00/00/0000,SD,SD,9999
28,1,ABIG,Argent Large Cap ETF,SD,SD,00/00/0000,SD,SD,9999
29,1,ABL,"Abacus Global Management, Inc. - Class A Common Stock",SD,SD,00/00/0000,SD,SD,9999
30,1,ABLLL,"Abacus Global Management, Inc. - 9.875% Fixed Rate Senior Notes due 2028",SD,SD,00/00/0000,SD,SD,9999
31,1,ABLV,Able View Global Inc. - Class B Ordinary Shares,SD,SD,00/00/0000,SD,SD,9999
32,1,ABLVW,Able View Global Inc. - Warrant,SD,SD,00/00/0000,SD,SD,9999
33,1,ABNB,"Airbnb, Inc. - Class A Common Stock",SD,SD,00/00/0000,SD,SD,9999
34,1,ABOS,"Acumen Pharmaceuticals, Inc. - Common Stock",SD,SD,00/00/0000,SD,SD,9999
35,1,ABP,"Abpro Holdings, Inc - Common Stock",SD,SD,00/00/0000,SD,SD,9999
36,1,ABPWW,"Abpro Holdings, Inc - Warrant",SD,SD,00/00/0000,SD,SD,9999
37,1,ABSI,Absci Corporation - Common Stock,SD,SD,00/00/0000,SD,SD,9999
38,1,ABTC,American Bitcoin Corp. - Class A Common Stock,SD,SD,00/00/0000,SD,SD,9999
39,1,ABTS,Abits Group Inc - Ordinary Shares,SD,SD,00/00/0000,SD,SD,9999
40,1,ABUS,Arbutus Biopharma Corporation - Common Stock,SD,SD,00/00/0000,SD,SD,9999
41,1,ABVC,"ABVC BioPharma, Inc. - Common Stock",SD,SD,00/00/0000,SD,SD,9999
42,1,ABVE,Above Food Ingredients Inc. - Common Stock,SD,SD,00/00/0000,SD,SD,9999
43,1,ABVEW,Above Food Ingredients Inc. - Warrant,SD,SD,00/00/0000,SD,SD,9999
44,1,ABVX,Abivax SA - American Depositary Shares,SD,SD,00/00/0000,SD,SD,9999
45,1,ACAD,ACADIA Pharmaceuticals Inc. - Common Stock,SD,SD,00/00/0000,SD,SD,9999
46,1,ACB,Aurora Cannabis Inc. - Common Shares,SD,SD,00/00/0000,SD,SD,9999
47,1,ACCL,Acco Group Holdings Limited - Ordinary Shares,SD,SD,00/00/0000,SD,SD,9999
48,1,ACDC,ProFrac Holding Corp. - Class A Common Stock,SD,SD,00/00/0000,SD,SD,9999
49,1,ACET,"Adicet Bio, Inc. - Common Stock",SD,SD,00/00/0000,SD,SD,9999
50,1,ACFN,"Acorn Energy, Inc. - Common Stock",SD,SD,00/00/0000,SD,SD,9999
51,1,ACGL,Arch Capital Group Ltd. - Common Stock,SD,SD,00/00/0000,SD,SD,9999
52,1,ACGLN,"Arch Capital Group Ltd. - Depositary Shares, each Representing a 1/1,000th Interest in a 4.550% Non-Cumulative Preferred Share, Series G",SD,SD,00/00/0000,SD,SD,9999
53,1,ACGLO,"Arch Capital Group Ltd. - Depositary Shares Each Representing 1/1,000th Interest in a Share of5.45% Non-Cumulative Preferred Shares, Series F",SD,SD,00/00/0000,SD,SD,9999
54,1,ACHC,"Acadia Healthcare Company, Inc. - Common Stock",SD,SD,00/00/0000,SD,SD,9999
55,1,ACHV,"Achieve Life Sciences, Inc.  - Common Shares",SD,SD,00/00/0000,SD,SD,9999
56,1,ACIC,American Coastal Insurance Corporation - Common Stock,SD,SD,00/00/0000,SD,SD,9999
57,1,ACIU,AC Immune SA - Common Stock,SD,SD,00/00/0000,SD,SD,9999
58,1,ACIW,"ACI Worldwide, Inc. - Common Stock",SD,SD,00/00/0000,SD,SD,9999
59,1,ACLS,"Axcelis Technologies, Inc. - Common Stock",SD,SD,00/00/0000,SD,SD,9999
60,1,ACLX,"Arcellx, Inc. - Common Stock",SD,SD,00/00/0000,SD,SD,9999
61,1,ACMR,"ACM Research, Inc. - Class A Common Stock",SD,SD,00/00/0000,SD,SD,9999
62,1,ACNB,ACNB Corporation - Common Stock,SD,SD,00/00/0000,SD,SD,9999
63,1,ACNT,Ascent Industries Co. - Common Stock,SD,SD,00/00/0000,SD,SD,9999
64,1,ACOG,Alpha Cognition Inc. - Common Stock,SD,SD,00/00/0000,SD,SD,9999
65,1,ACON,"Aclarion, Inc. - Common Stock",SD,SD,00/00/0000,SD,SD,9999
66,1,ACONW,"Aclarion, Inc. - Warrant",SD,SD,00/00/0000,SD,SD,9999
67,1,ACRS,"Aclaris Therapeutics, Inc. - Common Stock",SD,SD,00/00/0000,SD,SD,9999
68,1,ACRV,"Acrivon Therapeutics, Inc. - Common Stock",SD,SD,00/00/0000,SD,SD,9999
69,1,ACT,"Enact Holdings, Inc. - Common Stock",SD,SD,00/00/0000,SD,SD,9999
70,1,ACTG,Acacia Research Corporation - Common Stock,SD,SD,00/00/0000,SD,SD,9999
71,1,ACTU,"Actuate Therapeutics, Inc. - Common stock",SD,SD,00/00/0000,SD,SD,9999
72,1,ACWI,iShares MSCI ACWI ETF,SD,SD,00/00/0000,SD,SD,9999
73,1,ACWX,iShares MSCI ACWI ex U.S. ETF,SD,SD,00/00/0000,SD,SD,9999
74,1,ACXP,"Acurx Pharmaceuticals, Inc. - Common Stock",SD,SD,00/00/0000,SD,SD,9999
75,1,ADAG,"Adagene Inc. - ADS, each representing 1.25 ordinary shares",SD,SD,00/00/0000,SD,SD,9999
76,1,ADAM,"Adamas Trust, Inc. - Common Stock",SD,SD,00/00/0000,SD,SD,9999
77,1,ADAMG,"Adamas Trust, Inc. - 9.125% Senior Notes Due 2030",SD,SD,00/00/0000,SD,SD,9999
78,1,ADAMH,"Adamas Trust, Inc. - 9.875% Senior Notes Due 2030",SD,SD,00/00/0000,SD,SD,9999
79,1,ADAMI,"Adamas Trust, Inc. - 9.125% Senior Notes Due 2029",SD,SD,00/00/0000,SD,SD,9999
80,1,ADAML,"Adamas Trust, Inc. - 6.875% Series F Fixed-to-Floating Rate Cumulative Redeemable Preferred Stock, $0.01 par value per share",SD,SD,00/00/0000,SD,SD,9999
81,1,ADAMM,"Adamas Trust, Inc. - 7.875% Series E Fixed-to-Floating Rate Cumulative Redeemable Preferred Stock",SD,SD,00/00/0000,SD,SD,9999
82,1,ADAMN,"Adamas Trust, Inc. - 8.00% Series D Fixed-to-Floating Rate Cumulative Redeemable Preferred Stock",SD,SD,00/00/0000,SD,SD,9999
83,1,ADAMZ,"Adamas Trust, Inc. - 7.000% Series G Cumulative Redeemable Preferred Stock, $0.01 par value per share",SD,SD,00/00/0000,SD,SD,9999
84,1,ADAP,Adaptimmune Therapeutics plc - American Depositary Shares,SD,SD,00/00/0000,SD,SD,9999
85,1,ADBE,Adobe Inc. - Common Stock,SD,SD,00/00/0000,SD,SD,9999
86,1,ADBG,Leverage Shares 2X Long ADBE Daily ETF,SD,SD,00/00/0000,SD,SD,9999
87,1,ADEA,Adeia Inc.  - Common Stock,SD,SD,00/00/0000,SD,SD,9999
88,1,ADGM,"Adagio Medical Holdings, Inc - Common Stock",SD,SD,00/00/0000,SD,SD,9999
89,1,ADI,"Analog Devices, Inc. - Common Stock",SD,SD,00/00/0000,SD,SD,9999
90,1,ADIL,"Adial Pharmaceuticals, Inc - Common Stock",SD,SD,00/00/0000,SD,SD,9999
91,1,ADMA,ADMA Biologics Inc - Common Stock,SD,SD,00/00/0000,SD,SD,9999
92,1,ADN,"Advent Technologies Holdings, Inc. - Class A Common Stock",SD,SD,00/00/0000,SD,SD,9999
93,1,ADNWW,"Advent Technologies Holdings, Inc. - Warrant",SD,SD,00/00/0000,SD,SD,9999
94,1,ADP,"Automatic Data Processing, Inc. - Common Stock",SD,SD,00/00/0000,SD,SD,9999
95,1,ADPT,Adaptive Biotechnologies Corporation - Common Stock,SD,SD,00/00/0000,SD,SD,9999
96,1,ADSE,ADS-TEC ENERGY PLC - Ordinary Shares,SD,SD,00/00/0000,SD,SD,9999
97,1,ADSEW,ADS-TEC ENERGY PLC - Warrant,SD,SD,00/00/0000,SD,SD,9999
98,1,ADSK,"Autodesk, Inc. - Common Stock",SD,SD,00/00/0000,SD,SD,9999
99,1,ADTN,"ADTRAN Holdings, Inc. - Common Stock",SD,SD,00/00/0000,SD,SD,9999
100,1,ADTX,"Aditxt, Inc. - Common Stock",SD,SD,00/00/0000,SD,SD,9999
101,1,ADUR,Aduro Clean Technologies Inc. - Common Stock,SD,SD,00/00/0000,SD,SD,9999
102,1,ADUS,Addus HomeCare Corporation - Common Stock,SD,SD,00/00/0000,SD,SD,9999
103,1,ADV,Advantage Solutions Inc.  - Class A Common Stock,SD,SD,00/00/0000,SD,SD,9999
104,1,ADVB,Advanced Biomed Inc. - Common Stock,SD,SD,00/00/0000,SD,SD,9999
105,1,ADVM,"Adverum Biotechnologies, Inc. - Common Stock",SD,SD,00/00/0000,SD,SD,9999
106,1,ADVWW,Advantage Solutions Inc.  - Warrant,SD,SD,00/00/0000,SD,SD,9999
107,1,ADXN,Addex Therapeutics Ltd - American Depositary Shares,SD,SD,00/00/0000,SD,SD,9999
108,1,AEBI,Aebi Schmidt Holding AG - Common Stock,SD,SD,00/00/0000,SD,SD,9999
109,1,AEC,Anfield Energy Inc. - Common Shares,SD,SD,00/00/0000,SD,SD,9999
110,1,AEHL,Antelope Enterprise Holdings Limited - Class A Ordinary Shares,SD,SD,00/00/0000,SD,SD,9999
111,1,AEHR,Aehr Test Systems - Common Stock,SD,SD,00/00/0000,SD,SD,9999
112,1,AEI,Alset Inc. - Common Stock,SD,SD,00/00/0000,SD,SD,9999
113,1,AEIS,"Advanced Energy Industries, Inc. - Common Stock",SD,SD,00/00/0000,SD,SD,9999
114,1,AEMD,"Aethlon Medical, Inc. - Common Stock",SD,SD,00/00/0000,SD,SD,9999
115,1,AENT,Alliance Entertainment Holding Corporation - common stock,SD,SD,00/00/0000,SD,SD,9999
116,1,AENTW,Alliance Entertainment Holding Corporation - Warrants,SD,SD,00/00/0000,SD,SD,9999
117,1,AEP,"American Electric Power Company, Inc. - Common Stock",SD,SD,00/00/0000,SD,SD,9999
118,1,AERT,"Aeries Technology, Inc. - Class A Ordinary Share",SD,SD,00/00/0000,SD,SD,9999
119,1,AERTW,"Aeries Technology, Inc. - Warrant",SD,SD,00/00/0000,SD,SD,9999
120,1,AEVA,"Aeva Technologies, Inc. - Common Stock",SD,SD,00/00/0000,SD,SD,9999
121,1,AEVAW,"Aeva Technologies, Inc. - Redeemable Warrants",SD,SD,00/00/0000,SD,SD,9999
122,1,AEYE,"AudioEye, Inc. - Common Stock",SD,SD,00/00/0000,SD,SD,9999
123,1,AFBI,"Affinity Bancshares, Inc. - Common Stock",SD,SD,00/00/0000,SD,SD,9999
124,1,AFCG,Advanced Flower Capital Inc. - Common Stock,SD,SD,00/00/0000,SD,SD,9999
125,1,AFJK,"Aimei Health Technology Co., Ltd - Ordinary Share",SD,SD,00/00/0000,SD,SD,9999
126,1,AFJKR,"Aimei Health Technology Co., Ltd - Right",SD,SD,00/00/0000,SD,SD,9999
127,1,AFJKU,"Aimei Health Technology Co., Ltd - Unit",SD,SD,00/00/0000,SD,SD,9999
128,1,AFOS,ARS Focused Opportunity Strategy ETF,SD,SD,00/00/0000,SD,SD,9999
129,1,AFRI,Forafric Global PLC - Ordinary Shares,SD,SD,00/00/0000,SD,SD,9999
130,1,AFRIW,Forafric Global PLC - Warrants,SD,SD,00/00/0000,SD,SD,9999
131,1,AFRM,"Affirm Holdings, Inc. - Class A Common Stock",SD,SD,00/00/0000,SD,SD,9999
132,1,AFSC,abrdn Focused U.S. Small Cap Active ETF,SD,SD,00/00/0000,SD,SD,9999
133,1,AFYA,Afya Limited - Class A Common Shares,SD,SD,00/00/0000,SD,SD,9999
134,1,AGAE,Allied Gaming & Entertainment Inc. - Common Stock,SD,SD,00/00/0000,SD,SD,9999
135,1,AGCC,Agencia Comercial Spirits Ltd - Class A Ordinary Share,SD,SD,00/00/0000,SD,SD,9999
136,1,AGEM,abrdn Emerging Markets Dividend Active ETF,SD,SD,00/00/0000,SD,SD,9999
137,1,AGEN,Agenus Inc. - Common Stock,SD,SD,00/00/0000,SD,SD,9999
138,1,AGGA,EA Astoria Dynamic Core US Fixed Income ETF,SD,SD,00/00/0000,SD,SD,9999
139,1,AGH,Aureus Greenway Holdings Inc. - Common Stock,SD,SD,00/00/0000,SD,SD,9999
140,1,AGIO,"Agios Pharmaceuticals, Inc. - Common Stock",SD,SD,00/00/0000,SD,SD,9999
141,1,AGIX,KraneShares Artificial Intelligence & Technology ETF,SD,SD,00/00/0000,SD,SD,9999
142,1,AGMH,AGM Group Holdings Inc. - Class A Ordinary Shares,SD,SD,00/00/0000,SD,SD,9999
143,1,AGMI,Themes Silver Miners ETF,SD,SD,00/00/0000,SD,SD,9999
144,1,AGNC,AGNC Investment Corp. - Common Stock,SD,SD,00/00/0000,SD,SD,9999
145,1,AGNCL,"AGNC Investment Corp. - Depositary Shares Each Representing a 1/1,000th Interest in a Share of 7.75% Series G Fixed-Rate Reset Cumulative Redeemable Preferred Stock",SD,SD,00/00/0000,SD,SD,9999
146,1,AGNCM,AGNC Investment Corp. - Depositary Shares rep 6.875% Series D Fixed-to-Floating Cumulative Redeemable Preferred Stock,SD,SD,00/00/0000,SD,SD,9999
147,1,AGNCN,"AGNC Investment Corp. - Depositary Shares Each Representing a 1/1,000th Interest in a Share of 7.00% Series C Fixed-To-Floating Rate Cumulative Redeemable Preferred Stock",SD,SD,00/00/0000,SD,SD,9999
148,1,AGNCO,"AGNC Investment Corp. - Depositary Shares, each representing a 1/1,000th interest in a share of Series E Fixed-to-Floating Cumulative Redeemable Preferred Stock",SD,SD,00/00/0000,SD,SD,9999
149,1,AGNCP,"AGNC Investment Corp. - Depositary Shares Each Representing a 1/1,000th Interest in a Share of 6.125% Series F Fixed-to-Floating Rate Cumulative Redeemable Preferred Stock",SD,SD,00/00/0000,SD,SD,9999
150,1,AGNCZ,"AGNC Investment Corp. - Depositary Shares Each Representing a 1/1,000th Interest in a Share of 8.75% Series H Fixed-Rate Cumulative Redeemable Preferred Stock",SD,SD,00/00/0000,SD,SD,9999
151,1,AGNG,Global X Aging Population ETF,SD,SD,00/00/0000,SD,SD,9999
152,1,AGRI,AgriFORCE  Growing Systems Ltd. - Common Shares,SD,SD,00/00/0000,SD,SD,9999
153,1,AGRZ,Agroz Inc. - Ordinary Shares,SD,SD,00/00/0000,SD,SD,9999
154,1,AGYS,"Agilysys, Inc. - Common Stock",SD,SD,00/00/0000,SD,SD,9999
155,1,AGZD,WisdomTree Interest Rate Hedged U.S. Aggregate Bond Fund,SD,SD,00/00/0000,SD,SD,9999
156,1,AHCO,AdaptHealth Corp.  - Common Stock,SD,SD,00/00/0000,SD,SD,9999
157,1,AHG,Akso Health Group - American Depositary Shares,SD,SD,00/00/0000,SD,SD,9999
158,1,AHMA,Ambitions Enterprise Management Co. L.L.C - Class A Ordinary Shares,SD,SD,00/00/0000,SD,SD,9999
159,1,AIA,iShares Asia 50 ETF,SD,SD,00/00/0000,SD,SD,9999
160,1,AIFD,TCW Artificial Intelligence ETF,SD,SD,00/00/0000,SD,SD,9999
161,1,AIFF,"Firefly Neuroscience, Inc.  - Common Stock",SD,SD,00/00/0000,SD,SD,9999
162,1,AIFU,AIFU Inc. - Class A Ordinary Share,SD,SD,00/00/0000,SD,SD,9999
163,1,AIHS,Senmiao Technology Limited - Common Stock,SD,SD,00/00/0000,SD,SD,9999
164,1,AIIO,Robo.ai Inc. - Class B Ordinary Shares,SD,SD,00/00/0000,SD,SD,9999
165,1,AIIOW,Robo.ai Inc. - Warrant,SD,SD,00/00/0000,SD,SD,9999
166,1,AIMD,"Ainos, Inc. - Common Stock",SD,SD,00/00/0000,SD,SD,9999
167,1,AIMDW,"Ainos, Inc. - warrants",SD,SD,00/00/0000,SD,SD,9999
168,1,AIOT,"PowerFleet, Inc. - Common Stock",SD,SD,00/00/0000,SD,SD,9999
169,1,AIP,"Arteris, Inc.  - Common Stock",SD,SD,00/00/0000,SD,SD,9999
170,1,AIPI,REX AI Equity Premium Income ETF,SD,SD,00/00/0000,SD,SD,9999
171,1,AIPO,Defiance AI & Power Infrastructure ETF,SD,SD,00/00/0000,SD,SD,9999
172,1,AIQ,Global X Artificial Intelligence & Technology ETF,SD,SD,00/00/0000,SD,SD,9999
173,1,AIRE,reAlpha Tech Corp. - Common Stock,SD,SD,00/00/0000,SD,SD,9999
174,1,AIRG,"Airgain, Inc. - Common Stock",SD,SD,00/00/0000,SD,SD,9999
175,1,AIRJ,AirJoule Technologies Corporation - Class A Common Stock,SD,SD,00/00/0000,SD,SD,9999
176,1,AIRJW,AirJoule Technologies Corporation - Warrant,SD,SD,00/00/0000,SD,SD,9999
177,1,AIRO,"AIRO Group Holdings, Inc. - Common Stock",SD,SD,00/00/0000,SD,SD,9999
178,1,AIRR,First Trust RBA American Industrial Renaissance ETF,SD,SD,00/00/0000,SD,SD,9999
179,1,AIRS,"AirSculpt Technologies, Inc. - Common Stock",SD,SD,00/00/0000,SD,SD,9999
180,1,AIRT,"Air T, Inc. - Common Stock",SD,SD,00/00/0000,SD,SD,9999
181,1,AIRTP,"Air T, Inc. - Trust Preferred Securities",SD,SD,00/00/0000,SD,SD,9999
182,1,AISP,"Airship AI Holdings, Inc - Class A Common Stock",SD,SD,00/00/0000,SD,SD,9999
183,1,AISPW,"Airship AI Holdings, Inc - Warrants",SD,SD,00/00/0000,SD,SD,9999
184,1,AIXI,XIAO-I Corporation - American Depositary Shares,SD,SD,00/00/0000,SD,SD,9999
185,1,AKAM,"Akamai Technologies, Inc. - Common Stock",SD,SD,00/00/0000,SD,SD,9999
186,1,AKAN,Akanda Corp. - Common Shares,SD,SD,00/00/0000,SD,SD,9999
187,1,AKBA,"Akebia Therapeutics, Inc. - Common Stock",SD,SD,00/00/0000,SD,SD,9999
188,1,AKRO,"Akero Therapeutics, Inc. - Common Stock",SD,SD,00/00/0000,SD,SD,9999
189,1,AKTX,Akari Therapeutics Plc - American Depositary Shares,SD,SD,00/00/0000,SD,SD,9999
190,1,ALAB,"Astera Labs, Inc. - Common Stock",SD,SD,00/00/0000,SD,SD,9999
191,1,ALAR,Alarum Technologies Ltd. - American Depositary Shares,SD,SD,00/00/0000,SD,SD,9999
192,1,ALBT,Avalon GloboCare Corp. - Common Stock,SD,SD,00/00/0000,SD,SD,9999
193,1,ALCO,"Alico, Inc. - Common Stock",SD,SD,00/00/0000,SD,SD,9999
194,1,ALCY,Alchemy Investments Acquisition Corp 1 - Class A Ordinary Shares,SD,SD,00/00/0000,SD,SD,9999
195,1,ALCYU,Alchemy Investments Acquisition Corp 1 - Units,SD,SD,00/00/0000,SD,SD,9999
196,1,ALCYW,Alchemy Investments Acquisition Corp 1 - Warrants,SD,SD,00/00/0000,SD,SD,9999
197,1,ALDF,Aldel Financial II Inc. - Class A Ordinary Shares,SD,SD,00/00/0000,SD,SD,9999
198,1,ALDFU,Aldel Financial II Inc. - Units,SD,SD,00/00/0000,SD,SD,9999
199,1,ALDFW,Aldel Financial II Inc. - Warrants,SD,SD,00/00/0000,SD,SD,9999
200,1,ALDX,"Aldeyra Therapeutics, Inc. - Common Stock",SD,SD,00/00/0000,SD,SD,9999
201,1,ALEC,"Alector, Inc. - Common Stock",SD,SD,00/00/0000,SD,SD,9999
202,1,ALF,Centurion Acquisition Corp. - Class A Ordinary Shares,SD,SD,00/00/0000,SD,SD,9999
203,1,ALFUU,Centurion Acquisition Corp. - Unit,SD,SD,00/00/0000,SD,SD,9999
204,1,ALFUW,Centurion Acquisition Corp. - Warrant,SD,SD,00/00/0000,SD,SD,9999
205,1,ALGM,"Allegro MicroSystems, Inc. - Common Stock",SD,SD,00/00/0000,SD,SD,9999
206,1,ALGN,"Align Technology, Inc. - Common Stock",SD,SD,00/00/0000,SD,SD,9999
207,1,ALGS,"Aligos Therapeutics, Inc. - Common stock",SD,SD,00/00/0000,SD,SD,9999
208,1,ALGT,Allegiant Travel Company - Common Stock,SD,SD,00/00/0000,SD,SD,9999
209,1,ALHC,"Alignment Healthcare, Inc. - Common Stock",SD,SD,00/00/0000,SD,SD,9999
210,1,ALIL,Argent Focused Small Cap ETF,SD,SD,00/00/0000,SD,SD,9999
211,1,ALISU,Calisa Acquisition Corp - Units,SD,SD,00/00/0000,SD,SD,9999
212,1,ALKS,Alkermes plc - Ordinary Shares,SD,SD,00/00/0000,SD,SD,9999
213,1,ALKT,"Alkami Technology, Inc. - Common Stock",SD,SD,00/00/0000,SD,SD,9999
214,1,ALLO,"Allogene Therapeutics, Inc. - Common Stock",SD,SD,00/00/0000,SD,SD,9999
215,1,ALLR,"Allarity Therapeutics, Inc. - Common stock",SD,SD,00/00/0000,SD,SD,9999
216,1,ALLT,Allot Ltd. - Ordinary Shares,SD,SD,00/00/0000,SD,SD,9999
217,1,ALLW,SPDR Bridgewater All Weather ETF,SD,SD,00/00/0000,SD,SD,9999
218,1,ALM,Almonty Industries Inc. - Common Shares,SD,SD,00/00/0000,SD,SD,9999
219,1,ALMS,Alumis Inc. - Common Stock,SD,SD,00/00/0000,SD,SD,9999
220,1,ALMU,"Aeluma, Inc. - Common Stock",SD,SD,00/00/0000,SD,SD,9999
221,1,ALNT,Allient Inc. - Common Stock,SD,SD,00/00/0000,SD,SD,9999
222,1,ALNY,"Alnylam Pharmaceuticals, Inc. - Common Stock",SD,SD,00/00/0000,SD,SD,9999
223,1,ALOT,"AstroNova, Inc. - Common Stock",SD,SD,00/00/0000,SD,SD,9999
224,1,ALRM,"Alarm.com Holdings, Inc. - Common Stock",SD,SD,00/00/0000,SD,SD,9999
225,1,ALRS,Alerus Financial Corporation - Common Stock,SD,SD,00/00/0000,SD,SD,9999
226,1,ALT,"Altimmune, Inc. - Common Stock",SD,SD,00/00/0000,SD,SD,9999
227,1,ALTI,"AlTi Global, Inc. - Class A Common Stock",SD,SD,00/00/0000,SD,SD,9999
228,1,ALTO,"Alto Ingredients, Inc. - Common Stock",SD,SD,00/00/0000,SD,SD,9999
229,1,ALTS,ALT5 Sigma Corporation - Common Stock,SD,SD,00/00/0000,SD,SD,9999
230,1,ALTY,Global X Alternative Income ETF,SD,SD,00/00/0000,SD,SD,9999
231,1,ALVO,Alvotech - Ordinary Shares,SD,SD,00/00/0000,SD,SD,9999
232,1,ALVOW,Alvotech - Warrant,SD,SD,00/00/0000,SD,SD,9999
233,1,ALXO,ALX Oncology Holdings Inc. - Common Stock,SD,SD,00/00/0000,SD,SD,9999
234,1,ALZN,"Alzamend Neuro, Inc. - Common Stock",SD,SD,00/00/0000,SD,SD,9999
235,1,AMAL,Amalgamated Financial Corp. - Common Stock,SD,SD,00/00/0000,SD,SD,9999
236,1,AMAT,"Applied Materials, Inc. - Common Stock",SD,SD,00/00/0000,SD,SD,9999
237,1,AMBA,"Ambarella, Inc. - Ordinary Shares",SD,SD,00/00/0000,SD,SD,9999
238,1,AMBR,Amber International Holding Limited - American Depositary Shares,SD,SD,00/00/0000,SD,SD,9999
239,1,AMCX,AMC Networks Inc. - Class A Common Stock,SD,SD,00/00/0000,SD,SD,9999
240,1,AMD,"Advanced Micro Devices, Inc. - Common Stock",SD,SD,00/00/0000,SD,SD,9999
241,1,AMDD,Direxion Daily AMD Bear 1X Shares,SD,SD,00/00/0000,SD,SD,9999
242,1,AMDG,Leverage Shares 2X Long AMD Daily ETF,SD,SD,00/00/0000,SD,SD,9999
243,1,AMDL,GraniteShares 2x Long AMD Daily ETF,SD,SD,00/00/0000,SD,SD,9999
244,1,AMDU,Defiance Leveraged Long + Income AMD ETF,SD,SD,00/00/0000,SD,SD,9999
245,1,AMGN,Amgen Inc. - Common Stock,SD,SD,00/00/0000,SD,SD,9999
246,1,AMID,Argent Mid Cap ETF,SD,SD,00/00/0000,SD,SD,9999
247,1,AMIX,"Autonomix Medical, Inc. - Common Stock",SD,SD,00/00/0000,SD,SD,9999
248,1,AMKR,"Amkor Technology, Inc. - Common Stock",SD,SD,00/00/0000,SD,SD,9999
249,1,AMLX,"Amylyx Pharmaceuticals, Inc. - Common Stock",SD,SD,00/00/0000,SD,SD,9999
250,1,AMOD,"Alpha Modus Holdings, Inc. - Class A Common Stock",SD,SD,00/00/0000,SD,SD,9999
251,1,AMODW,"Alpha Modus Holdings, Inc. - Warrant",SD,SD,00/00/0000,SD,SD,9999
252,1,AMPG,"Amplitech Group, Inc. - Common Stock",SD,SD,00/00/0000,SD,SD,9999
253,1,AMPGW,"Amplitech Group, Inc. - Warrants",SD,SD,00/00/0000,SD,SD,9999
254,1,AMPH,"Amphastar Pharmaceuticals, Inc. - Common Stock",SD,SD,00/00/0000,SD,SD,9999
255,1,AMPL,"Amplitude, Inc. - Class A Common Stock",SD,SD,00/00/0000,SD,SD,9999
256,1,AMRK,"A-Mark Precious Metals, Inc. - Common Stock",SD,SD,00/00/0000,SD,SD,9999
257,1,AMRN,Amarin Corporation plc - American Depositary Shares,SD,SD,00/00/0000,SD,SD,9999
258,1,AMRX,"Amneal Pharmaceuticals, Inc. - Class A Common Stock",SD,SD,00/00/0000,SD,SD,9999
259,1,AMSC,American Superconductor Corporation - Common Stock,SD,SD,00/00/0000,SD,SD,9999
260,1,AMSF,"AMERISAFE, Inc. - Common Stock",SD,SD,00/00/0000,SD,SD,9999
261,1,AMST,Amesite Inc. - Common Stock,SD,SD,00/00/0000,SD,SD,9999
262,1,AMTX,"Aemetis, Inc - Common Stock",SD,SD,00/00/0000,SD,SD,9999
263,1,AMUN,abrdn Ultra Short Municipal Income Active ETF,SD,SD,00/00/0000,SD,SD,9999
264,1,AMUU,Direxion Daily AMD Bull 2X Shares,SD,SD,00/00/0000,SD,SD,9999
265,1,AMWD,American Woodmark Corporation - Common Stock,SD,SD,00/00/0000,SD,SD,9999
266,1,AMYY,GraniteShares YieldBOOST AMD ETF,SD,SD,00/00/0000,SD,SD,9999
267,1,AMZD,Direxion Daily AMZN Bear 1X Shares,SD,SD,00/00/0000,SD,SD,9999
268,1,AMZN,"Amazon.com, Inc. - Common Stock",SD,SD,00/00/0000,SD,SD,9999
269,1,AMZU,Direxion Daily AMZN Bull 2X Shares,SD,SD,00/00/0000,SD,SD,9999
270,1,AMZZ,GraniteShares 2x Long AMZN Daily ETF,SD,SD,00/00/0000,SD,SD,9999
271,1,ANAB,"AnaptysBio, Inc. - Common Stock",SD,SD,00/00/0000,SD,SD,9999
272,1,ANDE,"The Andersons, Inc. - Common Stock",SD,SD,00/00/0000,SD,SD,9999
273,1,ANEB,"Anebulo Pharmaceuticals, Inc. - Common Stock",SD,SD,00/00/0000,SD,SD,9999
274,1,ANEL,Defiance Daily Target 2x Long ANET ETF,SD,SD,00/00/0000,SD,SD,9999
275,1,ANGH,Anghami Inc. - Ordinary Shares,SD,SD,00/00/0000,SD,SD,9999
276,1,ANGHW,Anghami Inc. - Warrants,SD,SD,00/00/0000,SD,SD,9999
277,1,ANGI,Angi Inc. - Class A Common Stock,SD,SD,00/00/0000,SD,SD,9999
278,1,ANGL,VanEck Fallen Angel High Yield Bond ETF,SD,SD,00/00/0000,SD,SD,9999
279,1,ANGO,"AngioDynamics, Inc. - Common Stock",SD,SD,00/00/0000,SD,SD,9999
280,1,ANIK,Anika Therapeutics Inc. - Common Stock,SD,SD,00/00/0000,SD,SD,9999
281,1,ANIP,"ANI Pharmaceuticals, Inc. - Common Stock",SD,SD,00/00/0000,SD,SD,9999
282,1,ANIX,"Anixa Biosciences, Inc. - Common Stock",SD,SD,00/00/0000,SD,SD,9999
283,1,ANL,Adlai Nortye Ltd. - American Depositary Shares,SD,SD,00/00/0000,SD,SD,9999
284,1,ANNA,"AleAnna, Inc. - Class A Common Stock",SD,SD,00/00/0000,SD,SD,9999
285,1,ANNAW,"AleAnna, Inc. - Warrant",SD,SD,00/00/0000,SD,SD,9999
286,1,ANNX,"Annexon, Inc. - common stock",SD,SD,00/00/0000,SD,SD,9999
287,1,ANPA,Rich Sparkle Holdings Limited - Ordinary Shares,SD,SD,00/00/0000,SD,SD,9999
288,1,ANSC,Agriculture & Natural Solutions Acquisition Corporation - Class A Ordinary Shares,SD,SD,00/00/0000,SD,SD,9999
289,1,ANSCU,Agriculture & Natural Solutions Acquisition Corporation - Unit,SD,SD,00/00/0000,SD,SD,9999
290,1,ANSCW,Agriculture & Natural Solutions Acquisition Corporation - Warrant,SD,SD,00/00/0000,SD,SD,9999
291,1,ANTA,Antalpha Platform Holding Company - Class A Ordinary Shares,SD,SD,00/00/0000,SD,SD,9999
292,1,ANTX,"AN2 Therapeutics, Inc. - Common Stock",SD,SD,00/00/0000,SD,SD,9999
293,1,ANY,Sphere 3D Corp. - Common Shares,SD,SD,00/00/0000,SD,SD,9999
294,1,AOHY,Angel Oak High Yield Opportunities ETF,SD,SD,00/00/0000,SD,SD,9999
295,1,AOSL,Alpha and Omega Semiconductor Limited - Common Shares,SD,SD,00/00/0000,SD,SD,9999
296,1,AOTG,AOT Growth and Innovation ETF,SD,SD,00/00/0000,SD,SD,9999
297,1,AOUT,"American Outdoor Brands, Inc. - Common Stock",SD,SD,00/00/0000,SD,SD,9999
298,1,APA,APA Corporation - Common Stock,SD,SD,00/00/0000,SD,SD,9999
299,1,APACU,StoneBridge Acquisition II Corporation - Units,SD,SD,00/00/0000,SD,SD,9999
300,1,APAD,A Paradise Acquisition Corp. - Class A Ordinary Shares,SD,SD,00/00/0000,SD,SD,9999
301,1,APADR,A Paradise Acquisition Corp. - Rights,SD,SD,00/00/0000,SD,SD,9999
302,1,APADU,A Paradise Acquisition Corp. - Unit,SD,SD,00/00/0000,SD,SD,9999
303,1,APED,STKd 100% MSTR & 100% COIN ETF,SD,SD,00/00/0000,SD,SD,9999
304,1,APEI,"American Public Education, Inc. - Common Stock",SD,SD,00/00/0000,SD,SD,9999
305,1,APGE,"Apogee Therapeutics, Inc. - Common Stock",SD,SD,00/00/0000,SD,SD,9999
306,1,API,"Agora, Inc. - ADS",SD,SD,00/00/0000,SD,SD,9999
307,1,APLD,Applied Digital Corporation - Common Stock,SD,SD,00/00/0000,SD,SD,9999
308,1,APLM,Apollomics Inc. - Class A Ordinary Shares,SD,SD,00/00/0000,SD,SD,9999
309,1,APLMW,Apollomics Inc. - Warrant,SD,SD,00/00/0000,SD,SD,9999
310,1,APLS,"Apellis Pharmaceuticals, Inc. - Common Stock",SD,SD,00/00/0000,SD,SD,9999
311,1,APLT,"Applied Therapeutics, Inc. - Common Stock",SD,SD,00/00/0000,SD,SD,9999
312,1,APM,Aptorum Group Limited - Class A Ordinary Shares,SD,SD,00/00/0000,SD,SD,9999
313,1,APOG,"Apogee Enterprises, Inc. - Common Stock",SD,SD,00/00/0000,SD,SD,9999
314,1,APP,Applovin Corporation - Class A Common Stock,SD,SD,00/00/0000,SD,SD,9999
315,1,APPF,"AppFolio, Inc. - Class A Common Stock",SD,SD,00/00/0000,SD,SD,9999
316,1,APPN,Appian Corporation - Class A Common Stock,SD,SD,00/00/0000,SD,SD,9999
317,1,APPS,"Digital Turbine, Inc. - Common Stock",SD,SD,00/00/0000,SD,SD,9999
318,1,APPX,Tradr 2X Long APP Daily ETF,SD,SD,00/00/0000,SD,SD,9999
319,1,APRE,"Aprea Therapeutics, Inc. - Common Stock",SD,SD,00/00/0000,SD,SD,9999
320,1,APVO,Aptevo Therapeutics Inc. - Common Stock,SD,SD,00/00/0000,SD,SD,9999
321,1,APWC,"Asia Pacific Wire & Cable Corporation Limited  - Common shares, Par value .01 per share",SD,SD,00/00/0000,SD,SD,9999
322,1,APYX,Apyx Medical Corporation - Common Stock,SD,SD,00/00/0000,SD,SD,9999
323,1,AQB,"AquaBounty Technologies, Inc. - Common Stock",SD,SD,00/00/0000,SD,SD,9999
324,1,AQMS,"Aqua Metals, Inc. - Common Stock",SD,SD,00/00/0000,SD,SD,9999
325,1,AQST,"Aquestive Therapeutics, Inc. - Common Stock",SD,SD,00/00/0000,SD,SD,9999
326,1,AQWA,Global X Clean Water ETF,SD,SD,00/00/0000,SD,SD,9999
327,1,ARAI,Arrive AI Inc. - Common Stock,SD,SD,00/00/0000,SD,SD,9999
328,1,ARAY,Accuray Incorporated - Common Stock,SD,SD,00/00/0000,SD,SD,9999
329,1,ARBB,ARB IOT Group Limited - Ordinary Shares,SD,SD,00/00/0000,SD,SD,9999
330,1,ARBE,Arbe Robotics Ltd. - Ordinary Shares,SD,SD,00/00/0000,SD,SD,9999
331,1,ARBEW,Arbe Robotics Ltd. - Warrant,SD,SD,00/00/0000,SD,SD,9999
332,1,ARBK,Argo Blockchain plc - American Depositary Shares,SD,SD,00/00/0000,SD,SD,9999
333,1,ARBKL,Argo Blockchain plc - 8.75% Senior Notes due 2026,SD,SD,00/00/0000,SD,SD,9999
334,1,ARCB,ArcBest Corporation - Common Stock,SD,SD,00/00/0000,SD,SD,9999
335,1,ARCC,Ares Capital Corporation - Closed End Fund,SD,SD,00/00/0000,SD,SD,9999
336,1,ARCT,Arcturus Therapeutics Holdings Inc. - Common Stock,SD,SD,00/00/0000,SD,SD,9999
337,1,ARDX,"Ardelyx, Inc. - Common Stock",SD,SD,00/00/0000,SD,SD,9999
338,1,AREB,"American Rebel Holdings, Inc. - Common Stock",SD,SD,00/00/0000,SD,SD,9999
339,1,AREBW,"American Rebel Holdings, Inc. - warrants",SD,SD,00/00/0000,SD,SD,9999
340,1,AREC,American Resources Corporation - Class A Common Stock,SD,SD,00/00/0000,SD,SD,9999
341,1,ARGX,argenx SE - American Depositary Shares,SD,SD,00/00/0000,SD,SD,9999
342,1,ARHS,"Arhaus, Inc. - Class A Common Stock",SD,SD,00/00/0000,SD,SD,9999
343,1,ARKO,ARKO Corp. - Common Stock,SD,SD,00/00/0000,SD,SD,9999
344,1,ARKOW,ARKO Corp. - Warrant,SD,SD,00/00/0000,SD,SD,9999
345,1,ARKR,Ark Restaurants Corp. - Common Stock,SD,SD,00/00/0000,SD,SD,9999
346,1,ARLP,"Alliance Resource Partners, L.P. - Common Units Representing Limited Partnership Interests",SD,SD,00/00/0000,SD,SD,9999
347,1,ARM,Arm Holdings plc - American Depositary Shares,SD,SD,00/00/0000,SD,SD,9999
348,1,ARMG,Leverage Shares 2X Long ARM Daily ETF,SD,SD,00/00/0000,SD,SD,9999
349,1,AROW,Arrow Financial Corporation - Common Stock,SD,SD,00/00/0000,SD,SD,9999
350,1,ARQ,"Arq, Inc. - Common Stock",SD,SD,00/00/0000,SD,SD,9999
351,1,ARQQ,Arqit Quantum Inc. - Ordinary Shares,SD,SD,00/00/0000,SD,SD,9999
352,1,ARQQW,Arqit Quantum Inc. - Warrants,SD,SD,00/00/0000,SD,SD,9999
353,1,ARQT,"Arcutis Biotherapeutics, Inc. - Common stock",SD,SD,00/00/0000,SD,SD,9999
354,1,ARRY,"Array Technologies, Inc. - Common Stock",SD,SD,00/00/0000,SD,SD,9999
355,1,ARTL,"Artelo Biosciences, Inc. - Common Stock",SD,SD,00/00/0000,SD,SD,9999
356,1,ARTNA,Artesian Resources Corporation - Class A Non-Voting Common Stock,SD,SD,00/00/0000,SD,SD,9999
357,1,ARTV,"Artiva Biotherapeutics, Inc. - Common Stock",SD,SD,00/00/0000,SD,SD,9999
358,1,ARTW,"Art's-Way Manufacturing Co., Inc. - Common Stock",SD,SD,00/00/0000,SD,SD,9999
359,1,ARVN,"Arvinas, Inc. - Common Stock",SD,SD,00/00/0000,SD,SD,9999
360,1,ARVR,First Trust Indxx Metaverse ETF,SD,SD,00/00/0000,SD,SD,9999
361,1,ARWR,"Arrowhead Pharmaceuticals, Inc. - Common Stock",SD,SD,00/00/0000,SD,SD,9999
362,1,ASBP,"Aspire Biopharma Holdings, Inc.  - Common Stock",SD,SD,00/00/0000,SD,SD,9999
363,1,ASBPW,"Aspire Biopharma Holdings, Inc.  - Warrant",SD,SD,00/00/0000,SD,SD,9999
364,1,ASCI,abrdn International Small Cap Active ETF,SD,SD,00/00/0000,SD,SD,9999
365,1,ASLE,AerSale Corporation - Common Stock,SD,SD,00/00/0000,SD,SD,9999
366,1,ASMB,"Assembly Biosciences, Inc. - Common Stock",SD,SD,00/00/0000,SD,SD,9999
367,1,ASMG,Leverage Shares 2X Long ASML Daily ETF,SD,SD,00/00/0000,SD,SD,9999
368,1,ASML,ASML Holding N.V. - New York Registry Shares,SD,SD,00/00/0000,SD,SD,9999
369,1,ASND,Ascendis Pharma A/S - American Depositary Shares,SD,SD,00/00/0000,SD,SD,9999
370,1,ASNS,"Actelis Networks, Inc. - Common Stock",SD,SD,00/00/0000,SD,SD,9999
371,1,ASO,"Academy Sports and Outdoors, Inc. - Common Stock",SD,SD,00/00/0000,SD,SD,9999
372,1,ASPC,A SPAC III Acquisition Corp. - Class A Ordinary Shares,SD,SD,00/00/0000,SD,SD,9999
373,1,ASPCR,A SPAC III Acquisition Corp. - Right,SD,SD,00/00/0000,SD,SD,9999
374,1,ASPCU,A SPAC III Acquisition Corp. - Unit,SD,SD,00/00/0000,SD,SD,9999
375,1,ASPI,ASP Isotopes Inc. - Common Stock,SD,SD,00/00/0000,SD,SD,9999
376,1,ASPS,Altisource Portfolio Solutions S.A. - Common Stock,SD,SD,00/00/0000,SD,SD,9999
377,1,ASPSW,Altisource Portfolio Solutions S.A. - Net Settle Stakeholder Warrants,SD,SD,00/00/0000,SD,SD,9999
378,1,ASPSZ,Altisource Portfolio Solutions S.A. - Cash Exercise Stakeholder Warrants,SD,SD,00/00/0000,SD,SD,9999
379,1,ASRT,"Assertio Holdings, Inc. - Common Stock",SD,SD,00/00/0000,SD,SD,9999
380,1,ASRV,AmeriServ Financial Inc. - Common Stock,SD,SD,00/00/0000,SD,SD,9999
381,1,ASST,"Strive, Inc. - Class A Common Stock",SD,SD,00/00/0000,SD,SD,9999
382,1,ASTC,Astrotech Corporation - Common Stock,SD,SD,00/00/0000,SD,SD,9999
383,1,ASTE,"Astec Industries, Inc. - Common Stock",SD,SD,00/00/0000,SD,SD,9999
384,1,ASTH,Astrana Health Inc. - Common Stock,SD,SD,00/00/0000,SD,SD,9999
385,1,ASTI,"Ascent Solar Technologies, Inc - Common Stock",SD,SD,00/00/0000,SD,SD,9999
386,1,ASTL,Algoma Steel Group Inc. - Common Shares,SD,SD,00/00/0000,SD,SD,9999
387,1,ASTLW,Algoma Steel Group Inc. - Warrant,SD,SD,00/00/0000,SD,SD,9999
388,1,ASTS,"AST SpaceMobile, Inc. - Class A Common Stock",SD,SD,00/00/0000,SD,SD,9999
389,1,ASUR,Asure Software Inc - Common Stock,SD,SD,00/00/0000,SD,SD,9999
390,1,ASYS,"Amtech Systems, Inc. - Common Stock",SD,SD,00/00/0000,SD,SD,9999
391,1,ATAI,ATAI Life Sciences N.V. - Common Shares,SD,SD,00/00/0000,SD,SD,9999
392,1,ATAT,Atour Lifestyle Holdings Limited - American Depositary Shares,SD,SD,00/00/0000,SD,SD,9999
393,1,ATEC,"Alphatec Holdings, Inc. - Common Stock",SD,SD,00/00/0000,SD,SD,9999
394,1,ATER,"Aterian, Inc. - Common Stock",SD,SD,00/00/0000,SD,SD,9999
395,1,ATEX,Anterix Inc. - Common Stock,SD,SD,00/00/0000,SD,SD,9999
396,1,ATGL,Alpha Technology Group Limited - Class A Ordinary Shares,SD,SD,00/00/0000,SD,SD,9999
397,1,ATHA,"Athira Pharma, Inc. - Common Stock",SD,SD,00/00/0000,SD,SD,9999
398,1,ATHE,Alterity Therapeutics Limited - American Depositary Shares,SD,SD,00/00/0000,SD,SD,9999
399,1,ATHR,"Aether Holdings, Inc. - Common Stock",SD,SD,00/00/0000,SD,SD,9999
400,1,ATII,Archimedes Tech SPAC Partners II Co. - Ordinary Shares,SD,SD,00/00/0000,SD,SD,9999
401,1,ATIIU,Archimedes Tech SPAC Partners II Co. - Unit,SD,SD,00/00/0000,SD,SD,9999
402,1,ATIIW,Archimedes Tech SPAC Partners II Co. - Warrant,SD,SD,00/00/0000,SD,SD,9999
403,1,ATLC,Atlanticus Holdings Corporation - Common Stock,SD,SD,00/00/0000,SD,SD,9999
404,1,ATLCL,Atlanticus Holdings Corporation - 6.125% Senior Notes due 2026,SD,SD,00/00/0000,SD,SD,9999
405,1,ATLCP,"Atlanticus Holdings Corporation - 7.625% Series B Cumulative Perpetual Preferred Stock, no par value per share",SD,SD,00/00/0000,SD,SD,9999
406,1,ATLCZ,Atlanticus Holdings Corporation - 9.25% Senior Notes due 2029,SD,SD,00/00/0000,SD,SD,9999
407,1,ATLN,Atlantic International Corp. - Common Stock,SD,SD,00/00/0000,SD,SD,9999
408,1,ATLO,Ames National Corporation - Common Stock,SD,SD,00/00/0000,SD,SD,9999
409,1,ATLX,Atlas Lithium Corporation - Common Stock,SD,SD,00/00/0000,SD,SD,9999
410,1,ATMC,AlphaTime Acquisition Corp - Ordinary Shares,SD,SD,00/00/0000,SD,SD,9999
411,1,ATMCR,AlphaTime Acquisition Corp - Right,SD,SD,00/00/0000,SD,SD,9999
412,1,ATMCU,AlphaTime Acquisition Corp - Unit,SD,SD,00/00/0000,SD,SD,9999
413,1,ATMCW,AlphaTime Acquisition Corp - Warrant,SD,SD,00/00/0000,SD,SD,9999
414,1,ATMV,AlphaVest Acquisition Corp - Ordinary Shares,SD,SD,00/00/0000,SD,SD,9999
415,1,ATMVR,AlphaVest Acquisition Corp - Right,SD,SD,00/00/0000,SD,SD,9999
416,1,ATMVU,AlphaVest Acquisition Corp - Unit,SD,SD,00/00/0000,SD,SD,9999
417,1,ATNI,"ATN International, Inc. - Common Stock",SD,SD,00/00/0000,SD,SD,9999
418,1,ATOM,Atomera Incorporated - Common Stock,SD,SD,00/00/0000,SD,SD,9999
419,1,ATON,AlphaTON Capital Corp. - Common Stock,SD,SD,00/00/0000,SD,SD,9999
420,1,ATOS,"Atossa Therapeutics, Inc. - Common Stock",SD,SD,00/00/0000,SD,SD,9999
421,1,ATPC,Agape ATP Corporation - Common Stock,SD,SD,00/00/0000,SD,SD,9999
422,1,ATRA,"Atara Biotherapeutics, Inc. - Common Stock",SD,SD,00/00/0000,SD,SD,9999
423,1,ATRC,"AtriCure, Inc. - Common Stock",SD,SD,00/00/0000,SD,SD,9999
424,1,ATRO,Astronics Corporation - Common Stock,SD,SD,00/00/0000,SD,SD,9999
425,1,ATXG,Addentax Group Corp. - Common Stock,SD,SD,00/00/0000,SD,SD,9999
426,1,ATXS,"Astria Therapeutics, Inc. - Common Stock",SD,SD,00/00/0000,SD,SD,9999
427,1,ATYR,"aTyr Pharma, Inc. - Common Stock",SD,SD,00/00/0000,SD,SD,9999
428,1,AUBN,"Auburn National Bancorporation, Inc. - Common Stock",SD,SD,00/00/0000,SD,SD,9999
429,1,AUDC,AudioCodes Ltd. - Ordinary Shares,SD,SD,00/00/0000,SD,SD,9999
430,1,AUGO,Aura Minerals Inc. - Common Shares,SD,SD,00/00/0000,SD,SD,9999
431,1,AUID,authID Inc. - Common Stock,SD,SD,00/00/0000,SD,SD,9999
432,1,AUMI,Themes Gold Miners ETF,SD,SD,00/00/0000,SD,SD,9999
433,1,AUPH,Aurinia Pharmaceuticals Inc - Common Shares,SD,SD,00/00/0000,SD,SD,9999
434,1,AUR,"Aurora Innovation, Inc.  - Class A Common Stock",SD,SD,00/00/0000,SD,SD,9999
435,1,AURA,"Aura Biosciences, Inc. - Common Stock",SD,SD,00/00/0000,SD,SD,9999
436,1,AURE,Prestige Wealth Inc. - Class A Ordinary Shares,SD,SD,00/00/0000,SD,SD,9999
437,1,AUROW,"Aurora Innovation, Inc.  - Warrant",SD,SD,00/00/0000,SD,SD,9999
438,1,AUTL,Autolus Therapeutics plc - American Depositary Shares,SD,SD,00/00/0000,SD,SD,9999
439,1,AUUD,Auddia Inc. - Common Stock,SD,SD,00/00/0000,SD,SD,9999
440,1,AUUDW,Auddia Inc. - Warrants,SD,SD,00/00/0000,SD,SD,9999
441,1,AVAH,Aveanna Healthcare Holdings Inc. - Common Stock,SD,SD,00/00/0000,SD,SD,9999
442,1,AVAV,"AeroVironment, Inc. - Common Stock",SD,SD,00/00/0000,SD,SD,9999
443,1,AVBH,"Avidbank Holdings, Inc. - Common Stock",SD,SD,00/00/0000,SD,SD,9999
444,1,AVBP,"ArriVent BioPharma, Inc. - Common Stock",SD,SD,00/00/0000,SD,SD,9999
445,1,AVDL,Avadel Pharmaceuticals plc - Ordinary Share,SD,SD,00/00/0000,SD,SD,9999
446,1,AVGB,Avantis Credit ETF,SD,SD,00/00/0000,SD,SD,9999
447,1,AVGG,Leverage Shares 2X Long AVGO Daily ETF,SD,SD,00/00/0000,SD,SD,9999
448,1,AVGO,Broadcom Inc. - Common Stock,SD,SD,00/00/0000,SD,SD,9999
449,1,AVGU,GraniteShares 2x Long AVGO Daily ETF,SD,SD,00/00/0000,SD,SD,9999
450,1,AVGX,Defiance Daily Target 2X Long AVGO ETF,SD,SD,00/00/0000,SD,SD,9999
451,1,AVIR,"Atea Pharmaceuticals, Inc. - common stock",SD,SD,00/00/0000,SD,SD,9999
452,1,AVL,Direxion Daily AVGO Bull 2X Shares,SD,SD,00/00/0000,SD,SD,9999
453,1,AVNW,"Aviat Networks, Inc. - Common Stock",SD,SD,00/00/0000,SD,SD,9999
454,1,AVO,"Mission Produce, Inc. - Common Stock",SD,SD,00/00/0000,SD,SD,9999
455,1,AVPT,"AvePoint, Inc. - Class A Common Stock",SD,SD,00/00/0000,SD,SD,9999
456,1,AVR,Anteris Technologies Global Corp. - Common Stock,SD,SD,00/00/0000,SD,SD,9999
457,1,AVS,Direxion Daily AVGO Bear 1X Shares,SD,SD,00/00/0000,SD,SD,9999
458,1,AVT,"Avnet, Inc. - Common Stock",SD,SD,00/00/0000,SD,SD,9999
459,1,AVTX,"Avalo Therapeutics, Inc. - Common Stock",SD,SD,00/00/0000,SD,SD,9999
460,1,AVUQ,Avantis U.S. Quality ETF,SD,SD,00/00/0000,SD,SD,9999
461,1,AVXC,Avantis Emerging Markets ex-China Equity ETF,SD,SD,00/00/0000,SD,SD,9999
462,1,AVXL,Anavex Life Sciences Corp. - Common Stock,SD,SD,00/00/0000,SD,SD,9999
463,1,AWRE,"Aware, Inc. - Common Stock",SD,SD,00/00/0000,SD,SD,9999
464,1,AXG,Solowin Holdings - Class A Ordinary Share,SD,SD,00/00/0000,SD,SD,9999
465,1,AXGN,"Axogen, Inc. - Common Stock",SD,SD,00/00/0000,SD,SD,9999
466,1,AXIN,Axiom Intelligence Acquisition Corp 1 - Class A Ordinary Shares,SD,SD,00/00/0000,SD,SD,9999
467,1,AXINR,Axiom Intelligence Acquisition Corp 1 - Right,SD,SD,00/00/0000,SD,SD,9999
468,1,AXINU,Axiom Intelligence Acquisition Corp 1 - Units,SD,SD,00/00/0000,SD,SD,9999
469,1,AXON,"Axon Enterprise, Inc. - Common Stock",SD,SD,00/00/0000,SD,SD,9999
470,1,AXSM,"Axsome Therapeutics, Inc. - Common Stock",SD,SD,00/00/0000,SD,SD,9999
471,1,AXTI,AXT Inc - Common Stock,SD,SD,00/00/0000,SD,SD,9999
472,1,AYTU,"Aytu BioPharma, Inc.  - Common Stock",SD,SD,00/00/0000,SD,SD,9999
473,1,AZ,A2Z Cust2Mate Solutions Corp. - Common Shares,SD,SD,00/00/0000,SD,SD,9999
474,1,AZI,Autozi Internet Technology (Global) Ltd. - Class A Ordinary Shares,SD,SD,00/00/0000,SD,SD,9999
475,1,AZN,AstraZeneca PLC - American Depositary Shares,SD,SD,00/00/0000,SD,SD,9999
476,1,AZTA,"Azenta, Inc. - Common Stock",SD,SD,00/00/0000,SD,SD,9999
477,1,AZYY,GraniteShares YieldBoost AMZN ETF,SD,SD,00/00/0000,SD,SD,9999
478,1,BABX,GraniteShares 2x Long BABA Daily ETF,SD,SD,00/00/0000,SD,SD,9999
479,1,BACC,Blue Acquisition Corp. - Class A Ordinary Shares,SD,SD,00/00/0000,SD,SD,9999
480,1,BACCR,Blue Acquisition Corp. - Right,SD,SD,00/00/0000,SD,SD,9999
481,1,BACCU,Blue Acquisition Corp. - Unit,SD,SD,00/00/0000,SD,SD,9999
482,1,BACQ,Bleichroeder Acquisition Corp. I - Class A Ordinary Shares,SD,SD,00/00/0000,SD,SD,9999
483,1,BACQR,Bleichroeder Acquisition Corp. I - Right,SD,SD,00/00/0000,SD,SD,9999
484,1,BACQU,Bleichroeder Acquisition Corp. I - Unit,SD,SD,00/00/0000,SD,SD,9999
485,1,BAER,"Bridger Aerospace Group Holdings, Inc. - Common Stock",SD,SD,00/00/0000,SD,SD,9999
486,1,BAERW,"Bridger Aerospace Group Holdings, Inc. - Warrant",SD,SD,00/00/0000,SD,SD,9999
487,1,BAFE,Brown Advisory Flexible Equity ETF,SD,SD,00/00/0000,SD,SD,9999
488,1,BAFN,BayFirst Financial Corp. - Common Stock,SD,SD,00/00/0000,SD,SD,9999
489,1,BAIG,Leverage Shares 2X Long BBAI Daily ETF,SD,SD,00/00/0000,SD,SD,9999
490,1,BAND,Bandwidth Inc. - Class A Common Stock,SD,SD,00/00/0000,SD,SD,9999
491,1,BANF,BancFirst Corporation - Common Stock,SD,SD,00/00/0000,SD,SD,9999
492,1,BANFP,BancFirst Corporation - 7.2% Cumulative Trust Preferred Securities,SD,SD,00/00/0000,SD,SD,9999
493,1,BANL,CBL International Limited - Ordinary Shares,SD,SD,00/00/0000,SD,SD,9999
494,1,BANR,Banner Corporation - Common Stock,SD,SD,00/00/0000,SD,SD,9999
495,1,BANX,ArrowMark Financial Corp. - Closed End Fund,SD,SD,00/00/0000,SD,SD,9999
496,1,BAOS,Baosheng Media Group Holdings Limited - Ordinary shares,SD,SD,00/00/0000,SD,SD,9999
497,1,BASG,Brown Advisory Sustainable Growth ETF,SD,SD,00/00/0000,SD,SD,9999
498,1,BASV,Brown Advisory Sustainable Value ETF,SD,SD,00/00/0000,SD,SD,9999
499,1,BATRA,"Atlanta Braves Holdings, Inc. - Series A Common Stock",SD,SD,00/00/0000,SD,SD,9999
500,1,BATRK,"Atlanta Braves Holdings, Inc. - Series C Common Stock",SD,SD,00/00/0000,SD,SD,9999
501,1,BAYA,Bayview Acquisition Corp - Ordinary Share,SD,SD,00/00/0000,SD,SD,9999
502,1,BAYAR,Bayview Acquisition Corp - Right,SD,SD,00/00/0000,SD,SD,9999
503,1,BAYAU,Bayview Acquisition Corp - Unit,SD,SD,00/00/0000,SD,SD,9999
504,1,BBB,CYBER HORNET S&P 500 and Bitcoin 75/25 Strategy ETF,SD,SD,00/00/0000,SD,SD,9999
505,1,BBCP,"Concrete Pumping Holdings, Inc.  - Common Stock",SD,SD,00/00/0000,SD,SD,9999
506,1,BBGI,"Beasley Broadcast Group, Inc. - Class A Common Stock",SD,SD,00/00/0000,SD,SD,9999
507,1,BBH,VanEck Biotech ETF,SD,SD,00/00/0000,SD,SD,9999
508,1,BBIO,"BridgeBio Pharma, Inc. - Common Stock",SD,SD,00/00/0000,SD,SD,9999
509,1,BBLG,Bone Biologics Corp - Common Stock,SD,SD,00/00/0000,SD,SD,9999
510,1,BBLGW,Bone Biologics Corp - warrants,SD,SD,00/00/0000,SD,SD,9999
511,1,BBNX,"Beta Bionics, Inc. - Common Stock",SD,SD,00/00/0000,SD,SD,9999
512,1,BBOT,"BridgeBio Oncology Therapeutics, Inc. - Common Stock",SD,SD,00/00/0000,SD,SD,9999
513,1,BBSI,"Barrett Business Services, Inc. - Common Stock",SD,SD,00/00/0000,SD,SD,9999
514,1,BBYY,GraniteShares YieldBOOST BABA ETF,SD,SD,00/00/0000,SD,SD,9999
515,1,BCAB,"BioAtla, Inc. - Common Stock",SD,SD,00/00/0000,SD,SD,9999
516,1,BCAL,California BanCorp - Common Stock,SD,SD,00/00/0000,SD,SD,9999
517,1,BCAR,D. Boral ARC Acquisition I Corp. - Class A Ordinary Shares,SD,SD,00/00/0000,SD,SD,9999
518,1,BCARU,D. Boral ARC Acquisition I Corp. - Units,SD,SD,00/00/0000,SD,SD,9999
519,1,BCARW,D. Boral ARC Acquisition I Corp. - Warrant,SD,SD,00/00/0000,SD,SD,9999
520,1,BCAX,Bicara Therapeutics Inc. - Common Stock,SD,SD,00/00/0000,SD,SD,9999
521,1,BCBP,"BCB Bancorp, Inc. (NJ) - Common Stock",SD,SD,00/00/0000,SD,SD,9999
522,1,BCDA,"BioCardia, Inc. - Common Stock",SD,SD,00/00/0000,SD,SD,9999
523,1,BCG,"Binah Capital Group, Inc. - Common Stock",SD,SD,00/00/0000,SD,SD,9999
524,1,BCGWW,"Binah Capital Group, Inc. - Warrants",SD,SD,00/00/0000,SD,SD,9999
525,1,BCIC,BCP Investment Corporation - Closed End Fund,SD,SD,00/00/0000,SD,SD,9999
526,1,BCLO,iShares BBB-B CLO Active ETF,SD,SD,00/00/0000,SD,SD,9999
527,1,BCML,BayCom Corp - Common Stock,SD,SD,00/00/0000,SD,SD,9999
528,1,BCPC,Balchem Corporation - Common Stock,SD,SD,00/00/0000,SD,SD,9999
529,1,BCRX,"BioCryst Pharmaceuticals, Inc. - Common Stock",SD,SD,00/00/0000,SD,SD,9999
530,1,BCTX,BriaCell Therapeutics Corp. - Common Shares,SD,SD,00/00/0000,SD,SD,9999
531,1,BCTXW,BriaCell Therapeutics Corp. - Warrant,SD,SD,00/00/0000,SD,SD,9999
532,1,BCTXZ,BriaCell Therapeutics Corp. - Warrant,SD,SD,00/00/0000,SD,SD,9999
533,1,BCYC,Bicycle Therapeutics plc - American Depositary Shares,SD,SD,00/00/0000,SD,SD,9999
534,1,BDCI,BTC Development Corp. - Class A Ordinary Shares,SD,SD,00/00/0000,SD,SD,9999
535,1,BDCIU,BTC Development Corp. - Unit,SD,SD,00/00/0000,SD,SD,9999
536,1,BDCIW,BTC Development Corp. - Warrant,SD,SD,00/00/0000,SD,SD,9999
537,1,BDGS,Bridges Capital Tactical ETF,SD,SD,00/00/0000,SD,SD,9999
538,1,BDMD,Baird Medical Investment Holdings Ltd - Ordinary Share,SD,SD,00/00/0000,SD,SD,9999
539,1,BDMDW,Baird Medical Investment Holdings Ltd - Warrant,SD,SD,00/00/0000,SD,SD,9999
540,1,BDRX,Biodexa Pharmaceuticals plc - American Depositary Shares,SD,SD,00/00/0000,SD,SD,9999
541,1,BDSX,"Biodesix, Inc. - Common Stock",SD,SD,00/00/0000,SD,SD,9999
542,1,BDTX,"Black Diamond Therapeutics, Inc. - Common Stock",SD,SD,00/00/0000,SD,SD,9999
543,1,BDVL,iShares Disciplined Volatility Equity Active ETF,SD,SD,00/00/0000,SD,SD,9999
544,1,BDYN,iShares Dynamic Equity Active ETF,SD,SD,00/00/0000,SD,SD,9999
545,1,BEAG,Bold Eagle Acquisition Corp. - Class A Ordinary Shares,SD,SD,00/00/0000,SD,SD,9999
546,1,BEAGR,Bold Eagle Acquisition Corp. - Right,SD,SD,00/00/0000,SD,SD,9999
547,1,BEAGU,Bold Eagle Acquisition Corp. - Units,SD,SD,00/00/0000,SD,SD,9999
548,1,BEAM,Beam Therapeutics Inc. - Common Stock,SD,SD,00/00/0000,SD,SD,9999
549,1,BEAT,"Heartbeam, Inc. - Common Stock",SD,SD,00/00/0000,SD,SD,9999
550,1,BEATW,"Heartbeam, Inc. - Warrant",SD,SD,00/00/0000,SD,SD,9999
551,1,BEEM,Beam Global - Common Stock,SD,SD,00/00/0000,SD,SD,9999
552,1,BEEP,Mobile Infrastructure Corporation - Common Stock,SD,SD,00/00/0000,SD,SD,9999
553,1,BEEX,The Beehive ETF,SD,SD,00/00/0000,SD,SD,9999
554,1,BEEZ,Honeytree U.S. Equity ETF,SD,SD,00/00/0000,SD,SD,9999
555,1,BELFA,Bel Fuse Inc. - Class A Common Stock,SD,SD,00/00/0000,SD,SD,9999
556,1,BELFB,Bel Fuse Inc. - Class B Common Stock,SD,SD,00/00/0000,SD,SD,9999
557,1,BELT,iShares U.S. Select Equity Active ETF,SD,SD,00/00/0000,SD,SD,9999
558,1,BENF,Beneficient - Class A Common Stock,SD,SD,00/00/0000,SD,SD,9999
559,1,BENFW,Beneficient - Warrant,SD,SD,00/00/0000,SD,SD,9999
560,1,BETR,Better Home & Finance Holding Company - Class A Common Stock,SD,SD,00/00/0000,SD,SD,9999
561,1,BETRW,Better Home & Finance Holding Company - Warrant,SD,SD,00/00/0000,SD,SD,9999
562,1,BFC,Bank First Corporation - Common Stock,SD,SD,00/00/0000,SD,SD,9999
563,1,BFIN,BankFinancial Corporation - Common Stock,SD,SD,00/00/0000,SD,SD,9999
564,1,BFRG,"Bullfrog AI Holdings, Inc. - Common Stock",SD,SD,00/00/0000,SD,SD,9999
565,1,BFRGW,"Bullfrog AI Holdings, Inc. - Warrants",SD,SD,00/00/0000,SD,SD,9999
566,1,BFRI,Biofrontera Inc. - Common Stock,SD,SD,00/00/0000,SD,SD,9999
567,1,BFRIW,Biofrontera Inc. - Warrants,SD,SD,00/00/0000,SD,SD,9999
568,1,BFST,"Business First Bancshares, Inc. - Common Stock",SD,SD,00/00/0000,SD,SD,9999
569,1,BGC,"BGC Group, Inc. - Class A Common Stock",SD,SD,00/00/0000,SD,SD,9999
570,1,BGIN,Bgin Blockchain Limited - Class A Ordinary Shares,SD,SD,00/00/0000,SD,SD,9999
571,1,BGL,Blue Gold Limited - Class A ordinary shares,SD,SD,00/00/0000,SD,SD,9999
572,1,BGLC,BioNexus Gene Lab Corp - Common stock,SD,SD,00/00/0000,SD,SD,9999
573,1,BGLWW,Blue Gold Limited - Warrant,SD,SD,00/00/0000,SD,SD,9999
574,1,BGM,BGM Group Ltd. - Class A Ordinary Shares,SD,SD,00/00/0000,SD,SD,9999
575,1,BGMS,"Bio Green Med Solution, Inc. - Common Stock",SD,SD,00/00/0000,SD,SD,9999
576,1,BGMSP,"Bio Green Med Solution, Inc. - 6% Convertible Preferred Stock",SD,SD,00/00/0000,SD,SD,9999
577,1,BGRN,iShares USD Green Bond ETF,SD,SD,00/00/0000,SD,SD,9999
578,1,BGRO,iShares Large Cap Growth Active ETF,SD,SD,00/00/0000,SD,SD,9999
579,1,BHAT,Blue Hat Interactive Entertainment Technology - Ordinary Shares,SD,SD,00/00/0000,SD,SD,9999
580,1,BHF,"Brighthouse Financial, Inc. - Common Stock",SD,SD,00/00/0000,SD,SD,9999
581,1,BHFAL,"Brighthouse Financial, Inc. - Junior Subordinated Debentures due 2058",SD,SD,00/00/0000,SD,SD,9999
582,1,BHFAM,"Brighthouse Financial, Inc. - Depositary shares each representing a 1/1,000th Interest in a Share of 4.625% Non-Cumulative Preferred Stock, Series D",SD,SD,00/00/0000,SD,SD,9999
583,1,BHFAN,"Brighthouse Financial, Inc. - depositary shares, each representing a 1/1,000th interest in a share of 5.375% Non-Cumulative Preferred Stock, Series C",SD,SD,00/00/0000,SD,SD,9999
584,1,BHFAO,"Brighthouse Financial, Inc. - Depositary Shares, each representing a 1/1,000th interest in a share of 6.750% Non-Cumulative Preferred Stock, Series B",SD,SD,00/00/0000,SD,SD,9999
585,1,BHFAP,"Brighthouse Financial, Inc. - Depositary Shares 6.6% Non-Cumulative Preferred Stock, Series A",SD,SD,00/00/0000,SD,SD,9999
586,1,BHRB,Burke & Herbert Financial Services Corp. - Common Stock,SD,SD,00/00/0000,SD,SD,9999
587,1,BHST,BioHarvest Sciences Inc. - Common Stock,SD,SD,00/00/0000,SD,SD,9999
588,1,BIAF,"bioAffinity Technologies, Inc. - Common Stock",SD,SD,00/00/0000,SD,SD,9999
589,1,BIAFW,"bioAffinity Technologies, Inc. - Warrant",SD,SD,00/00/0000,SD,SD,9999
590,1,BIB,ProShares Ultra Nasdaq Biotechnology,SD,SD,00/00/0000,SD,SD,9999
591,1,BIDU,"Baidu, Inc. - American Depositary Shares, each representing 8 ordinary share",SD,SD,00/00/0000,SD,SD,9999
592,1,BIIB,Biogen Inc. - Common Stock,SD,SD,00/00/0000,SD,SD,9999
593,1,BILI,Bilibili Inc. - American Depositary Shares,SD,SD,00/00/0000,SD,SD,9999
594,1,BIOA,"BioAge Labs, Inc. - Common Stock",SD,SD,00/00/0000,SD,SD,9999
595,1,BIOX,Bioceres Crop Solutions Corp. - Ordinary Shares,SD,SD,00/00/0000,SD,SD,9999
596,1,BIRD,"Allbirds, Inc. - Class A Common Stock",SD,SD,00/00/0000,SD,SD,9999
597,1,BIS,ProShares UltraShort Nasdaq Biotechnology,SD,SD,00/00/0000,SD,SD,9999
598,1,BITF,Bitfarms Ltd. - Common Stock,SD,SD,00/00/0000,SD,SD,9999
599,1,BITS,Global X Blockchain & Bitcoin Strategy ETF,SD,SD,00/00/0000,SD,SD,9999
600,1,BIVI,BioVie Inc. - Common stock,SD,SD,00/00/0000,SD,SD,9999
601,1,BIVIW,BioVie Inc. - Warrant,SD,SD,00/00/0000,SD,SD,9999
602,1,BIYA,Baiya International Group Inc.  - Ordinary Shares,SD,SD,00/00/0000,SD,SD,9999
603,1,BJDX,"Bluejay Diagnostics, Inc. - Common Stock",SD,SD,00/00/0000,SD,SD,9999
604,1,BJK,VanEck Gaming ETF,SD,SD,00/00/0000,SD,SD,9999
605,1,BJRI,"BJ's Restaurants, Inc. - Common Stock",SD,SD,00/00/0000,SD,SD,9999
606,1,BKCH,Global X Blockchain ETF,SD,SD,00/00/0000,SD,SD,9999
607,1,BKHA,Black Hawk Acquisition Corporation - Class A Ordinary Shares,SD,SD,00/00/0000,SD,SD,9999
608,1,BKHAR,Black Hawk Acquisition Corporation - Rights,SD,SD,00/00/0000,SD,SD,9999
609,1,BKHAU,Black Hawk Acquisition Corporation - Units,SD,SD,00/00/0000,SD,SD,9999
610,1,BKNG,Booking Holdings Inc. - Common Stock,SD,SD,00/00/0000,SD,SD,9999
611,1,BKR,Baker Hughes Company - Common Stock,SD,SD,00/00/0000,SD,SD,9999
612,1,BKYI,"BIO-key International, Inc. - Common Stock",SD,SD,00/00/0000,SD,SD,9999
613,1,BL,"BlackLine, Inc. - Common Stock",SD,SD,00/00/0000,SD,SD,9999
614,1,BLBD,Blue Bird Corporation - Common Stock,SD,SD,00/00/0000,SD,SD,9999
615,1,BLBX,Blackboxstocks Inc. - Common Stock,SD,SD,00/00/0000,SD,SD,9999
616,1,BLCN,Siren Nasdaq NexGen Economy ETF,SD,SD,00/00/0000,SD,SD,9999
617,1,BLCR,iShares Large Cap Core Active ETF,SD,SD,00/00/0000,SD,SD,9999
618,1,BLDP,"Ballard Power Systems, Inc. - Common Shares",SD,SD,00/00/0000,SD,SD,9999
619,1,BLFS,"BioLife Solutions, Inc. - Common Stock",SD,SD,00/00/0000,SD,SD,9999
620,1,BLFY,Blue Foundry Bancorp - Common Stock,SD,SD,00/00/0000,SD,SD,9999
621,1,BLIN,"Bridgeline Digital, Inc. - Common Stock",SD,SD,00/00/0000,SD,SD,9999
622,1,BLIV,BeLive Holdings - ordinary shares,SD,SD,00/00/0000,SD,SD,9999
623,1,BLKB,"Blackbaud, Inc. - Common Stock",SD,SD,00/00/0000,SD,SD,9999
624,1,BLMN,"Bloomin' Brands, Inc. - Common Stock",SD,SD,00/00/0000,SD,SD,9999
625,1,BLMZ,Harrison Global Holdings Inc. - Ordinary Shares,SD,SD,00/00/0000,SD,SD,9999
626,1,BLNE,"Beeline Holdings, Inc. - Common Stock",SD,SD,00/00/0000,SD,SD,9999
627,1,BLNK,Blink Charging Co. - Common Stock,SD,SD,00/00/0000,SD,SD,9999
628,1,BLRX,BioLineRx Ltd. - American Depositary Shares,SD,SD,00/00/0000,SD,SD,9999
629,1,BLTE,"Belite Bio, Inc - American Depositary Shares",SD,SD,00/00/0000,SD,SD,9999
630,1,BLUW,Blue Water Acquisition Corp. III - Class A Ordinary Shares,SD,SD,00/00/0000,SD,SD,9999
631,1,BLUWU,Blue Water Acquisition Corp. III - Unit.,SD,SD,00/00/0000,SD,SD,9999
632,1,BLUWW,Blue Water Acquisition Corp. III - Warrant.,SD,SD,00/00/0000,SD,SD,9999
633,1,BLZE,"Backblaze, Inc. - Common Stock",SD,SD,00/00/0000,SD,SD,9999
634,1,BLZRU,Trailblazer Acquisition Corp. - Unit,SD,SD,00/00/0000,SD,SD,9999
635,1,BMAX,REX Bitcoin Corporate Treasury Convertible Bond ETF,SD,SD,00/00/0000,SD,SD,9999
636,1,BMBL,Bumble Inc. - common stock,SD,SD,00/00/0000,SD,SD,9999
637,1,BMDL,VictoryShares WestEnd Economic Cycle Bond ETF,SD,SD,00/00/0000,SD,SD,9999
638,1,BMEA,"Biomea Fusion, Inc. - Common Stock",SD,SD,00/00/0000,SD,SD,9999
639,1,BMGL,Basel Medical Group Ltd - ordinary shares,SD,SD,00/00/0000,SD,SD,9999
640,1,BMHL,Bluemount Holdings Limited - Class B Ordinary Shares,SD,SD,00/00/0000,SD,SD,9999
641,1,BMR,Beamr Imaging Ltd. - Ordinary Share,SD,SD,00/00/0000,SD,SD,9999
642,1,BMRA,"Biomerica, Inc. - Common Stock",SD,SD,00/00/0000,SD,SD,9999
643,1,BMRC,Bank of Marin Bancorp - Common Stock,SD,SD,00/00/0000,SD,SD,9999
644,1,BMRN,BioMarin Pharmaceutical Inc. - Common Stock,SD,SD,00/00/0000,SD,SD,9999
645,1,BNAI,Brand Engagement Network Inc. - Common Stock,SD,SD,00/00/0000,SD,SD,9999
646,1,BNAIW,Brand Engagement Network Inc. - Warrant,SD,SD,00/00/0000,SD,SD,9999
647,1,BNBX,"Applied DNA Sciences, Inc. - Common Stock",SD,SD,00/00/0000,SD,SD,9999
648,1,BNC,CEA Industries Inc. - Common Stock,SD,SD,00/00/0000,SD,SD,9999
649,1,BNCWW,CEA Industries Inc. - Warrant,SD,SD,00/00/0000,SD,SD,9999
650,1,BND,Vanguard Total Bond Market ETF,SD,SD,00/00/0000,SD,SD,9999
651,1,BNDW,Vanguard Total World Bond ETF,SD,SD,00/00/0000,SD,SD,9999
652,1,BNDX,Vanguard Total International Bond ETF,SD,SD,00/00/0000,SD,SD,9999
653,1,BNGO,"Bionano Genomics, Inc. - Common Stock",SD,SD,00/00/0000,SD,SD,9999
654,1,BNKK,"Bonk, Inc. - Common Stock",SD,SD,00/00/0000,SD,SD,9999
655,1,BNKKW,"Bonk, Inc. - Warrant",SD,SD,00/00/0000,SD,SD,9999
656,1,BNR,Burning Rock Biotech Limited - American Depositary Shares,SD,SD,00/00/0000,SD,SD,9999
657,1,BNRG,Brenmiller Energy Ltd - Ordinary Shares,SD,SD,00/00/0000,SD,SD,9999
658,1,BNTC,Benitec Biopharma Inc. - Common Stock,SD,SD,00/00/0000,SD,SD,9999
659,1,BNTX,BioNTech SE - American Depositary Shares,SD,SD,00/00/0000,SD,SD,9999
660,1,BNZI,"Banzai International, Inc. - Class A Common Stock",SD,SD,00/00/0000,SD,SD,9999
661,1,BNZIW,"Banzai International, Inc. - Warrant",SD,SD,00/00/0000,SD,SD,9999
662,1,BODI,"The Beachbody Company, Inc. - Class A Common Stock",SD,SD,00/00/0000,SD,SD,9999
663,1,BOED,Direxion Daily BA Bear 1X Shares,SD,SD,00/00/0000,SD,SD,9999
664,1,BOEG,Leverage Shares 2X Long BA Daily ETF,SD,SD,00/00/0000,SD,SD,9999
665,1,BOEU,Direxion Daily BA Bull 2X Shares,SD,SD,00/00/0000,SD,SD,9999
666,1,BOF,BranchOut Food Inc. - Common Stock,SD,SD,00/00/0000,SD,SD,9999
667,1,BOKF,BOK Financial Corporation - Common Stock,SD,SD,00/00/0000,SD,SD,9999
668,1,BOLD,"Boundless Bio, Inc. - Common Stock",SD,SD,00/00/0000,SD,SD,9999
669,1,BOLT,"Bolt Biotherapeutics, Inc. - Common Stock",SD,SD,00/00/0000,SD,SD,9999
670,1,BON,Bon Natural Life Limited - Class A Ordinary Shares,SD,SD,00/00/0000,SD,SD,9999
671,1,BOOM,DMC Global Inc. - Common Stock,SD,SD,00/00/0000,SD,SD,9999
672,1,BOSC,B.O.S. Better Online Solutions - Ordinary Shares,SD,SD,00/00/0000,SD,SD,9999
673,1,BOTJ,"Bank of the James Financial Group, Inc. - Common Stock",SD,SD,00/00/0000,SD,SD,9999
674,1,BOTT,Themes Humanoid Robotics ETF,SD,SD,00/00/0000,SD,SD,9999
675,1,BOTZ,Global X Robotics & Artificial Intelligence ETF,SD,SD,00/00/0000,SD,SD,9999
676,1,BOWN,Bowen Acquisition Corp - Ordinary Shares,SD,SD,00/00/0000,SD,SD,9999
677,1,BOWNR,Bowen Acquisition Corp - Rights,SD,SD,00/00/0000,SD,SD,9999
678,1,BOWNU,Bowen Acquisition Corp - Unit,SD,SD,00/00/0000,SD,SD,9999
679,1,BOXL,Boxlight Corporation - Class A Common Stock,SD,SD,00/00/0000,SD,SD,9999
680,1,BPOP,"Popular, Inc. - Common Stock",SD,SD,00/00/0000,SD,SD,9999
681,1,BPOPM,"Popular, Inc. - Popular Capital Trust II - 6.125% Cumulative Monthly Income Trust Preferred Securities",SD,SD,00/00/0000,SD,SD,9999
682,1,BPRN,"Princeton Bancorp, Inc. - Common Stock",SD,SD,00/00/0000,SD,SD,9999
683,1,BPYPM,"Brookfield Property Partners L.P. - 6.25% Class A Cumulative Redeemable Preferred Units, Series 1",SD,SD,00/00/0000,SD,SD,9999
684,1,BPYPN,"Brookfield Property Partners L.P. - 5.750% Class A Cumulative Redeemable Perpetual Preferred Units, Series 3",SD,SD,00/00/0000,SD,SD,9999
685,1,BPYPO,"Brookfield Property Partners L.P. - 6.375% Class A Cumulative Redeemable Perpetual Preferred Units, Series 2",SD,SD,00/00/0000,SD,SD,9999
686,1,BPYPP,Brookfield Property Partners L.P. - 6.50% Class A Cumulative Redeemable Perpetual Preferred Units,SD,SD,00/00/0000,SD,SD,9999
687,1,BRAG,Bragg Gaming Group Inc. - Common Shares,SD,SD,00/00/0000,SD,SD,9999
688,1,BRBI,BRBI BR Partners S.A. - ADSs,SD,SD,00/00/0000,SD,SD,9999
689,1,BRCB,"Black Rock Coffee Bar, Inc. - Class A Common Stock",SD,SD,00/00/0000,SD,SD,9999
690,1,BREM,iShares Emerging Markets Bond Active ETF,SD,SD,00/00/0000,SD,SD,9999
691,1,BRFH,Barfresh Food Group Inc. - Common Stock,SD,SD,00/00/0000,SD,SD,9999
692,1,BRHY,iShares High Yield Active ETF,SD,SD,00/00/0000,SD,SD,9999
693,1,BRID,Bridgford Foods Corporation - Common Stock,SD,SD,00/00/0000,SD,SD,9999
694,1,BRKD,Direxion Daily BRKB Bear 1X Shares,SD,SD,00/00/0000,SD,SD,9999
695,1,BRKR,Bruker Corporation - Common Stock,SD,SD,00/00/0000,SD,SD,9999
696,1,BRKRP,"Bruker Corporation - 6.375% Mandatory Convertible Preferred Stock, Series A",SD,SD,00/00/0000,SD,SD,9999
697,1,BRKU,Direxion Daily BRKB Bull 2X Shares,SD,SD,00/00/0000,SD,SD,9999
698,1,BRLS,Borealis Foods Inc. - Class A Common Shares,SD,SD,00/00/0000,SD,SD,9999
699,1,BRLSW,Borealis Foods Inc. - Warrant,SD,SD,00/00/0000,SD,SD,9999
700,1,BRLT,"Brilliant Earth Group, Inc. - Class A Common Stock",SD,SD,00/00/0000,SD,SD,9999
701,1,BRNS,Barinthus Biotherapeutics plc - American Depositary Shares,SD,SD,00/00/0000,SD,SD,9999
702,1,BRNY,Burney U.S. Factor Rotation ETF,SD,SD,00/00/0000,SD,SD,9999
703,1,BRR,Columbus Circle Capital Corp I - Class A Ordinary Shares,SD,SD,00/00/0000,SD,SD,9999
704,1,BRRR,Coinshares Bitcoin ETF,SD,SD,00/00/0000,SD,SD,9999
705,1,BRRWU,Columbus Circle Capital Corp I - Units,SD,SD,00/00/0000,SD,SD,9999
706,1,BRRWW,Columbus Circle Capital Corp I - Warrant.,SD,SD,00/00/0000,SD,SD,9999
707,1,BRTR,iShares Total Return Active ETF,SD,SD,00/00/0000,SD,SD,9999
708,1,BRTX,"BioRestorative Therapies, Inc. - Common Stock",SD,SD,00/00/0000,SD,SD,9999
709,1,BRY,Berry Corporation (bry) - Common Stock,SD,SD,00/00/0000,SD,SD,9999
710,1,BRZE,"Braze, Inc. - Class A Common Stock",SD,SD,00/00/0000,SD,SD,9999
711,1,BSAA,BEST SPAC I Acquisition Corp. - Class A Ordinary Shares,SD,SD,00/00/0000,SD,SD,9999
712,1,BSAAR,BEST SPAC I Acquisition Corp. - Rights,SD,SD,00/00/0000,SD,SD,9999
713,1,BSAAU,BEST SPAC I Acquisition Corp. - Unit,SD,SD,00/00/0000,SD,SD,9999
714,1,BSBK,Bogota Financial Corp. - Common Stock,SD,SD,00/00/0000,SD,SD,9999
715,1,BSCP,Invesco BulletShares 2025 Corporate Bond ETF,SD,SD,00/00/0000,SD,SD,9999
716,1,BSCQ,Invesco BulletShares 2026 Corporate Bond ETF,SD,SD,00/00/0000,SD,SD,9999
717,1,BSCR,Invesco BulletShares 2027 Corporate Bond ETF,SD,SD,00/00/0000,SD,SD,9999
718,1,BSCS,Invesco BulletShares 2028 Corporate Bond ETF,SD,SD,00/00/0000,SD,SD,9999
719,1,BSCT,Invesco BulletShares 2029 Corporate Bond ETF,SD,SD,00/00/0000,SD,SD,9999
720,1,BSCU,Invesco BulletShares 2030 Corporate Bond ETF,SD,SD,00/00/0000,SD,SD,9999
721,1,BSCV,Invesco BulletShares 2031 Corporate Bond ETF,SD,SD,00/00/0000,SD,SD,9999
722,1,BSCW,Invesco BulletShares 2032 Corporate Bond ETF,SD,SD,00/00/0000,SD,SD,9999
723,1,BSCX,Invesco BulletShares 2033 Corporate Bond ETF,SD,SD,00/00/0000,SD,SD,9999
724,1,BSCY,Invesco BulletShares 2034 Corporate Bond ETF,SD,SD,00/00/0000,SD,SD,9999
725,1,BSCZ,Invesco BulletShares 2035 Corporate Bond ETF,SD,SD,00/00/0000,SD,SD,9999
726,1,BSET,"Bassett Furniture Industries, Incorporated - Common Stock",SD,SD,00/00/0000,SD,SD,9999
727,1,BSJP,Invesco BulletShares 2025 High Yield Corporate Bond ETF,SD,SD,00/00/0000,SD,SD,9999
728,1,BSJQ,Invesco BulletShares 2026 High Yield Corporate Bond ETF,SD,SD,00/00/0000,SD,SD,9999
729,1,BSJR,Invesco BulletShares 2027 High Yield Corporate Bond ETF,SD,SD,00/00/0000,SD,SD,9999
730,1,BSJS,Invesco BulletShares 2028 High Yield Corporate Bond ETF,SD,SD,00/00/0000,SD,SD,9999
731,1,BSJT,Invesco BulletShares 2029 High Yield Corporate Bond ETF,SD,SD,00/00/0000,SD,SD,9999
732,1,BSJU,Invesco BulletShares 2030 High Yield Corporate Bond ETF,SD,SD,00/00/0000,SD,SD,9999
733,1,BSJV,Invesco BulletShares 2031 High Yield Corporate Bond ETF,SD,SD,00/00/0000,SD,SD,9999
734,1,BSJW,Invesco BulletShares 2032 High Yield Corporate Bond ETF,SD,SD,00/00/0000,SD,SD,9999
735,1,BSJX,Invesco BulletShares 2033 High Yield Corporate Bond ETF,SD,SD,00/00/0000,SD,SD,9999
736,1,BSLK,"Bolt Projects Holdings, Inc. - Common Stock",SD,SD,00/00/0000,SD,SD,9999
737,1,BSLKW,"Bolt Projects Holdings, Inc. - Warrant",SD,SD,00/00/0000,SD,SD,9999
738,1,BSMP,Invesco BulletShares 2025 Municipal Bond ETF,SD,SD,00/00/0000,SD,SD,9999
739,1,BSMQ,Invesco BulletShares 2026 Municipal Bond ETF,SD,SD,00/00/0000,SD,SD,9999
740,1,BSMR,Invesco BulletShares 2027 Municipal Bond ETF,SD,SD,00/00/0000,SD,SD,9999
741,1,BSMS,Invesco BulletShares 2028 Municipal Bond ETF,SD,SD,00/00/0000,SD,SD,9999
742,1,BSMT,Invesco BulletShares 2029 Municipal Bond ETF,SD,SD,00/00/0000,SD,SD,9999
743,1,BSMU,Invesco BulletShares 2030 Municipal Bond ETF,SD,SD,00/00/0000,SD,SD,9999
744,1,BSMV,Invesco BulletShares 2031 Municipal Bond ETF,SD,SD,00/00/0000,SD,SD,9999
745,1,BSMW,Invesco BulletShares 2032 Municipal Bond ETF,SD,SD,00/00/0000,SD,SD,9999
746,1,BSMY,Invesco BulletShares 2034 Municipal Bond ETF,SD,SD,00/00/0000,SD,SD,9999
747,1,BSMZ,Invesco BulletShares 2035 Municipal Bond ETF,SD,SD,00/00/0000,SD,SD,9999
748,1,BSRR,Sierra Bancorp - Common Stock,SD,SD,00/00/0000,SD,SD,9999
749,1,BSSX,Invesco BulletShares 2033 Municipal Bond ETF,SD,SD,00/00/0000,SD,SD,9999
750,1,BSVN,Bank7 Corp. - Common stock,SD,SD,00/00/0000,SD,SD,9999
751,1,BSVO,EA Bridgeway Omni Small-Cap Value ETF,SD,SD,00/00/0000,SD,SD,9999
752,1,BSY,"Bentley Systems, Incorporated - Class B Common Stock",SD,SD,00/00/0000,SD,SD,9999
753,1,BTAI,"BioXcel Therapeutics, Inc. - Common Stock",SD,SD,00/00/0000,SD,SD,9999
754,1,BTBD,"BT Brands, Inc. - Common Stock",SD,SD,00/00/0000,SD,SD,9999
755,1,BTBDW,"BT Brands, Inc. - Warrant",SD,SD,00/00/0000,SD,SD,9999
756,1,BTBT,"Bit Digital, Inc. - Ordinary Share",SD,SD,00/00/0000,SD,SD,9999
757,1,BTCS,BTCS Inc. - Common Stock,SD,SD,00/00/0000,SD,SD,9999
758,1,BTCT,BTC Digital Ltd. - Ordinary Shares,SD,SD,00/00/0000,SD,SD,9999
759,1,BTDR,Bitdeer Technologies Group - Ordinary Shares,SD,SD,00/00/0000,SD,SD,9999
760,1,BTF,CoinShares Bitcoin and Ether ETF,SD,SD,00/00/0000,SD,SD,9999
761,1,BTFX,CoinShares Bitcoin Leverage ETF,SD,SD,00/00/0000,SD,SD,9999
762,1,BTGD,STKd 100% Bitcoin & 100% Gold ETF,SD,SD,00/00/0000,SD,SD,9999
763,1,BTM,Bitcoin Depot Inc. - Class A Common Stock,SD,SD,00/00/0000,SD,SD,9999
764,1,BTMD,Biote Corp. - Class A common stock,SD,SD,00/00/0000,SD,SD,9999
765,1,BTMWW,Bitcoin Depot Inc. - Warrant,SD,SD,00/00/0000,SD,SD,9999
766,1,BTOC,Armlogi Holding Corp. - common stock,SD,SD,00/00/0000,SD,SD,9999
767,1,BTOG,Bit Origin Limited - Class A Ordinary Shares,SD,SD,00/00/0000,SD,SD,9999
768,1,BTQ,BTQ Technologies Corp. - Common Stock,SD,SD,00/00/0000,SD,SD,9999
769,1,BTSG,"BrightSpring Health Services, Inc. - Common Stock",SD,SD,00/00/0000,SD,SD,9999
770,1,BTSGU,"BrightSpring Health Services, Inc. - Tangible Equity Unit",SD,SD,00/00/0000,SD,SD,9999
771,1,BTTC,Black Titan Corp - Ordinary Shares,SD,SD,00/00/0000,SD,SD,9999
772,1,BUFC,AB Conservative Buffer ETF,SD,SD,00/00/0000,SD,SD,9999
773,1,BUFI,AB International Buffer ETF,SD,SD,00/00/0000,SD,SD,9999
774,1,BUFM,AB Moderate Buffer ETF,SD,SD,00/00/0000,SD,SD,9999
775,1,BUG,Global X Cybersecurity ETF,SD,SD,00/00/0000,SD,SD,9999
776,1,BULD,Pacer BlueStar Engineering the Future ETF,SD,SD,00/00/0000,SD,SD,9999
777,1,BULG,Leverage Shares 2X Long BULL Daily ETF,SD,SD,00/00/0000,SD,SD,9999
778,1,BULL,Webull Corporation - Class A Ordinary Shares,SD,SD,00/00/0000,SD,SD,9999
779,1,BULLW,Webull Corporation - Warrants,SD,SD,00/00/0000,SD,SD,9999
780,1,BULX,GraniteShares 2x Long BULL Daily ETF,SD,SD,00/00/0000,SD,SD,9999
781,1,BUSE,First Busey Corporation - Common Stock,SD,SD,00/00/0000,SD,SD,9999
782,1,BUSEP,"First Busey Corporation - Depositary Shares, Each Representing a 1/40th Interest in a Share of 8.25% Fixed-Rate Series B Non-Cumulative Perpetual Preferred Stock, $0.001 par value",SD,SD,00/00/0000,SD,SD,9999
783,1,BUUU,BUUU Group Limited - Class A Ordinary Share,SD,SD,00/00/0000,SD,SD,9999
784,1,BVFL,"BV Financial, Inc. - Common Stock",SD,SD,00/00/0000,SD,SD,9999
785,1,BVS,Bioventus Inc. - Class A Common Stock,SD,SD,00/00/0000,SD,SD,9999
786,1,BWAY,BrainsWay Ltd. - American Depositary Shares,SD,SD,00/00/0000,SD,SD,9999
787,1,BWB,"Bridgewater Bancshares, Inc. - Common Stock",SD,SD,00/00/0000,SD,SD,9999
788,1,BWBBP,"Bridgewater Bancshares, Inc. - Depositary Shares, Each Representing a 1/100th Interest in a Share of 5.875% Non-Cumulative Perpetual Preferred Stock, Series A",SD,SD,00/00/0000,SD,SD,9999
789,1,BWEN,"Broadwind, Inc. - Common Stock",SD,SD,00/00/0000,SD,SD,9999
790,1,BWFG,"Bankwell Financial Group, Inc. - Common Stock",SD,SD,00/00/0000,SD,SD,9999
791,1,BWIN,"The Baldwin Insurance Group, Inc. - Class A Common Stock",SD,SD,00/00/0000,SD,SD,9999
792,1,BWMN,Bowman Consulting Group Ltd. - Common Stock,SD,SD,00/00/0000,SD,SD,9999
793,1,BYFC,Broadway Financial Corporation - Class A Common Stock,SD,SD,00/00/0000,SD,SD,9999
794,1,BYND,"Beyond Meat, Inc. - Common stock",SD,SD,00/00/0000,SD,SD,9999
795,1,BYRN,"Byrna Technologies, Inc. - Common Stock",SD,SD,00/00/0000,SD,SD,9999
796,1,BYSI,"BeyondSpring, Inc. - Ordinary Shares",SD,SD,00/00/0000,SD,SD,9999
797,1,BZ,KANZHUN LIMITED - American Depository Shares,SD,SD,00/00/0000,SD,SD,9999
798,1,BZAI,"Blaize Holdings, Inc. - Common Stock",SD,SD,00/00/0000,SD,SD,9999
799,1,BZAIW,"Blaize Holdings, Inc. - Warrant",SD,SD,00/00/0000,SD,SD,9999
800,1,BZFD,"BuzzFeed, Inc. - Class A Common Stock",SD,SD,00/00/0000,SD,SD,9999
801,1,BZFDW,"BuzzFeed, Inc. - Warrant",SD,SD,00/00/0000,SD,SD,9999
802,1,BZUN,Baozun Inc. - American Depositary Shares,SD,SD,00/00/0000,SD,SD,9999
803,1,CA,Xtrackers California Municipal Bonds ETF,SD,SD,00/00/0000,SD,SD,9999
804,1,CAAS,"China Automotive Systems, Inc. - Ordinary Share",SD,SD,00/00/0000,SD,SD,9999
805,1,CABA,"Cabaletta Bio, Inc. - Common Stock",SD,SD,00/00/0000,SD,SD,9999
806,1,CAC,Camden National Corporation - Common Stock,SD,SD,00/00/0000,SD,SD,9999
807,1,CACC,Credit Acceptance Corporation - Common Stock,SD,SD,00/00/0000,SD,SD,9999
808,1,CADL,"Candel Therapeutics, Inc. - Common Stock",SD,SD,00/00/0000,SD,SD,9999
809,1,CAEP,"Cantor Equity Partners III, Inc. - Class A Ordinary Shares",SD,SD,00/00/0000,SD,SD,9999
810,1,CAFG,Pacer US Small Cap Cash Cows Growth Leaders ETF,SD,SD,00/00/0000,SD,SD,9999
811,1,CAI,"Caris Life Sciences, Inc. - Common Stock",SD,SD,00/00/0000,SD,SD,9999
812,1,CAKE,The Cheesecake Factory Incorporated - Common Stock,SD,SD,00/00/0000,SD,SD,9999
813,1,CALC,"CalciMedica, Inc. - Common Stock",SD,SD,00/00/0000,SD,SD,9999
814,1,CALI,iShares Short-Term California Muni Active ETF,SD,SD,00/00/0000,SD,SD,9999
815,1,CALM,"Cal-Maine Foods, Inc. - Common Stock",SD,SD,00/00/0000,SD,SD,9999
816,1,CAMP,CAMP4 Therapeutics Corporation - Common Stock,SD,SD,00/00/0000,SD,SD,9999
817,1,CAMT,Camtek Ltd. - Ordinary Shares,SD,SD,00/00/0000,SD,SD,9999
818,1,CAN,Canaan Inc. - American Depositary Shares,SD,SD,00/00/0000,SD,SD,9999
819,1,CANC,Tema Oncology ETF,SD,SD,00/00/0000,SD,SD,9999
820,1,CANQ,Calamos Nasdaq Equity & Income ETF,SD,SD,00/00/0000,SD,SD,9999
821,1,CAPN,Cayson Acquisition Corp - Ordinary Shares,SD,SD,00/00/0000,SD,SD,9999
822,1,CAPNR,Cayson Acquisition Corp - Right,SD,SD,00/00/0000,SD,SD,9999
823,1,CAPNU,Cayson Acquisition Corp - Units,SD,SD,00/00/0000,SD,SD,9999
824,1,CAPR,"Capricor Therapeutics, Inc. - Common Stock",SD,SD,00/00/0000,SD,SD,9999
825,1,CAPS,Capstone Holding Corp. - Common Stock,SD,SD,00/00/0000,SD,SD,9999
826,1,CAPT,Captivision Inc. - Ordinary Shares,SD,SD,00/00/0000,SD,SD,9999
827,1,CAPTW,Captivision Inc. - Warrant,SD,SD,00/00/0000,SD,SD,9999
828,1,CAR,"Avis Budget Group, Inc. - Common Stock",SD,SD,00/00/0000,SD,SD,9999
829,1,CARE,"Carter Bankshares, Inc. - Common Stock",SD,SD,00/00/0000,SD,SD,9999
830,1,CARG,"CarGurus, Inc. - Class A Common Stock",SD,SD,00/00/0000,SD,SD,9999
831,1,CARL,"Carlsmed, Inc. - Common Stock",SD,SD,00/00/0000,SD,SD,9999
832,1,CART,Maplebear Inc. - Common Stock,SD,SD,00/00/0000,SD,SD,9999
833,1,CARV,"Carver Bancorp, Inc. - Common Stock",SD,SD,00/00/0000,SD,SD,9999
834,1,CARY,Angel Oak Income ETF,SD,SD,00/00/0000,SD,SD,9999
835,1,CARZ,First Trust S-Network Future Vehicles & Technology ETF,SD,SD,00/00/0000,SD,SD,9999
836,1,CASH,"Pathward Financial, Inc. - Common Stock",SD,SD,00/00/0000,SD,SD,9999
837,1,CASI,"CASI Pharmaceuticals, Inc. - Ordinary Shares",SD,SD,00/00/0000,SD,SD,9999
838,1,CASS,"Cass Information Systems, Inc - Common Stock",SD,SD,00/00/0000,SD,SD,9999
839,1,CASY,"Caseys General Stores, Inc. - Common Stock",SD,SD,00/00/0000,SD,SD,9999
840,1,CATH,Global X S&P 500 Catholic Values ETF,SD,SD,00/00/0000,SD,SD,9999
841,1,CATY,Cathay General Bancorp - Common Stock,SD,SD,00/00/0000,SD,SD,9999
842,1,CBAT,"CBAK Energy Technology, Inc. - Common Stock",SD,SD,00/00/0000,SD,SD,9999
843,1,CBFV,"CB Financial Services, Inc. - Common Stock",SD,SD,00/00/0000,SD,SD,9999
844,1,CBIO,"Crescent Biopharma, Inc. - Common Stock",SD,SD,00/00/0000,SD,SD,9999
845,1,CBK,"Commercial Bancgroup, Inc. - Common Stock",SD,SD,00/00/0000,SD,SD,9999
846,1,CBLL,"CeriBell, Inc. - Common Stock",SD,SD,00/00/0000,SD,SD,9999
847,1,CBNK,"Capital Bancorp, Inc. - Common Stock",SD,SD,00/00/0000,SD,SD,9999
848,1,CBRL,"Cracker Barrel Old Country Store, Inc. - Common Stock",SD,SD,00/00/0000,SD,SD,9999
849,1,CBSH,"Commerce Bancshares, Inc. - Common Stock",SD,SD,00/00/0000,SD,SD,9999
850,1,CBUS,"Cibus, Inc. - Class A Common Stock",SD,SD,00/00/0000,SD,SD,9999
851,1,CCAP,"Crescent Capital BDC, Inc. - Common Stock",SD,SD,00/00/0000,SD,SD,9999
852,1,CCB,Coastal Financial Corporation - Common Stock,SD,SD,00/00/0000,SD,SD,9999
853,1,CCBG,Capital City Bank Group - Common Stock,SD,SD,00/00/0000,SD,SD,9999
854,1,CCCC,"C4 Therapeutics, Inc. - Common Stock",SD,SD,00/00/0000,SD,SD,9999
855,1,CCCS,CCC Intelligent Solutions Holdings Inc. - Common Stock,SD,SD,00/00/0000,SD,SD,9999
856,1,CCCX,Churchill Capital Corp X - Class A Ordinary Shares,SD,SD,00/00/0000,SD,SD,9999
857,1,CCCXU,Churchill Capital Corp X - Unit,SD,SD,00/00/0000,SD,SD,9999
858,1,CCCXW,Churchill Capital Corp X - Warrants,SD,SD,00/00/0000,SD,SD,9999
859,1,CCD,Calamos Dynamic Convertible & Income Fund - Closed End Fund,SD,SD,00/00/0000,SD,SD,9999
860,1,CCEC,Capital Clean Energy Carriers Corp. - Common Share,SD,SD,00/00/0000,SD,SD,9999
861,1,CCEP,Coca-Cola Europacific Partners plc - Ordinary Shares,SD,SD,00/00/0000,SD,SD,9999
862,1,CCFE,Concourse Capital Focused Equity ETF,SD,SD,00/00/0000,SD,SD,9999
863,1,CCG,Cheche Group Inc. - Class A Ordinary Shares,SD,SD,00/00/0000,SD,SD,9999
864,1,CCGWW,Cheche Group Inc. - Warrant,SD,SD,00/00/0000,SD,SD,9999
865,1,CCHH,CCH Holdings Ltd - Ordinary Shares,SD,SD,00/00/0000,SD,SD,9999
866,1,CCII,Cohen Circle Acquisition Corp. II - Class A Ordinary Shares,SD,SD,00/00/0000,SD,SD,9999
867,1,CCIIU,Cohen Circle Acquisition Corp. II - Unit,SD,SD,00/00/0000,SD,SD,9999
868,1,CCIIW,Cohen Circle Acquisition Corp. II - Warrant,SD,SD,00/00/0000,SD,SD,9999
869,1,CCIX,Churchill Capital Corp IX - Ordinary Shares,SD,SD,00/00/0000,SD,SD,9999
870,1,CCIXU,Churchill Capital Corp IX - Unit,SD,SD,00/00/0000,SD,SD,9999
871,1,CCIXW,Churchill Capital Corp IX - Warrant,SD,SD,00/00/0000,SD,SD,9999
872,1,CCLD,"CareCloud, Inc. - Common Stock",SD,SD,00/00/0000,SD,SD,9999
873,1,CCLDO,"CareCloud, Inc. - 8.75% Series B Cumulative Redeemable Perpetual Preferred Stock",SD,SD,00/00/0000,SD,SD,9999
874,1,CCNE,CNB Financial Corporation - Common Stock,SD,SD,00/00/0000,SD,SD,9999
875,1,CCNEP,"CNB Financial Corporation - Depositary shares, each representing a 1/40th ownership interest in a share of 7.125% Series A Fixed- Rate Non-Cumulative Perpetual Preferred Stock",SD,SD,00/00/0000,SD,SD,9999
876,1,CCNR,ALPS/CoreCommodity Natural Resources ETF,SD,SD,00/00/0000,SD,SD,9999
877,1,CCOI,"Cogent Communications Holdings, Inc. - Common Stock",SD,SD,00/00/0000,SD,SD,9999
878,1,CCRN,"Cross Country Healthcare, Inc. - Common Stock",SD,SD,00/00/0000,SD,SD,9999
879,1,CCSB,Carbon Collective Short Duration Green Bond ETF,SD,SD,00/00/0000,SD,SD,9999
880,1,CCSI,"Consensus Cloud Solutions, Inc. - Common Stock",SD,SD,00/00/0000,SD,SD,9999
881,1,CCSO,Carbon Collective Climate Solutions U.S. Equity ETF,SD,SD,00/00/0000,SD,SD,9999
882,1,CCTG,CCSC Technology International Holdings Limited - Class A Ordinary Shares,SD,SD,00/00/0000,SD,SD,9999
883,1,CDC,VictoryShares US EQ Income Enhanced Volatility Wtd ETF,SD,SD,00/00/0000,SD,SD,9999
884,1,CDIG,City Different Investments Global Equity ETF,SD,SD,00/00/0000,SD,SD,9999
885,1,CDIO,Cardio Diagnostics Holdings Inc. - Common stock,SD,SD,00/00/0000,SD,SD,9999
886,1,CDIOW,Cardio Diagnostics Holdings Inc. - Warrant,SD,SD,00/00/0000,SD,SD,9999
887,1,CDL,VictoryShares US Large Cap High Div Volatility Wtd ETF,SD,SD,00/00/0000,SD,SD,9999
888,1,CDLX,"Cardlytics, Inc. - Common Stock",SD,SD,00/00/0000,SD,SD,9999
889,1,CDNA,"CareDx, Inc. - Common Stock",SD,SD,00/00/0000,SD,SD,9999
890,1,CDNS,"Cadence Design Systems, Inc. - Common Stock",SD,SD,00/00/0000,SD,SD,9999
891,1,CDRO,"Codere Online Luxembourg, S.A. - Ordinary Shares",SD,SD,00/00/0000,SD,SD,9999
892,1,CDROW,"Codere Online Luxembourg, S.A. - Warrants",SD,SD,00/00/0000,SD,SD,9999
893,1,CDT,CDT Equity Inc. - Common Stock,SD,SD,00/00/0000,SD,SD,9999
894,1,CDTG,CDT Environmental Technology Investment Holdings Limited - ordinary shares,SD,SD,00/00/0000,SD,SD,9999
895,1,CDTTW,CDT Equity Inc. - Warrant,SD,SD,00/00/0000,SD,SD,9999
896,1,CDTX,"Cidara Therapeutics, Inc. - Common Stock",SD,SD,00/00/0000,SD,SD,9999
897,1,CDW,CDW Corporation - Common Stock,SD,SD,00/00/0000,SD,SD,9999
898,1,CDXS,"Codexis, Inc. - Common Stock",SD,SD,00/00/0000,SD,SD,9999
899,1,CDZI,"Cadiz, Inc. - Common Stock",SD,SD,00/00/0000,SD,SD,9999
900,1,CDZIP,"Cadiz, Inc. - Depositary Shares",SD,SD,00/00/0000,SD,SD,9999
901,1,CECO,CECO Environmental Corp. - Common Stock,SD,SD,00/00/0000,SD,SD,9999
902,1,CEFA,Global X S&P Catholic Values Developed ex-U.S. ETF,SD,SD,00/00/0000,SD,SD,9999
903,1,CEG,Constellation Energy Corporation - Common Stock,SD,SD,00/00/0000,SD,SD,9999
904,1,CELC,Celcuity Inc. - Common Stock,SD,SD,00/00/0000,SD,SD,9999
905,1,CELH,"Celsius Holdings, Inc. - Common Stock",SD,SD,00/00/0000,SD,SD,9999
906,1,CELU,Celularity Inc. - Class A Common Stock,SD,SD,00/00/0000,SD,SD,9999
907,1,CELUW,Celularity Inc. - Warrant,SD,SD,00/00/0000,SD,SD,9999
908,1,CELZ,"Creative Medical Technology Holdings, Inc. - Common Stock",SD,SD,00/00/0000,SD,SD,9999
909,1,CENN,Cenntro Inc. - Common Stock,SD,SD,00/00/0000,SD,SD,9999
910,1,CENT,Central Garden & Pet Company - Common Stock,SD,SD,00/00/0000,SD,SD,9999
911,1,CENTA,Central Garden & Pet Company - Class A Common Stock Nonvoting,SD,SD,00/00/0000,SD,SD,9999
912,1,CENX,Century Aluminum Company - Common Stock,SD,SD,00/00/0000,SD,SD,9999
913,1,CEP,"Cantor Equity Partners, Inc. - Class A ordinary shares",SD,SD,00/00/0000,SD,SD,9999
914,1,CEPF,"Cantor Equity Partners IV, Inc. - Class A Ordinary Shares",SD,SD,00/00/0000,SD,SD,9999
915,1,CEPI,REX Crypto Equity Premium Income ETF,SD,SD,00/00/0000,SD,SD,9999
916,1,CEPO,"Cantor Equity Partners I, Inc. - Class A Ordinary Shares",SD,SD,00/00/0000,SD,SD,9999
917,1,CEPT,"Cantor Equity Partners II, Inc. - Class A ordinary share",SD,SD,00/00/0000,SD,SD,9999
918,1,CERO,"CERo Therapeutics Holdings, Inc. - Common Stock",SD,SD,00/00/0000,SD,SD,9999
919,1,CEROW,"CERo Therapeutics Holdings, Inc. - Warrants",SD,SD,00/00/0000,SD,SD,9999
920,1,CERS,Cerus Corporation - Common Stock,SD,SD,00/00/0000,SD,SD,9999
921,1,CERT,"Certara, Inc. - Common Stock",SD,SD,00/00/0000,SD,SD,9999
922,1,CETX,Cemtrex Inc. - Common Stock,SD,SD,00/00/0000,SD,SD,9999
923,1,CETY,"Clean Energy Technologies, Inc. - Common Stock",SD,SD,00/00/0000,SD,SD,9999
924,1,CEVA,"CEVA, Inc. - Common Stock",SD,SD,00/00/0000,SD,SD,9999
925,1,CFA,VictoryShares US 500 Volatility Wtd ETF,SD,SD,00/00/0000,SD,SD,9999
926,1,CFBK,CF Bankshares Inc. - Common Stock,SD,SD,00/00/0000,SD,SD,9999
927,1,CFFI,C&F Financial Corporation - Common Stock,SD,SD,00/00/0000,SD,SD,9999
928,1,CFFN,"Capitol Federal Financial, Inc. - Common Stock",SD,SD,00/00/0000,SD,SD,9999
929,1,CFLT,"Confluent, Inc. - Class A Common Stock",SD,SD,00/00/0000,SD,SD,9999
930,1,CFO,VictoryShares US 500 Enhanced Volatility Wtd ETF,SD,SD,00/00/0000,SD,SD,9999
931,1,CFSB,"CFSB Bancorp, Inc. - Common Stock",SD,SD,00/00/0000,SD,SD,9999
932,1,CG,The Carlyle Group Inc. - Common Stock,SD,SD,00/00/0000,SD,SD,9999
933,1,CGABL,The Carlyle Group Inc. - 4.625% Subordinated Notes due 2061,SD,SD,00/00/0000,SD,SD,9999
934,1,CGBD,"Carlyle Secured Lending, Inc. - Closed End Fund",SD,SD,00/00/0000,SD,SD,9999
935,1,CGBDL,"Carlyle Secured Lending, Inc. - 8.20% Notes due 2028",SD,SD,00/00/0000,SD,SD,9999
936,1,CGC,Canopy Growth Corporation - Common Shares,SD,SD,00/00/0000,SD,SD,9999
937,1,CGCT,Cartesian Growth Corporation III - Class A Ordinary Shares,SD,SD,00/00/0000,SD,SD,9999
938,1,CGCTU,Cartesian Growth Corporation III - unit,SD,SD,00/00/0000,SD,SD,9999
939,1,CGCTW,Cartesian Growth Corporation III - Warrant,SD,SD,00/00/0000,SD,SD,9999
940,1,CGEM,"Cullinan Therapeutics, Inc. - Common Stock",SD,SD,00/00/0000,SD,SD,9999
941,1,CGEN,Compugen Ltd. - Ordinary Shares,SD,SD,00/00/0000,SD,SD,9999
942,1,CGNT,Cognyte Software Ltd. - Ordinary Shares,SD,SD,00/00/0000,SD,SD,9999
943,1,CGNX,Cognex Corporation - Common Stock,SD,SD,00/00/0000,SD,SD,9999
944,1,CGO,Calamos Global Total Return Fund - Closed End Fund,SD,SD,00/00/0000,SD,SD,9999
945,1,CGON,"CG Oncology, Inc. - Common stock",SD,SD,00/00/0000,SD,SD,9999
946,1,CGTL,Creative Global Technology Holdings Limited - Class A Ordinary Shares,SD,SD,00/00/0000,SD,SD,9999
947,1,CGTX,"Cognition Therapeutics, Inc. - Common Stock",SD,SD,00/00/0000,SD,SD,9999
948,1,CHA,"Chagee Holdings Limited - American Depositary Shares, each representing 1 Class A ordinary share",SD,SD,00/00/0000,SD,SD,9999
949,1,CHAC,Crane Harbor Acquisition Corp. - Class A Ordinary Shares,SD,SD,00/00/0000,SD,SD,9999
950,1,CHACR,Crane Harbor Acquisition Corp. - Rights,SD,SD,00/00/0000,SD,SD,9999
951,1,CHACU,Crane Harbor Acquisition Corp. - Units,SD,SD,00/00/0000,SD,SD,9999
952,1,CHAI,"Core AI Holdings, Inc. - Common Shares",SD,SD,00/00/0000,SD,SD,9999
953,1,CHAR,Charlton Aria Acquisition Corporation - Class A Ordinary Shares,SD,SD,00/00/0000,SD,SD,9999
954,1,CHARR,Charlton Aria Acquisition Corporation - Rights,SD,SD,00/00/0000,SD,SD,9999
955,1,CHARU,Charlton Aria Acquisition Corporation - Units,SD,SD,00/00/0000,SD,SD,9999
956,1,CHCI,"Comstock Holding Companies, Inc. - Class A Common Stock",SD,SD,00/00/0000,SD,SD,9999
957,1,CHCO,City Holding Company - Common Stock,SD,SD,00/00/0000,SD,SD,9999
958,1,CHDN,"Churchill Downs, Incorporated - Common Stock",SD,SD,00/00/0000,SD,SD,9999
959,1,CHECU,Chenghe Acquisition III Co. - Units,SD,SD,00/00/0000,SD,SD,9999
960,1,CHEF,"The Chefs' Warehouse, Inc. - Common Stock",SD,SD,00/00/0000,SD,SD,9999
961,1,CHEK,Check-Cap Ltd. - Ordinary Share,SD,SD,00/00/0000,SD,SD,9999
962,1,CHGX,Stance Sustainable Beta ETF,SD,SD,00/00/0000,SD,SD,9999
963,1,CHI,Calamos Convertible Opportunities and Income Fund - Closed End Fund,SD,SD,00/00/0000,SD,SD,9999
964,1,CHKP,Check Point Software Technologies Ltd. - Ordinary Shares,SD,SD,00/00/0000,SD,SD,9999
965,1,CHMG,Chemung Financial Corp  - Common Stock,SD,SD,00/00/0000,SD,SD,9999
966,1,CHNR,"China Natural Resources, Inc. - Common Shares",SD,SD,00/00/0000,SD,SD,9999
967,1,CHPG,ChampionsGate Acquisition Corporation - Class A Ordinary Share,SD,SD,00/00/0000,SD,SD,9999
968,1,CHPGR,ChampionsGate Acquisition Corporation - Rights,SD,SD,00/00/0000,SD,SD,9999
969,1,CHPGU,ChampionsGate Acquisition Corporation - Unit,SD,SD,00/00/0000,SD,SD,9999
970,1,CHPS,Xtrackers Semiconductor Select Equity ETF,SD,SD,00/00/0000,SD,SD,9999
971,1,CHPX,Global X AI Semiconductor & Quantum ETF,SD,SD,00/00/0000,SD,SD,9999
972,1,CHR,"Cheer Holding, Inc.  - Class A Ordinary Share",SD,SD,00/00/0000,SD,SD,9999
973,1,CHRD,Chord Energy Corporation - Common Stock,SD,SD,00/00/0000,SD,SD,9999
974,1,CHRI,Global X S&P 500 Christian Values ETF,SD,SD,00/00/0000,SD,SD,9999
975,1,CHRS,"Coherus Oncology, Inc. - Common Stock",SD,SD,00/00/0000,SD,SD,9999
976,1,CHRW,"C.H. Robinson Worldwide, Inc. - Common Stock",SD,SD,00/00/0000,SD,SD,9999
977,1,CHSCL,"CHS Inc - Class B Cumulative Redeemable Preferred Stock, Series 4",SD,SD,00/00/0000,SD,SD,9999
978,1,CHSCM,"CHS Inc - Class B Reset Rate Cumulative Redeemable Preferred Stock, Series 3",SD,SD,00/00/0000,SD,SD,9999
979,1,CHSCN,CHS Inc - Preferred Class B Series 2 Reset Rate,SD,SD,00/00/0000,SD,SD,9999
980,1,CHSCO,CHS Inc - Class B Cumulative Redeemable Preferred Stock,SD,SD,00/00/0000,SD,SD,9999
981,1,CHSCP,CHS Inc - 8%  Cumulative Redeemable Preferred Stock,SD,SD,00/00/0000,SD,SD,9999
982,1,CHSN,Chanson International Holding - Class A Ordinary Shares,SD,SD,00/00/0000,SD,SD,9999
983,1,CHTR,"Charter Communications, Inc. - Class A Common Stock",SD,SD,00/00/0000,SD,SD,9999
984,1,CHW,Calamos Global Dynamic Income Fund - Closed End Fund,SD,SD,00/00/0000,SD,SD,9999
985,1,CHY,Calamos Convertible and High Income Fund - Closed End Fund,SD,SD,00/00/0000,SD,SD,9999
986,1,CHYM,"Chime Financial, Inc. - Class A Common Stock",SD,SD,00/00/0000,SD,SD,9999
987,1,CIBR,First Trust NASDAQ Cybersecurity ETF,SD,SD,00/00/0000,SD,SD,9999
988,1,CIFR,Cipher Mining Inc. - Common Stock,SD,SD,00/00/0000,SD,SD,9999
989,1,CIFRW,Cipher Mining Inc. - Warrant,SD,SD,00/00/0000,SD,SD,9999
990,1,CIGI,Colliers International Group Inc.  - Subordinate Voting Shares,SD,SD,00/00/0000,SD,SD,9999
991,1,CIGL,Concorde International Group Ltd - Class A Ordinary Shares,SD,SD,00/00/0000,SD,SD,9999
992,1,CIIT,"Tianci International, Inc. - Common Stock",SD,SD,00/00/0000,SD,SD,9999
993,1,CIL,VictoryShares International Volatility Wtd ETF,SD,SD,00/00/0000,SD,SD,9999
994,1,CINF,Cincinnati Financial Corporation - Common Stock,SD,SD,00/00/0000,SD,SD,9999
995,1,CING,Cingulate Inc. - Common Stock,SD,SD,00/00/0000,SD,SD,9999
996,1,CINGW,Cingulate Inc. - Warrants,SD,SD,00/00/0000,SD,SD,9999
997,1,CISO,"CISO Global, Inc. - Common Stock",SD,SD,00/00/0000,SD,SD,9999
998,1,CISS,C3is Inc. - Common Stock,SD,SD,00/00/0000,SD,SD,9999
999,1,CIVB,"Civista Bancshares, Inc.  - Common Stock",SD,SD,00/00/0000,SD,SD,9999
1000,1,CJET,"Chijet Motor Company, Inc. - Ordinary Shares",SD,SD,00/00/0000,SD,SD,9999
1001,1,CJMB,Callan JMB Inc. - Common Stock,SD,SD,00/00/0000,SD,SD,9999
1002,1,CLAR,Clarus Corporation - Common Stock,SD,SD,00/00/0000,SD,SD,9999
1003,1,CLBK,"Columbia Financial, Inc. - Common Stock",SD,SD,00/00/0000,SD,SD,9999
1004,1,CLBT,Cellebrite DI Ltd. - Ordinary Shares,SD,SD,00/00/0000,SD,SD,9999
1005,1,CLDX,"Celldex Therapeutics, Inc. - Common Stock",SD,SD,00/00/0000,SD,SD,9999
1006,1,CLFD,"Clearfield, Inc. - Common Stock",SD,SD,00/00/0000,SD,SD,9999
1007,1,CLGN,CollPlant Biotechnologies Ltd. - Ordinary Shares,SD,SD,00/00/0000,SD,SD,9999
1008,1,CLIK,Click Holdings Limited - Ordinary Share,SD,SD,00/00/0000,SD,SD,9999
1009,1,CLIR,ClearSign Technologies Corporation - Common Stock,SD,SD,00/00/0000,SD,SD,9999
1010,1,CLLS,Cellectis S.A. - American Depositary Shares,SD,SD,00/00/0000,SD,SD,9999
1011,1,CLMB,"Climb Global Solutions, Inc. - Common Stock",SD,SD,00/00/0000,SD,SD,9999
1012,1,CLMT,"Calumet, Inc - Common Stock",SD,SD,00/00/0000,SD,SD,9999
1013,1,CLNE,Clean Energy Fuels Corp. - Common Stock,SD,SD,00/00/0000,SD,SD,9999
1014,1,CLNN,Clene Inc. - Common Stock,SD,SD,00/00/0000,SD,SD,9999
1015,1,CLNNW,Clene Inc. - Warrant,SD,SD,00/00/0000,SD,SD,9999
1016,1,CLOA,iShares AAA CLO Active ETF,SD,SD,00/00/0000,SD,SD,9999
1017,1,CLOD,Themes Cloud Computing ETF,SD,SD,00/00/0000,SD,SD,9999
1018,1,CLOU,Global X Cloud Computing ETF,SD,SD,00/00/0000,SD,SD,9999
1019,1,CLOV,"Clover Health Investments, Corp.  - Class A Common stock",SD,SD,00/00/0000,SD,SD,9999
1020,1,CLPS,CLPS Incorporation - Common Stock,SD,SD,00/00/0000,SD,SD,9999
1021,1,CLPT,ClearPoint Neuro Inc. - Common Stock,SD,SD,00/00/0000,SD,SD,9999
1022,1,CLRB,"Cellectar Biosciences, Inc. - Common Stock",SD,SD,00/00/0000,SD,SD,9999
1023,1,CLRO,"ClearOne, Inc. - Common Stock",SD,SD,00/00/0000,SD,SD,9999
1024,1,CLSD,"Clearside Biomedical, Inc. - Common Stock",SD,SD,00/00/0000,SD,SD,9999
1025,1,CLSK,"CleanSpark, Inc. - Common Stock",SD,SD,00/00/0000,SD,SD,9999
1026,1,CLSKW,"CleanSpark, Inc. - Warrant",SD,SD,00/00/0000,SD,SD,9999
1027,1,CLSM,ETC Cabana Target Leading Sector Moderate ETF,SD,SD,00/00/0000,SD,SD,9999
1028,1,CLST,"Catalyst Bancorp, Inc. - common stock",SD,SD,00/00/0000,SD,SD,9999
1029,1,CLWT,Euro Tech Holdings Company Limited - Ordinary Shares,SD,SD,00/00/0000,SD,SD,9999
1030,1,CLYM,"Climb Bio, Inc. - Common Stock",SD,SD,00/00/0000,SD,SD,9999
1031,1,CMBM,Cambium Networks Corporation - Ordinary Shares,SD,SD,00/00/0000,SD,SD,9999
1032,1,CMCO,Columbus McKinnon Corporation - Common Stock,SD,SD,00/00/0000,SD,SD,9999
1033,1,CMCSA,Comcast Corporation - Class A Common Stock,SD,SD,00/00/0000,SD,SD,9999
1034,1,CMCT,Creative Media  - Common Stock,SD,SD,00/00/0000,SD,SD,9999
1035,1,CME,CME Group Inc. - Class A Common Stock,SD,SD,00/00/0000,SD,SD,9999
1036,1,CMMB,Chemomab Therapeutics Ltd.  - American Depositary Shares,SD,SD,00/00/0000,SD,SD,9999
1037,1,CMND,Clearmind Medicine Inc. - Common Shares,SD,SD,00/00/0000,SD,SD,9999
1038,1,CMPOW,"CompoSecure, Inc.  - Warrant",SD,SD,00/00/0000,SD,SD,9999
1039,1,CMPR,Cimpress plc - Ordinary Shares,SD,SD,00/00/0000,SD,SD,9999
1040,1,CMPS,COMPASS Pathways Plc - American Depository Shares,SD,SD,00/00/0000,SD,SD,9999
1041,1,CMPX,"Compass Therapeutics, Inc. - Common Stock",SD,SD,00/00/0000,SD,SD,9999
1042,1,CMRC,"Commerce.com, Inc. - Series 1 Common Stock",SD,SD,00/00/0000,SD,SD,9999
1043,1,CMTL,Comtech Telecommunications Corp. - Common Stock,SD,SD,00/00/0000,SD,SD,9999
1044,1,CNCK,Coincheck Group N.V. - Ordinary Shares,SD,SD,00/00/0000,SD,SD,9999
1045,1,CNCKW,Coincheck Group N.V. - Warrants,SD,SD,00/00/0000,SD,SD,9999
1046,1,CNDT,Conduent Incorporated - Common Stock,SD,SD,00/00/0000,SD,SD,9999
1047,1,CNET,ZW Data Action Technologies Inc. - Common Stock,SD,SD,00/00/0000,SD,SD,9999
1048,1,CNEY,CN Energy Group Inc. - Class A Ordinary Shares,SD,SD,00/00/0000,SD,SD,9999
1049,1,CNOB,"ConnectOne Bancorp, Inc. - Common Stock",SD,SD,00/00/0000,SD,SD,9999
1050,1,CNOBP,"ConnectOne Bancorp, Inc. - Depositary Shares (each representing a 1/40th interest in a share of 5.25% Fixed-Rate Reset Non-Cumulative Perpetual Preferred Stock, Series A, par value $0.00 per share)",SD,SD,00/00/0000,SD,SD,9999
1051,1,CNQQ,Rayliant-ChinaAMC Transformative China Tech ETF,SD,SD,00/00/0000,SD,SD,9999
1052,1,CNSP,"CNS Pharmaceuticals, Inc. - Common Stock",SD,SD,00/00/0000,SD,SD,9999
1053,1,CNTA,Centessa Pharmaceuticals plc - American Depositary Shares,SD,SD,00/00/0000,SD,SD,9999
1054,1,CNTB,Connect Biopharma Holdings Limited - Ordinary Shares,SD,SD,00/00/0000,SD,SD,9999
1055,1,CNTX,Context Therapeutics Inc. - Common Stock,SD,SD,00/00/0000,SD,SD,9999
1056,1,CNTY,"Century Casinos, Inc. - Common Stock",SD,SD,00/00/0000,SD,SD,9999
1057,1,CNVS,Cineverse Corp. - Class A Common Stock,SD,SD,00/00/0000,SD,SD,9999
1058,1,CNXC,Concentrix Corporation - Common Stock,SD,SD,00/00/0000,SD,SD,9999
1059,1,CNXN,"PC Connection, Inc. - Common Stock",SD,SD,00/00/0000,SD,SD,9999
1060,1,COCH,"Envoy Medical, Inc. - Class A Common Stock",SD,SD,00/00/0000,SD,SD,9999
1061,1,COCHW,"Envoy Medical, Inc. - Warrant",SD,SD,00/00/0000,SD,SD,9999
1062,1,COCO,"The Vita Coco Company, Inc. - Common Stock",SD,SD,00/00/0000,SD,SD,9999
1063,1,COCP,"Cocrystal Pharma, Inc. - Common Stock",SD,SD,00/00/0000,SD,SD,9999
1064,1,CODA,"Coda Octopus Group, Inc. - Common stock",SD,SD,00/00/0000,SD,SD,9999
1065,1,CODX,"Co-Diagnostics, Inc. - Common Stock",SD,SD,00/00/0000,SD,SD,9999
1066,1,COEP,"Coeptis Therapeutics Holdings, Inc. - Common Stock",SD,SD,00/00/0000,SD,SD,9999
1067,1,COEPW,"Coeptis Therapeutics Holdings, Inc. - Warrants",SD,SD,00/00/0000,SD,SD,9999
1068,1,COFS,"ChoiceOne Financial Services, Inc. - Common Stock",SD,SD,00/00/0000,SD,SD,9999
1069,1,COGT,"Cogent Biosciences, Inc. - Common Stock",SD,SD,00/00/0000,SD,SD,9999
1070,1,COHU,"Cohu, Inc. - Common Stock",SD,SD,00/00/0000,SD,SD,9999
1071,1,COIG,Leverage Shares 2X Long COIN Daily ETF,SD,SD,00/00/0000,SD,SD,9999
1072,1,COIN,"Coinbase Global, Inc. - Class A Common Stock",SD,SD,00/00/0000,SD,SD,9999
1073,1,COKE,"Coca-Cola Consolidated, Inc. - Common Stock",SD,SD,00/00/0000,SD,SD,9999
1074,1,COLA,Columbus Acquisition Corp - Ordinary Shares,SD,SD,00/00/0000,SD,SD,9999
1075,1,COLAR,Columbus Acquisition Corp - Rights,SD,SD,00/00/0000,SD,SD,9999
1076,1,COLAU,Columbus Acquisition Corp - Unit,SD,SD,00/00/0000,SD,SD,9999
1077,1,COLB,"Columbia Banking System, Inc. - Common Stock",SD,SD,00/00/0000,SD,SD,9999
1078,1,COLL,"Collegium Pharmaceutical, Inc. - Common Stock",SD,SD,00/00/0000,SD,SD,9999
1079,1,COLM,Columbia Sportswear Company - Common Stock,SD,SD,00/00/0000,SD,SD,9999
1080,1,COMM,"CommScope Holding Company, Inc. - Common Stock",SD,SD,00/00/0000,SD,SD,9999
1081,1,COMT,iShares GSCI Commodity Dynamic Roll Strategy ETF,SD,SD,00/00/0000,SD,SD,9999
1082,1,CONI,GraniteShares 2x Short COIN Daily ETF,SD,SD,00/00/0000,SD,SD,9999
1083,1,CONL,GraniteShares 2x Long COIN Daily ETF,SD,SD,00/00/0000,SD,SD,9999
1084,1,COO,"The Cooper Companies, Inc.  - Common Stock",SD,SD,00/00/0000,SD,SD,9999
1085,1,COOT,Australian Oilseeds Holdings Limited - Ordinary Shares,SD,SD,00/00/0000,SD,SD,9999
1086,1,COOTW,Australian Oilseeds Holdings Limited - Warrant,SD,SD,00/00/0000,SD,SD,9999
1087,1,COPJ,Sprott Junior Copper Miners ETF,SD,SD,00/00/0000,SD,SD,9999
1088,1,COPP,Sprott Copper Miners ETF,SD,SD,00/00/0000,SD,SD,9999
1089,1,CORO,iShares International Country Rotation Active ETF,SD,SD,00/00/0000,SD,SD,9999
1090,1,CORT,Corcept Therapeutics Incorporated - Common Stock,SD,SD,00/00/0000,SD,SD,9999
1091,1,CORZ,"Core Scientific, Inc. - Common Stock",SD,SD,00/00/0000,SD,SD,9999
1092,1,CORZW,"Core Scientific, Inc. - Tranche 1 Warrants",SD,SD,00/00/0000,SD,SD,9999
1093,1,CORZZ,"Core Scientific, Inc. - Tranche 2 Warrants",SD,SD,00/00/0000,SD,SD,9999
1094,1,COSM,Cosmos Health Inc. - Common Stock,SD,SD,00/00/0000,SD,SD,9999
1095,1,COST,Costco Wholesale Corporation - Common Stock,SD,SD,00/00/0000,SD,SD,9999
1096,1,COTG,Leverage Shares 2X Long COST Daily ETF,SD,SD,00/00/0000,SD,SD,9999
1097,1,COWG,Pacer US Large Cap Cash Cows Growth Leaders ETF,SD,SD,00/00/0000,SD,SD,9999
1098,1,COWS,Amplify Cash Flow Dividend Leaders ETF,SD,SD,00/00/0000,SD,SD,9999
1099,1,COYA,"Coya Therapeutics, Inc. - Common Stock",SD,SD,00/00/0000,SD,SD,9999
1100,1,COYY,GraniteShares YieldBOOST COIN ETF,SD,SD,00/00/0000,SD,SD,9999
1101,1,CPAG,F/m Compoundr U.S. Aggregate Bond ETF,SD,SD,00/00/0000,SD,SD,9999
1102,1,CPB,The Campbell's Company - Common Stock,SD,SD,00/00/0000,SD,SD,9999
1103,1,CPBI,"Central Plains Bancshares, Inc. - Common Stock",SD,SD,00/00/0000,SD,SD,9999
1104,1,CPHC,Canterbury Park Holding Corporation - Common Stock,SD,SD,00/00/0000,SD,SD,9999
1105,1,CPHY,F/m Compoundr High Yield Bond ETF,SD,SD,00/00/0000,SD,SD,9999
1106,1,CPIX,Cumberland Pharmaceuticals Inc. - Common Stock,SD,SD,00/00/0000,SD,SD,9999
1107,1,CPLS,AB Core Plus Bond ETF,SD,SD,00/00/0000,SD,SD,9999
1108,1,CPOP,"Pop Culture Group Co., Ltd - Class A Ordinary Shares",SD,SD,00/00/0000,SD,SD,9999
1109,1,CPRT,"Copart, Inc. - Common Stock",SD,SD,00/00/0000,SD,SD,9999
1110,1,CPRX,"Catalyst Pharmaceuticals, Inc. - Common Stock",SD,SD,00/00/0000,SD,SD,9999
1111,1,CPSH,CPS Technologies Corp. - Common Stock,SD,SD,00/00/0000,SD,SD,9999
1112,1,CPSS,"Consumer Portfolio Services, Inc. - Common Stock",SD,SD,00/00/0000,SD,SD,9999
1113,1,CPZ,Calamos Long/Short Equity & Dynamic Income Trust - Closed End Fund,SD,SD,00/00/0000,SD,SD,9999
1114,1,CRAI,"CRA International,Inc. - Common Stock",SD,SD,00/00/0000,SD,SD,9999
1115,1,CRAQ,Cal Redwood Acquisition Corp. - Class A Ordinary Shares,SD,SD,00/00/0000,SD,SD,9999
1116,1,CRAQR,Cal Redwood Acquisition Corp. - Right,SD,SD,00/00/0000,SD,SD,9999
1117,1,CRAQU,Cal Redwood Acquisition Corp. - Units,SD,SD,00/00/0000,SD,SD,9999
1118,1,CRBP,"Corbus Pharmaceuticals Holdings, Inc. - Common Stock",SD,SD,00/00/0000,SD,SD,9999
1119,1,CRBU,"Caribou Biosciences, Inc. - Common Stock",SD,SD,00/00/0000,SD,SD,9999
1120,1,CRCG,Leverage Shares 2X Long CRCL Daily ETF,SD,SD,00/00/0000,SD,SD,9999
1121,1,CRCT,"Cricut, Inc. - Class A common stock",SD,SD,00/00/0000,SD,SD,9999
1122,1,CRDF,"Cardiff Oncology, Inc. - Common Stock",SD,SD,00/00/0000,SD,SD,9999
1123,1,CRDL,Cardiol Therapeutics Inc. - Class A Common Shares,SD,SD,00/00/0000,SD,SD,9999
1124,1,CRDO,Credo Technology Group Holding Ltd - Ordinary Shares,SD,SD,00/00/0000,SD,SD,9999
1125,1,CRE,Cre8 Enterprise Limited - Class A Ordinary Shares,SD,SD,00/00/0000,SD,SD,9999
1126,1,CREG,Smart Powerr Corp. - Common Stock,SD,SD,00/00/0000,SD,SD,9999
1127,1,CRESW,Cresud S.A.C.I.F. y A. - Warrant,SD,SD,00/00/0000,SD,SD,9999
1128,1,CRESY,"Cresud S.A.C.I.F. y A. - American Depositary Shares, each representing ten shares of Common Stock",SD,SD,00/00/0000,SD,SD,9999
1129,1,CREV,Carbon Revolution Public Limited Company - Ordinary Shares,SD,SD,00/00/0000,SD,SD,9999
1130,1,CREVW,Carbon Revolution Public Limited Company - Warrant,SD,SD,00/00/0000,SD,SD,9999
1131,1,CREX,"Creative Realities, Inc. - Common Stock",SD,SD,00/00/0000,SD,SD,9999
1132,1,CRGO,Freightos Limited - Ordinary shares,SD,SD,00/00/0000,SD,SD,9999
1133,1,CRGOW,Freightos Limited - Warrants,SD,SD,00/00/0000,SD,SD,9999
1134,1,CRIS,"Curis, Inc. - Common Stock",SD,SD,00/00/0000,SD,SD,9999
1135,1,CRMD,CorMedix Inc. - Common Stock,SD,SD,00/00/0000,SD,SD,9999
1136,1,CRMG,Leverage Shares 2X Long CRM Daily ETF,SD,SD,00/00/0000,SD,SD,9999
1137,1,CRML,Critical Metals Corp. - Ordinary Shares,SD,SD,00/00/0000,SD,SD,9999
1138,1,CRMLW,Critical Metals Corp. - Warrants,SD,SD,00/00/0000,SD,SD,9999
1139,1,CRMT,"America's Car-Mart, Inc. - Common Stock",SD,SD,00/00/0000,SD,SD,9999
1140,1,CRNC,Cerence Inc. - Common Stock,SD,SD,00/00/0000,SD,SD,9999
1141,1,CRNT,Ceragon Networks Ltd. - Ordinary Shares,SD,SD,00/00/0000,SD,SD,9999
1142,1,CRNX,"Crinetics Pharmaceuticals, Inc. - Common Stock",SD,SD,00/00/0000,SD,SD,9999
1143,1,CRON,Cronos Group Inc. - Common Share,SD,SD,00/00/0000,SD,SD,9999
1144,1,CROX,"Crocs, Inc. - Common Stock",SD,SD,00/00/0000,SD,SD,9999
1145,1,CRSP,CRISPR Therapeutics AG - Common Shares,SD,SD,00/00/0000,SD,SD,9999
1146,1,CRSR,"Corsair Gaming, Inc. - Common Stock",SD,SD,00/00/0000,SD,SD,9999
1147,1,CRTO,Criteo S.A. - American Depositary Shares,SD,SD,00/00/0000,SD,SD,9999
1148,1,CRUS,"Cirrus Logic, Inc. - Common Stock",SD,SD,00/00/0000,SD,SD,9999
1149,1,CRVL,CorVel Corp. - Common Stock,SD,SD,00/00/0000,SD,SD,9999
1150,1,CRVO,CervoMed Inc. - Common Stock,SD,SD,00/00/0000,SD,SD,9999
1151,1,CRVS,"Corvus Pharmaceuticals, Inc. - Common Stock",SD,SD,00/00/0000,SD,SD,9999
1152,1,CRWD,"CrowdStrike Holdings, Inc. - Class A Common Stock",SD,SD,00/00/0000,SD,SD,9999
1153,1,CRWG,Leverage Shares 2X Long CRWV Daily ETF,SD,SD,00/00/0000,SD,SD,9999
1154,1,CRWL,GraniteShares 2x Long CRWD Daily ETF,SD,SD,00/00/0000,SD,SD,9999
1155,1,CRWS,"Crown Crafts, Inc. - Common Stock",SD,SD,00/00/0000,SD,SD,9999
1156,1,CRWV,"CoreWeave, Inc. - Class A Common Stock",SD,SD,00/00/0000,SD,SD,9999
1157,1,CSAI,"Cloudastructure, Inc. - Class A Common Stock",SD,SD,00/00/0000,SD,SD,9999
1158,1,CSB,VictoryShares US Small Cap High Div Volatility Wtd ETF,SD,SD,00/00/0000,SD,SD,9999
1159,1,CSBR,"Champions Oncology, Inc. - Common Stock",SD,SD,00/00/0000,SD,SD,9999
1160,1,CSCL,Direxion Daily CSCO Bull 2X ETF,SD,SD,00/00/0000,SD,SD,9999
1161,1,CSCO,"Cisco Systems, Inc. - Common Stock",SD,SD,00/00/0000,SD,SD,9999
1162,1,CSCS,Direxion Daily CSCO Bear 1X ETF,SD,SD,00/00/0000,SD,SD,9999
1163,1,CSGP,"CoStar Group, Inc. - Common Stock",SD,SD,00/00/0000,SD,SD,9999
1164,1,CSGS,"CSG Systems International, Inc. - Common Stock",SD,SD,00/00/0000,SD,SD,9999
1165,1,CSIQ,Canadian Solar Inc. - Common Shares,SD,SD,00/00/0000,SD,SD,9999
1166,1,CSPI,CSP Inc. - Common Stock,SD,SD,00/00/0000,SD,SD,9999
1167,1,CSQ,Calamos Strategic Total Return Fund - Closed End Fund,SD,SD,00/00/0000,SD,SD,9999
1168,1,CSTE,Caesarstone Ltd. - Ordinary Shares,SD,SD,00/00/0000,SD,SD,9999
1169,1,CSTL,"Castle Biosciences, Inc. - Common stock",SD,SD,00/00/0000,SD,SD,9999
1170,1,CSWC,Capital Southwest Corporation - Common Stock,SD,SD,00/00/0000,SD,SD,9999
1171,1,CSX,CSX Corporation - Common Stock,SD,SD,00/00/0000,SD,SD,9999
1172,1,CTAS,Cintas Corporation - Common Stock,SD,SD,00/00/0000,SD,SD,9999
1173,1,CTBI,"Community Trust Bancorp, Inc. - Common Stock",SD,SD,00/00/0000,SD,SD,9999
1174,1,CTEC,Global X CleanTech ETF,SD,SD,00/00/0000,SD,SD,9999
1175,1,CTKB,"Cytek Biosciences, Inc. - Common Stock",SD,SD,00/00/0000,SD,SD,9999
1176,1,CTLP,"Cantaloupe, Inc. - Common Stock",SD,SD,00/00/0000,SD,SD,9999
1177,1,CTMX,"CytomX Therapeutics, Inc. - Common Stock",SD,SD,00/00/0000,SD,SD,9999
1178,1,CTNM,"Contineum Therapeutics, Inc. - Common stock",SD,SD,00/00/0000,SD,SD,9999
1179,1,CTNT,Cheetah Net Supply Chain Service Inc. - Class A Common Stock,SD,SD,00/00/0000,SD,SD,9999
1180,1,CTOR,"Citius Oncology, Inc.  - Common Stock",SD,SD,00/00/0000,SD,SD,9999
1181,1,CTRM,Castor Maritime Inc. - Common Shares,SD,SD,00/00/0000,SD,SD,9999
1182,1,CTRN,"Citi Trends, Inc. - Common Stock",SD,SD,00/00/0000,SD,SD,9999
1183,1,CTSH,Cognizant Technology Solutions Corporation - Class A Common Stock,SD,SD,00/00/0000,SD,SD,9999
1184,1,CTSO,Cytosorbents Corporation - Common Stock,SD,SD,00/00/0000,SD,SD,9999
1185,1,CTW,CTW Cayman - Class A Ordinary Shares,SD,SD,00/00/0000,SD,SD,9999
1186,1,CTXR,"Citius Pharmaceuticals, Inc. - Common Stock",SD,SD,00/00/0000,SD,SD,9999
1187,1,CUB,Lionheart Holdings - Class A Ordinary Shares,SD,SD,00/00/0000,SD,SD,9999
1188,1,CUBWU,Lionheart Holdings - Unit,SD,SD,00/00/0000,SD,SD,9999
1189,1,CUBWW,Lionheart Holdings - Warrant,SD,SD,00/00/0000,SD,SD,9999
1190,1,CUE,"Cue Biopharma, Inc. - Common Stock",SD,SD,00/00/0000,SD,SD,9999
1191,1,CUPR,Cuprina Holdings (Cayman) Limited - Ordinary shares,SD,SD,00/00/0000,SD,SD,9999
1192,1,CURI,CuriosityStream Inc.  - Class A Common Stock,SD,SD,00/00/0000,SD,SD,9999
1193,1,CURR,Currenc Group Inc. - Ordinary Shares,SD,SD,00/00/0000,SD,SD,9999
1194,1,CURX,Curanex Pharmaceuticals Inc - Common Stock,SD,SD,00/00/0000,SD,SD,9999
1195,1,CV,"CapsoVision, Inc. - Common Stock",SD,SD,00/00/0000,SD,SD,9999
1196,1,CVAC,CureVac N.V. - Ordinary Shares,SD,SD,00/00/0000,SD,SD,9999
1197,1,CVBF,CVB Financial Corporation - Common Stock,SD,SD,00/00/0000,SD,SD,9999
1198,1,CVCO,"Cavco Industries, Inc. - Common Stock",SD,SD,00/00/0000,SD,SD,9999
1199,1,CVGI,"Commercial Vehicle Group, Inc. - Common Stock",SD,SD,00/00/0000,SD,SD,9999
1200,1,CVGW,"Calavo Growers, Inc. - Common Stock",SD,SD,00/00/0000,SD,SD,9999
1201,1,CVKD,"Cadrenal Therapeutics, Inc. - Common Stock",SD,SD,00/00/0000,SD,SD,9999
1202,1,CVLT,"Commvault Systems, Inc. - Common Stock",SD,SD,00/00/0000,SD,SD,9999
1203,1,CVNX,Defiance Daily Target 2X Long CVNA ETF,SD,SD,00/00/0000,SD,SD,9999
1204,1,CVRX,"CVRx, Inc. - Common Stock",SD,SD,00/00/0000,SD,SD,9999
1205,1,CVV,CVD Equipment Corporation - Common Stock,SD,SD,00/00/0000,SD,SD,9999
1206,1,CWBC,Community West Bancshares - Common Stock,SD,SD,00/00/0000,SD,SD,9999
1207,1,CWCO,Consolidated Water Co. Ltd. - Ordinary Shares,SD,SD,00/00/0000,SD,SD,9999
1208,1,CWD,CaliberCos Inc. - Class A Common Stock,SD,SD,00/00/0000,SD,SD,9999
1209,1,CWST,"Casella Waste Systems, Inc. - Class A Common Stock",SD,SD,00/00/0000,SD,SD,9999
1210,1,CXAI,CXApp Inc. - Class A Common Stock,SD,SD,00/00/0000,SD,SD,9999
1211,1,CXAIW,CXApp Inc. - Warrant,SD,SD,00/00/0000,SD,SD,9999
1212,1,CXDO,"Crexendo, Inc. - Common Stock",SD,SD,00/00/0000,SD,SD,9999
1213,1,CXSE,WisdomTree China ex-State-Owned Enterprises Fund,SD,SD,00/00/0000,SD,SD,9999
1214,1,CYBR,CyberArk Software Ltd. - Ordinary Shares,SD,SD,00/00/0000,SD,SD,9999
1215,1,CYCN,"Cyclerion Therapeutics, Inc. - Common Stock",SD,SD,00/00/0000,SD,SD,9999
1216,1,CYCU,"Cycurion, Inc. - Common Stock",SD,SD,00/00/0000,SD,SD,9999
1217,1,CYCUW,"Cycurion, Inc. - Warrants",SD,SD,00/00/0000,SD,SD,9999
1218,1,CYN,Cyngn Inc. - Common stock,SD,SD,00/00/0000,SD,SD,9999
1219,1,CYRX,"CryoPort, Inc. - Common Stock",SD,SD,00/00/0000,SD,SD,9999
1220,1,CYTK,"Cytokinetics, Incorporated - Common Stock",SD,SD,00/00/0000,SD,SD,9999
1221,1,CZAR,Themes Natural Monopoly ETF,SD,SD,00/00/0000,SD,SD,9999
1222,1,CZFS,"Citizens Financial Services, Inc. - Common Stock",SD,SD,00/00/0000,SD,SD,9999
1223,1,CZNC,Citizens & Northern Corp - Common Stock,SD,SD,00/00/0000,SD,SD,9999
1224,1,CZR,"Caesars Entertainment, Inc. - Common Stock",SD,SD,00/00/0000,SD,SD,9999
1225,1,CZWI,"Citizens Community Bancorp, Inc. - Common Stock",SD,SD,00/00/0000,SD,SD,9999
1226,1,DAAQ,Digital Asset Acquisition Corp. - Class A Ordinary shares,SD,SD,00/00/0000,SD,SD,9999
1227,1,DAAQU,Digital Asset Acquisition Corp. - Units,SD,SD,00/00/0000,SD,SD,9999
1228,1,DAAQW,Digital Asset Acquisition Corp. - Warrant,SD,SD,00/00/0000,SD,SD,9999
1229,1,DADS,Digital Asset Debt Strategy ETF,SD,SD,00/00/0000,SD,SD,9999
1230,1,DAIC,"CID HoldCo, Inc. - Common Stock",SD,SD,00/00/0000,SD,SD,9999
1231,1,DAICW,"CID HoldCo, Inc. - Warrants",SD,SD,00/00/0000,SD,SD,9999
1232,1,DAIO,Data I/O Corporation - Common Stock,SD,SD,00/00/0000,SD,SD,9999
1233,1,DAK,Dakota Active Equity ETF,SD,SD,00/00/0000,SD,SD,9999
1234,1,DAKT,"Daktronics, Inc. - Common Stock",SD,SD,00/00/0000,SD,SD,9999
1235,1,DALI,First Trust Dorsey Wright DALI Equity ETF,SD,SD,00/00/0000,SD,SD,9999
1236,1,DAPP,VanEck Digital Transformation ETF,SD,SD,00/00/0000,SD,SD,9999
1237,1,DARE,"Dare Bioscience, Inc. - Common Stock",SD,SD,00/00/0000,SD,SD,9999
1238,1,DASH,"DoorDash, Inc. - Common Stock",SD,SD,00/00/0000,SD,SD,9999
1239,1,DAVE,Dave Inc.  - Class A Common Stock,SD,SD,00/00/0000,SD,SD,9999
1240,1,DAVEW,Dave Inc.  - Warrants,SD,SD,00/00/0000,SD,SD,9999
1241,1,DAWN,"Day One Biopharmaceuticals, Inc. - Common Stock",SD,SD,00/00/0000,SD,SD,9999
1242,1,DAX,Global X DAX Germany ETF,SD,SD,00/00/0000,SD,SD,9999
1243,1,DBGI,"Digital Brands Group, Inc. - Common Stock",SD,SD,00/00/0000,SD,SD,9999
1244,1,DBVT,DBV Technologies S.A. - American Depositary Shares,SD,SD,00/00/0000,SD,SD,9999
1245,1,DBX,"Dropbox, Inc. - Class A Common Stock",SD,SD,00/00/0000,SD,SD,9999
1246,1,DCBO,Docebo Inc. - Common Shares,SD,SD,00/00/0000,SD,SD,9999
1247,1,DCGO,DocGo Inc. - Common Stock,SD,SD,00/00/0000,SD,SD,9999
1248,1,DCOM,"Dime Community Bancshares, Inc. - Common Stock",SD,SD,00/00/0000,SD,SD,9999
1249,1,DCOMG,"Dime Community Bancshares, Inc. - 9.000% Fixed-to-Floating Rate Subordinated Notes due 2034",SD,SD,00/00/0000,SD,SD,9999
1250,1,DCOMP,"Dime Community Bancshares, Inc. - Fixed-Rate Non-Cumulative Perpetual Preferred Stock, Series A",SD,SD,00/00/0000,SD,SD,9999
1251,1,DCTH,"Delcath Systems, Inc. - Common Stock",SD,SD,00/00/0000,SD,SD,9999
1252,1,DDI,"DoubleDown Interactive Co., Ltd. - American Depository Shares",SD,SD,00/00/0000,SD,SD,9999
1253,1,DDIV,First Trust Dorsey Wright Momentum & Dividend ETF,SD,SD,00/00/0000,SD,SD,9999
1254,1,DDOG,"Datadog, Inc. - Class A Common Stock",SD,SD,00/00/0000,SD,SD,9999
1255,1,DECO,SPDR Galaxy Digital Asset Ecosystem ETF,SD,SD,00/00/0000,SD,SD,9999
1256,1,DEFT,"Defi Technologies, Inc. - Common Stock",SD,SD,00/00/0000,SD,SD,9999
1257,1,DEMZ,Democratic Large Cap Core ETF,SD,SD,00/00/0000,SD,SD,9999
1258,1,DENN,Denny's Corporation - Common Stock,SD,SD,00/00/0000,SD,SD,9999
1259,1,DERM,Journey Medical Corporation - Common Stock,SD,SD,00/00/0000,SD,SD,9999
1260,1,DEVS,DevvStream Corp. - Common Stock,SD,SD,00/00/0000,SD,SD,9999
1261,1,DFDV,DeFi Development Corp. - Common Stock,SD,SD,00/00/0000,SD,SD,9999
1262,1,DFGP,Dimensional Global Core Plus Fixed Income ETF,SD,SD,00/00/0000,SD,SD,9999
1263,1,DFGX,Dimensional Global ex US Core Fixed Income ETF,SD,SD,00/00/0000,SD,SD,9999
1264,1,DFLI,Dragonfly Energy Holdings Corp - Common Stock,SD,SD,00/00/0000,SD,SD,9999
1265,1,DFLIW,Dragonfly Energy Holdings Corp - Warrant,SD,SD,00/00/0000,SD,SD,9999
1266,1,DFSC,"DEFSEC Technologies Inc. - common stock, no R/S concurrent with offering",SD,SD,00/00/0000,SD,SD,9999
1267,1,DFSCW,DEFSEC Technologies Inc. - warrant,SD,SD,00/00/0000,SD,SD,9999
1268,1,DGCB,Dimensional Global Credit ETF,SD,SD,00/00/0000,SD,SD,9999
1269,1,DGICA,"Donegal Group, Inc. - Class A Common Stock",SD,SD,00/00/0000,SD,SD,9999
1270,1,DGICB,"Donegal Group, Inc. - Class B Common Stock",SD,SD,00/00/0000,SD,SD,9999
1271,1,DGII,Digi International Inc. - Common Stock,SD,SD,00/00/0000,SD,SD,9999
1272,1,DGLO,First Trust RBA Deglobalization ETF,SD,SD,00/00/0000,SD,SD,9999
1273,1,DGLY,"Digital Ally, Inc. - Common Stock",SD,SD,00/00/0000,SD,SD,9999
1274,1,DGNX,Diginex Limited - Ordinary Shares,SD,SD,00/00/0000,SD,SD,9999
1275,1,DGRE,WisdomTree Emerging Markets Quality Dividend Growth Fund,SD,SD,00/00/0000,SD,SD,9999
1276,1,DGRS,WisdomTree U.S. SmallCap Quality Dividend Growth Fund,SD,SD,00/00/0000,SD,SD,9999
1277,1,DGRW,WisdomTree U.S. Quality Dividend Growth Fund,SD,SD,00/00/0000,SD,SD,9999
1278,1,DGXX,Digi Power X Inc. - Common Subordinate Voting Shares,SD,SD,00/00/0000,SD,SD,9999
1279,1,DH,Definitive Healthcare Corp. - Class A Common Stock,SD,SD,00/00/0000,SD,SD,9999
1280,1,DHAI,"DIH Holding US, Inc. - Class A Common Stock",SD,SD,00/00/0000,SD,SD,9999
1281,1,DHAIW,"DIH Holding US, Inc. - Warrant",SD,SD,00/00/0000,SD,SD,9999
1282,1,DHC,Diversified Healthcare Trust  - Common Shares of Beneficial Interest,SD,SD,00/00/0000,SD,SD,9999
1283,1,DHCNI,Diversified Healthcare Trust  - 5.625% Senior Notes due 2042,SD,SD,00/00/0000,SD,SD,9999
1284,1,DHCNL,Diversified Healthcare Trust  - 6.25% Senior Notes Due 2046,SD,SD,00/00/0000,SD,SD,9999
1285,1,DHIL,"Diamond Hill Investment Group, Inc. - Class A Common Stock",SD,SD,00/00/0000,SD,SD,9999
1286,1,DIBS,"1stdibs.com, Inc. - Common Stock",SD,SD,00/00/0000,SD,SD,9999
1287,1,DIME,CoinShares Altcoins ETF,SD,SD,00/00/0000,SD,SD,9999
1288,1,DIOD,Diodes Incorporated - Common Stock,SD,SD,00/00/0000,SD,SD,9999
1289,1,DIVD,Altrius Global Dividend ETF,SD,SD,00/00/0000,SD,SD,9999
1290,1,DJCO,Daily Journal Corp. (S.C.) - Common Stock,SD,SD,00/00/0000,SD,SD,9999
1291,1,DJT,Trump Media & Technology Group Corp. - Common Stock,SD,SD,00/00/0000,SD,SD,9999
1292,1,DJTWW,Trump Media & Technology Group Corp. - Warrants,SD,SD,00/00/0000,SD,SD,9999
1293,1,DKI,DarkIris Inc. - Class A Ordinary Shares,SD,SD,00/00/0000,SD,SD,9999
1294,1,DKNG,DraftKings Inc. - Class A Common Stock,SD,SD,00/00/0000,SD,SD,9999
1295,1,DKNX,Defiance Daily Target 2X Long DKNG ETF,SD,SD,00/00/0000,SD,SD,9999
1296,1,DLHC,DLH Holdings Corp. - Common Stock,SD,SD,00/00/0000,SD,SD,9999
1297,1,DLLL,GraniteShares 2x Long DELL Daily ETF,SD,SD,00/00/0000,SD,SD,9999
1298,1,DLO,DLocal Limited - Class A Common Shares,SD,SD,00/00/0000,SD,SD,9999
1299,1,DLPN,"Dolphin Entertainment, Inc. - Common Stock",SD,SD,00/00/0000,SD,SD,9999
1300,1,DLTH,Duluth Holdings Inc. - Class B Common Stock,SD,SD,00/00/0000,SD,SD,9999
1301,1,DLTR,"Dollar Tree, Inc. - Common Stock",SD,SD,00/00/0000,SD,SD,9999
1302,1,DLXY,Delixy Holdings Limited - Ordinary Shares,SD,SD,00/00/0000,SD,SD,9999
1303,1,DMAA,Drugs Made In America Acquisition Corp. - Ordinary Shares,SD,SD,00/00/0000,SD,SD,9999
1304,1,DMAAR,Drugs Made In America Acquisition Corp. - Rights,SD,SD,00/00/0000,SD,SD,9999
1305,1,DMAAU,Drugs Made In America Acquisition Corp. - Units,SD,SD,00/00/0000,SD,SD,9999
1306,1,DMAC,DiaMedica Therapeutics Inc. - Common Stock,SD,SD,00/00/0000,SD,SD,9999
1307,1,DMAT,Global X Disruptive Materials ETF,SD,SD,00/00/0000,SD,SD,9999
1308,1,DMIIU,Drugs Made In America Acquisition II Corp. - Unit,SD,SD,00/00/0000,SD,SD,9999
1309,1,DMLP,"Dorchester Minerals, L.P. - Common Units Representing Limited Partnership Interests",SD,SD,00/00/0000,SD,SD,9999
1310,1,DMRC,Digimarc Corporation - Common Stock,SD,SD,00/00/0000,SD,SD,9999
1311,1,DMXF,iShares ESG Advanced MSCI EAFE ETF,SD,SD,00/00/0000,SD,SD,9999
1312,1,DNLI,Denali Therapeutics Inc. - Common Stock,SD,SD,00/00/0000,SD,SD,9999
1313,1,DNTH,"Dianthus Therapeutics, Inc. - Common Stock",SD,SD,00/00/0000,SD,SD,9999
1314,1,DNUT,"Krispy Kreme, Inc. - Common Stock",SD,SD,00/00/0000,SD,SD,9999
1315,1,DOCU,"DocuSign, Inc. - Common Stock",SD,SD,00/00/0000,SD,SD,9999
1316,1,DOGZ,Dogness (International) Corporation - Class A Common Stock,SD,SD,00/00/0000,SD,SD,9999
1317,1,DOMH,Dominari Holdings Inc. - Common Stock,SD,SD,00/00/0000,SD,SD,9999
1318,1,DOMO,"Domo, Inc. - Class B Common Stock",SD,SD,00/00/0000,SD,SD,9999
1319,1,DOOO,BRP Inc. - Common Subordinate Voting Shares,SD,SD,00/00/0000,SD,SD,9999
1320,1,DORM,"Dorman Products, Inc. - Common Stock",SD,SD,00/00/0000,SD,SD,9999
1321,1,DOX,Amdocs Limited - Ordinary Shares,SD,SD,00/00/0000,SD,SD,9999
1322,1,DOYU,DouYu International Holdings Limited - American Depositary Shares,SD,SD,00/00/0000,SD,SD,9999
1323,1,DPRO,Draganfly Inc. - Common Shares,SD,SD,00/00/0000,SD,SD,9999
1324,1,DPZ,Domino's Pizza Inc - Common Stock,SD,SD,00/00/0000,SD,SD,9999
1325,1,DRCT,"Direct Digital Holdings, Inc. - Class A Common Stock",SD,SD,00/00/0000,SD,SD,9999
1326,1,DRDB,Roman DBDR Acquisition Corp. II - Ordinary shares,SD,SD,00/00/0000,SD,SD,9999
1327,1,DRDBU,Roman DBDR Acquisition Corp. II - Unit,SD,SD,00/00/0000,SD,SD,9999
1328,1,DRDBW,Roman DBDR Acquisition Corp. II - Warrants,SD,SD,00/00/0000,SD,SD,9999
1329,1,DRIO,DarioHealth Corp. - Common Stock,SD,SD,00/00/0000,SD,SD,9999
1330,1,DRIV,Global X Autonomous & Electric Vehicles ETF,SD,SD,00/00/0000,SD,SD,9999
1331,1,DRMA,"Dermata Therapeutics, Inc. - Common Stock",SD,SD,00/00/0000,SD,SD,9999
1332,1,DRMAW,"Dermata Therapeutics, Inc. - Warrant",SD,SD,00/00/0000,SD,SD,9999
1333,1,DRS,"Leonardo DRS, Inc. - Common Stock",SD,SD,00/00/0000,SD,SD,9999
1334,1,DRTS,Alpha Tau Medical Ltd. - Ordinary Shares,SD,SD,00/00/0000,SD,SD,9999
1335,1,DRTSW,Alpha Tau Medical Ltd. - Warrant,SD,SD,00/00/0000,SD,SD,9999
1336,1,DRUG,Bright Minds Biosciences Inc. - common stock,SD,SD,00/00/0000,SD,SD,9999
1337,1,DRVN,Driven Brands Holdings Inc. - Common Stock,SD,SD,00/00/0000,SD,SD,9999
1338,1,DSGN,"Design Therapeutics, Inc. - Common Stock",SD,SD,00/00/0000,SD,SD,9999
1339,1,DSGR,"Distribution Solutions Group, Inc. - Common Stock",SD,SD,00/00/0000,SD,SD,9999
1340,1,DSGX,The Descartes Systems Group Inc. - Common Stock,SD,SD,00/00/0000,SD,SD,9999
1341,1,DSP,Viant Technology Inc. - common stock,SD,SD,00/00/0000,SD,SD,9999
1342,1,DSWL,"Deswell Industries, Inc. - Common Shares",SD,SD,00/00/0000,SD,SD,9999
1343,1,DSY,Big Tree Cloud Holdings Limited - Ordinary Shares,SD,SD,00/00/0000,SD,SD,9999
1344,1,DSYWW,Big Tree Cloud Holdings Limited - Warrants,SD,SD,00/00/0000,SD,SD,9999
1345,1,DTCK,Davis Commodities Limited - Class A Ordinary Shares,SD,SD,00/00/0000,SD,SD,9999
1346,1,DTCR,Global X Data Center & Digital Infrastructure ETF,SD,SD,00/00/0000,SD,SD,9999
1347,1,DTI,Drilling Tools International Corporation  - Common Stock,SD,SD,00/00/0000,SD,SD,9999
1348,1,DTIL,"Precision BioSciences, Inc. - Common Stock",SD,SD,00/00/0000,SD,SD,9999
1349,1,DTSQ,DT Cloud Star Acquisition Corporation - Ordinary Shares,SD,SD,00/00/0000,SD,SD,9999
1350,1,DTSQR,DT Cloud Star Acquisition Corporation - Right,SD,SD,00/00/0000,SD,SD,9999
1351,1,DTSQU,DT Cloud Star Acquisition Corporation - Units,SD,SD,00/00/0000,SD,SD,9999
1352,1,DTSS,Datasea Inc. - Common Stock,SD,SD,00/00/0000,SD,SD,9999
1353,1,DTST,Data Storage Corporation - Common Stock,SD,SD,00/00/0000,SD,SD,9999
1354,1,DTSTW,Data Storage Corporation - Warrant,SD,SD,00/00/0000,SD,SD,9999
1355,1,DUKH,Ocean Park High Income ETF,SD,SD,00/00/0000,SD,SD,9999
1356,1,DUKX,Ocean Park International ETF,SD,SD,00/00/0000,SD,SD,9999
1357,1,DUO,Fangdd Network Group Ltd. - Class A Ordinary Shares,SD,SD,00/00/0000,SD,SD,9999
1358,1,DUOL,"Duolingo, Inc. - Class A Common Stock",SD,SD,00/00/0000,SD,SD,9999
1359,1,DUOT,"Duos Technologies Group, Inc. - Common Stock",SD,SD,00/00/0000,SD,SD,9999
1360,1,DVAL,BrandywineGLOBAL-Dynamic US Large Cap Value ETF,SD,SD,00/00/0000,SD,SD,9999
1361,1,DVAX,Dynavax Technologies Corporation - Common Stock,SD,SD,00/00/0000,SD,SD,9999
1362,1,DVIN,WEBs Defined Volatility XLI ETF,SD,SD,00/00/0000,SD,SD,9999
1363,1,DVLT,Datavault AI Inc. - Common Stock,SD,SD,00/00/0000,SD,SD,9999
1364,1,DVLU,First Trust Dorsey Wright Momentum & Value ETF,SD,SD,00/00/0000,SD,SD,9999
1365,1,DVOL,First Trust Dorsey Wright Momentum & Low Volatility ETF,SD,SD,00/00/0000,SD,SD,9999
1366,1,DVQQ,WEBs Defined Volatility QQQ ETF,SD,SD,00/00/0000,SD,SD,9999
1367,1,DVRE,WEBs Defined Volatility XLRE ETF,SD,SD,00/00/0000,SD,SD,9999
1368,1,DVSP,WEBs Defined Volatility SPY ETF,SD,SD,00/00/0000,SD,SD,9999
1369,1,DVUT,WEBS Defined Volatility XLU ETF,SD,SD,00/00/0000,SD,SD,9999
1370,1,DVXB,WEBs Defined Volatility XLB ETF,SD,SD,00/00/0000,SD,SD,9999
1371,1,DVXC,WEBs Defined Volatility XLC ETF,SD,SD,00/00/0000,SD,SD,9999
1372,1,DVXE,WEBs Defined Volatility XLE ETF,SD,SD,00/00/0000,SD,SD,9999
1373,1,DVXF,WEBs Defined Volatility XLF ETF,SD,SD,00/00/0000,SD,SD,9999
1374,1,DVXK,WEBs Defined Volatility XLK ETF,SD,SD,00/00/0000,SD,SD,9999
1375,1,DVXP,WEBs Defined Volatility XLP ETF,SD,SD,00/00/0000,SD,SD,9999
1376,1,DVXV,WEBs Defined Volatility XLV ETF,SD,SD,00/00/0000,SD,SD,9999
1377,1,DVXY,WEBs Defined Volatility XLY ETF,SD,SD,00/00/0000,SD,SD,9999
1378,1,DVY,iShares Select Dividend ETF,SD,SD,00/00/0000,SD,SD,9999
1379,1,DWAS,Invesco Dorsey Wright SmallCap Momentum ETF,SD,SD,00/00/0000,SD,SD,9999
1380,1,DWAW,AdvisorShares Dorsey Wright FSM All Cap World ETF,SD,SD,00/00/0000,SD,SD,9999
1381,1,DWSH,AdvisorShares Dorsey Wright Short ETF,SD,SD,00/00/0000,SD,SD,9999
1382,1,DWSN,Dawson Geophysical Company - Common Stock,SD,SD,00/00/0000,SD,SD,9999
1383,1,DWTX,"Dogwood Therapeutics, Inc.  - Common Stock",SD,SD,00/00/0000,SD,SD,9999
1384,1,DWUS,AdvisorShares Dorsey Wright FSM US Core ETF,SD,SD,00/00/0000,SD,SD,9999
1385,1,DXCM,"DexCom, Inc. - Common Stock",SD,SD,00/00/0000,SD,SD,9999
1386,1,DXLG,"Destination XL Group, Inc. - Common Stock",SD,SD,00/00/0000,SD,SD,9999
1387,1,DXPE,"DXP Enterprises, Inc. - Common Stock",SD,SD,00/00/0000,SD,SD,9999
1388,1,DXR,Daxor Corporation - Closed End Fund,SD,SD,00/00/0000,SD,SD,9999
1389,1,DXST,Decent Holding Inc. - Class A Ordinary Shares,SD,SD,00/00/0000,SD,SD,9999
1390,1,DYAI,"Dyadic International, Inc. - Common Stock",SD,SD,00/00/0000,SD,SD,9999
1391,1,DYCQ,DT Cloud Acquisition Corporation - Ordinary shares,SD,SD,00/00/0000,SD,SD,9999
1392,1,DYCQR,DT Cloud Acquisition Corporation - Right,SD,SD,00/00/0000,SD,SD,9999
1393,1,DYCQU,DT Cloud Acquisition Corporation - Unit,SD,SD,00/00/0000,SD,SD,9999
1394,1,DYFI,IDX Dynamic Fixed Income ETF,SD,SD,00/00/0000,SD,SD,9999
1395,1,DYN,"Dyne Therapeutics, Inc. - Common Stock",SD,SD,00/00/0000,SD,SD,9999
1396,1,DYNB,Hartford Dynamic Bond ETF,SD,SD,00/00/0000,SD,SD,9999
1397,1,DYTA,SGI Dynamic Tactical ETF,SD,SD,00/00/0000,SD,SD,9999
1398,1,EA,Electronic Arts Inc. - Common Stock,SD,SD,00/00/0000,SD,SD,9999
1399,1,EASY,Liberty One Defensive Dividend Growth ETF,SD,SD,00/00/0000,SD,SD,9999
1400,1,EBAY,eBay Inc. - Common Stock,SD,SD,00/00/0000,SD,SD,9999
1401,1,EBC,"Eastern Bankshares, Inc. - Common Stock",SD,SD,00/00/0000,SD,SD,9999
1402,1,EBI,Longview Advantage ETF,SD,SD,00/00/0000,SD,SD,9999
1403,1,EBIZ,Global X E-commerce ETF,SD,SD,00/00/0000,SD,SD,9999
1404,1,EBMT,"Eagle Bancorp Montana, Inc. - Common Stock",SD,SD,00/00/0000,SD,SD,9999
1405,1,EBON,Ebang International Holdings Inc. - Class A Ordinary Shares,SD,SD,00/00/0000,SD,SD,9999
1406,1,ECBK,"ECB Bancorp, Inc. - Common Stock",SD,SD,00/00/0000,SD,SD,9999
1407,1,ECDA,"ECD Automotive Design, Inc. - Common Stock",SD,SD,00/00/0000,SD,SD,9999
1408,1,ECDAW,"ECD Automotive Design, Inc. - Warrant",SD,SD,00/00/0000,SD,SD,9999
1409,1,ECOR,"electroCore, Inc. - Common Stock",SD,SD,00/00/0000,SD,SD,9999
1410,1,ECOW,Pacer Emerging Markets Cash Cows 100 ETF,SD,SD,00/00/0000,SD,SD,9999
1411,1,ECPG,Encore Capital Group Inc - Common Stock,SD,SD,00/00/0000,SD,SD,9999
1412,1,ECX,ECARX Holdings Inc. - Class A Ordinary shares,SD,SD,00/00/0000,SD,SD,9999
1413,1,ECXWW,ECARX Holdings Inc. - Warrants,SD,SD,00/00/0000,SD,SD,9999
1414,1,EDAP,"EDAP TMS S.A. - American Depositary Shares, each representing One Ordinary Share",SD,SD,00/00/0000,SD,SD,9999
1415,1,EDBL,Edible Garden AG Incorporated - Common Stock,SD,SD,00/00/0000,SD,SD,9999
1416,1,EDBLW,Edible Garden AG Incorporated - Warrant,SD,SD,00/00/0000,SD,SD,9999
1417,1,EDHL,Everbright Digital Holding Limited - Ordinary Shares,SD,SD,00/00/0000,SD,SD,9999
1418,1,EDIT,"Editas Medicine, Inc. - Common Stock",SD,SD,00/00/0000,SD,SD,9999
1419,1,EDRY,EuroDry Ltd. - Common Shares,SD,SD,00/00/0000,SD,SD,9999
1420,1,EDSA,"Edesa Biotech, Inc. - Common Shares",SD,SD,00/00/0000,SD,SD,9999
1421,1,EDTK,Skillful Craftsman Education Technology Limited - Ordinary Share,SD,SD,00/00/0000,SD,SD,9999
1422,1,EDUC,Educational Development Corporation - Common Stock,SD,SD,00/00/0000,SD,SD,9999
1423,1,EEFT,"Euronet Worldwide, Inc. - Common Stock",SD,SD,00/00/0000,SD,SD,9999
1424,1,EEIQ,EpicQuest Education Group International Limited - Common Stock,SD,SD,00/00/0000,SD,SD,9999
1425,1,EEMA,iShares MSCI Emerging Markets Asia ETF,SD,SD,00/00/0000,SD,SD,9999
1426,1,EFAS,Global X MSCI SuperDividend EAFE ETF,SD,SD,00/00/0000,SD,SD,9999
1427,1,EFOI,"Energy Focus, Inc. - Common Stock",SD,SD,00/00/0000,SD,SD,9999
1428,1,EFRA,iShares Environmental Infrastructure and Industrials ETF,SD,SD,00/00/0000,SD,SD,9999
1429,1,EFSC,Enterprise Financial Services Corporation - Common Stock,SD,SD,00/00/0000,SD,SD,9999
1430,1,EFSCP,"Enterprise Financial Services Corporation - Depositary Shares Each Representing a 1/40th Interest in a Share of 5% Fixed Rate Non-Cumulative Perpetual Preferred Stock, Series A",SD,SD,00/00/0000,SD,SD,9999
1431,1,EFSI,Eagle Financial Services Inc - Common Stock,SD,SD,00/00/0000,SD,SD,9999
1432,1,EFTY,"Etoiles Capital Group Co., Ltd. - Class A Ordinary Shares",SD,SD,00/00/0000,SD,SD,9999
1433,1,EGAN,eGain Corporation - Common Stock,SD,SD,00/00/0000,SD,SD,9999
1434,1,EGBN,"Eagle Bancorp, Inc. - Common Stock",SD,SD,00/00/0000,SD,SD,9999
1435,1,EGGQ,NestYield Visionary ETF,SD,SD,00/00/0000,SD,SD,9999
1436,1,EGHA,EGH Acquisition Corp. - Class A ordinary shares,SD,SD,00/00/0000,SD,SD,9999
1437,1,EGHAR,EGH Acquisition Corp. - rights,SD,SD,00/00/0000,SD,SD,9999
1438,1,EGHAU,EGH Acquisition Corp. - Unit,SD,SD,00/00/0000,SD,SD,9999
1439,1,EGHT,8x8 Inc - Common stock,SD,SD,00/00/0000,SD,SD,9999
1440,1,EH,EHang Holdings Limited - ADS,SD,SD,00/00/0000,SD,SD,9999
1441,1,EHGO,Eshallgo Inc. - Class A Ordinary Shares,SD,SD,00/00/0000,SD,SD,9999
1442,1,EHLD,Euroholdings Ltd. - Common Stock,SD,SD,00/00/0000,SD,SD,9999
1443,1,EHLS,Even Herd Long Short ETF,SD,SD,00/00/0000,SD,SD,9999
1444,1,EHTH,"eHealth, Inc. - Common Stock",SD,SD,00/00/0000,SD,SD,9999
1445,1,EJH,E-Home Household Service Holdings Limited - Ordinary shares,SD,SD,00/00/0000,SD,SD,9999
1446,1,EKG,First Trust Nasdaq Lux Digital Health Solutions ETF,SD,SD,00/00/0000,SD,SD,9999
1447,1,EKSO,"Ekso Bionics Holdings, Inc. - Common Stock",SD,SD,00/00/0000,SD,SD,9999
1448,1,ELAB,PMGC Holdings Inc. - Common Stock,SD,SD,00/00/0000,SD,SD,9999
1449,1,ELBM,Electra Battery Materials Corporation - Common Stock,SD,SD,00/00/0000,SD,SD,9999
1450,1,ELDN,"Eledon Pharmaceuticals, Inc. - Common Stock",SD,SD,00/00/0000,SD,SD,9999
1451,1,ELFY,ALPS Electrification Infrastructure ETF,SD,SD,00/00/0000,SD,SD,9999
1452,1,ELIL,Direxion Daily LLY Bull 2X Shares,SD,SD,00/00/0000,SD,SD,9999
1453,1,ELIS,Direxion Daily LLY Bear 1X Shares,SD,SD,00/00/0000,SD,SD,9999
1454,1,ELOG,Eastern International Ltd. - Ordinary Shares,SD,SD,00/00/0000,SD,SD,9999
1455,1,ELPW,Elong Power Holding Limited - Class A Ordinary Shares,SD,SD,00/00/0000,SD,SD,9999
1456,1,ELSE,"Electro-Sensors, Inc. - Common Stock",SD,SD,00/00/0000,SD,SD,9999
1457,1,ELTK,Eltek Ltd. - Ordinary Shares,SD,SD,00/00/0000,SD,SD,9999
1458,1,ELTX,"Elicio Therapeutics, Inc. - Common Stock",SD,SD,00/00/0000,SD,SD,9999
1459,1,ELUT,"Elutia, Inc. - Class A Common Stock",SD,SD,00/00/0000,SD,SD,9999
1460,1,ELVA,Electrovaya Inc. - Common Shares,SD,SD,00/00/0000,SD,SD,9999
1461,1,ELVN,"Enliven Therapeutics, Inc.  - Common Stock",SD,SD,00/00/0000,SD,SD,9999
1462,1,ELVR,Elevra Lithium Limited - American Depository Shares,SD,SD,00/00/0000,SD,SD,9999
1463,1,ELWS,"Earlyworks Co., Ltd. - American Depositary Shares",SD,SD,00/00/0000,SD,SD,9999
1464,1,EM,Smart Share Global Limited - American Depositary Shares,SD,SD,00/00/0000,SD,SD,9999
1465,1,EMB,iShares J.P. Morgan USD Emerging Markets Bond ETF,SD,SD,00/00/0000,SD,SD,9999
1466,1,EMBC,Embecta Corp. - Common Stock,SD,SD,00/00/0000,SD,SD,9999
1467,1,EMCB,WisdomTree Emerging Markets Corporate Bond Fund,SD,SD,00/00/0000,SD,SD,9999
1468,1,EMEQ,Macquarie Focused Emerging Markets Equity ETF,SD,SD,00/00/0000,SD,SD,9999
1469,1,EMIF,iShares Emerging Markets Infrastructure ETF,SD,SD,00/00/0000,SD,SD,9999
1470,1,EMIS,Emmis Acquisition Corp. - Class A Ordinary Share,SD,SD,00/00/0000,SD,SD,9999
1471,1,EMISR,Emmis Acquisition Corp. - Rights,SD,SD,00/00/0000,SD,SD,9999
1472,1,EML,Eastern Company (The) - Common Stock,SD,SD,00/00/0000,SD,SD,9999
1473,1,EMPD,Empery Digital Inc. - Common stock,SD,SD,00/00/0000,SD,SD,9999
1474,1,EMPG,Empro Group Inc. - Ordinary shares,SD,SD,00/00/0000,SD,SD,9999
1475,1,EMXC,iShares MSCI Emerging Markets ex China ETF,SD,SD,00/00/0000,SD,SD,9999
1476,1,EMXF,iShares ESG Advanced MSCI EM ETF,SD,SD,00/00/0000,SD,SD,9999
1477,1,ENDW,Cambria Endowment Style ETF,SD,SD,00/00/0000,SD,SD,9999
1478,1,ENGN,enGene Holdings Inc. - Common Stock,SD,SD,00/00/0000,SD,SD,9999
1479,1,ENGNW,enGene Holdings Inc. - Warrants,SD,SD,00/00/0000,SD,SD,9999
1480,1,ENGS,Energys Group Limited - Ordinary Shares,SD,SD,00/00/0000,SD,SD,9999
1481,1,ENLT,Enlight Renewable Energy Ltd. - Ordinary Shares,SD,SD,00/00/0000,SD,SD,9999
1482,1,ENLV,Enlivex Therapeutics Ltd. - Ordinary Shares,SD,SD,00/00/0000,SD,SD,9999
1483,1,ENPH,"Enphase Energy, Inc. - Common Stock",SD,SD,00/00/0000,SD,SD,9999
1484,1,ENSC,"Ensysce Biosciences, Inc. - Common Stock",SD,SD,00/00/0000,SD,SD,9999
1485,1,ENSG,"The Ensign Group, Inc. - Common Stock",SD,SD,00/00/0000,SD,SD,9999
1486,1,ENTA,"Enanta Pharmaceuticals, Inc. - Common Stock",SD,SD,00/00/0000,SD,SD,9999
1487,1,ENTG,"Entegris, Inc. - Common Stock",SD,SD,00/00/0000,SD,SD,9999
1488,1,ENTO,Entero Therapeutics Inc. - Common Stock,SD,SD,00/00/0000,SD,SD,9999
1489,1,ENTX,Entera Bio Ltd. - Ordinary Shares,SD,SD,00/00/0000,SD,SD,9999
1490,1,ENVB,"Enveric Biosciences, Inc.  - Common Stock",SD,SD,00/00/0000,SD,SD,9999
1491,1,ENVX,Enovix Corporation - Common Stock,SD,SD,00/00/0000,SD,SD,9999
1492,1,ENZL,iShares MSCI New Zealand ETF,SD,SD,00/00/0000,SD,SD,9999
1493,1,EOLS,"Evolus, Inc. - Common Stock",SD,SD,00/00/0000,SD,SD,9999
1494,1,EOSE,"Eos Energy Enterprises, Inc. - Common Stock",SD,SD,00/00/0000,SD,SD,9999
1495,1,EOSEW,"Eos Energy Enterprises, Inc. - Warrant",SD,SD,00/00/0000,SD,SD,9999
1496,1,EPOW,"Sunrise New Energy Co., Ltd - Class A Ordinary Shares",SD,SD,00/00/0000,SD,SD,9999
1497,1,EPRX,Eupraxia Pharmaceuticals Inc. - Common Stock,SD,SD,00/00/0000,SD,SD,9999
1498,1,EPSM,Epsium Enterprise Limited - Class A Ordinary Shares,SD,SD,00/00/0000,SD,SD,9999
1499,1,EPSN,Epsilon Energy Ltd. - Common Shares,SD,SD,00/00/0000,SD,SD,9999
1500,1,EPWK,EPWK Holdings Ltd. - Class A Ordinary Shares,SD,SD,00/00/0000,SD,SD,9999
1501,1,EQ,"Equillium, Inc. - Common Stock",SD,SD,00/00/0000,SD,SD,9999
1502,1,EQIX,"Equinix, Inc. - Common Stock",SD,SD,00/00/0000,SD,SD,9999
1503,1,EQRR,ProShares Equities for Rising Rates ETF,SD,SD,00/00/0000,SD,SD,9999
1504,1,ERAS,"Erasca, Inc. - Common Stock",SD,SD,00/00/0000,SD,SD,9999
1505,1,ERET,iShares Environmentally Aware Real Estate ETF,SD,SD,00/00/0000,SD,SD,9999
1506,1,ERIC,Ericsson - American Depositary Shares each representing 1 underlying Class B share,SD,SD,00/00/0000,SD,SD,9999
1507,1,ERIE,Erie Indemnity Company - Class A Common Stock,SD,SD,00/00/0000,SD,SD,9999
1508,1,ERII,"Energy Recovery, Inc. - Common Stock",SD,SD,00/00/0000,SD,SD,9999
1509,1,ERNA,Ernexa Therapeutics Inc. - Common Stock,SD,SD,00/00/0000,SD,SD,9999
1510,1,ERNZ,TrueShares Active Yield ETF,SD,SD,00/00/0000,SD,SD,9999
1511,1,ESCA,"Escalade, Incorporated - Common Stock",SD,SD,00/00/0000,SD,SD,9999
1512,1,ESEA,Euroseas Ltd. - Common Stock,SD,SD,00/00/0000,SD,SD,9999
1513,1,ESGD,iShares ESG Aware MSCI EAFE ETF,SD,SD,00/00/0000,SD,SD,9999
1514,1,ESGE,iShares ESG Aware MSCI EM ETF,SD,SD,00/00/0000,SD,SD,9999
1515,1,ESGL,ESGL Holdings Limited - Class A Ordinary Shares,SD,SD,00/00/0000,SD,SD,9999
1516,1,ESGLW,ESGL Holdings Limited - Warrants,SD,SD,00/00/0000,SD,SD,9999
1517,1,ESGU,iShares ESG Aware MSCI USA ETF,SD,SD,00/00/0000,SD,SD,9999
1518,1,ESHA,ESH Acquisition Corp. - Class A Common Stock,SD,SD,00/00/0000,SD,SD,9999
1519,1,ESHAR,ESH Acquisition Corp. - Right,SD,SD,00/00/0000,SD,SD,9999
1520,1,ESLA,"Estrella Immunopharma, Inc. - Common Stock",SD,SD,00/00/0000,SD,SD,9999
1521,1,ESLAW,"Estrella Immunopharma, Inc. - Warrant",SD,SD,00/00/0000,SD,SD,9999
1522,1,ESLT,Elbit Systems Ltd. - Ordinary Shares,SD,SD,00/00/0000,SD,SD,9999
1523,1,ESMV,iShares ESG Optimized MSCI USA Min Vol Factor ETF,SD,SD,00/00/0000,SD,SD,9999
1524,1,ESN,Essential 40 Stock ETF,SD,SD,00/00/0000,SD,SD,9999
1525,1,ESOA,Energy Services of America Corporation - Common Stock,SD,SD,00/00/0000,SD,SD,9999
1526,1,ESPO,VanEck Video Gaming and eSports ETF,SD,SD,00/00/0000,SD,SD,9999
1527,1,ESPR,"Esperion Therapeutics, Inc. - Common Stock",SD,SD,00/00/0000,SD,SD,9999
1528,1,ESQ,"Esquire Financial Holdings, Inc. - Common Stock",SD,SD,00/00/0000,SD,SD,9999
1529,1,ESTA,Establishment Labs Holdings Inc. - Common Shares,SD,SD,00/00/0000,SD,SD,9999
1530,1,ETEC,iShares Breakthrough Environmental Solutions ETF,SD,SD,00/00/0000,SD,SD,9999
1531,1,ETHA,iShares Ethereum Trust - iShares Ethereum Trust ETF,SD,SD,00/00/0000,SD,SD,9999
1532,1,ETHI,Defiance Leveraged Long Income Ethereum ETF,SD,SD,00/00/0000,SD,SD,9999
1533,1,ETHM,Dynamix Corporation - Class A Ordinary Share,SD,SD,00/00/0000,SD,SD,9999
1534,1,ETHMU,Dynamix Corporation - Unit,SD,SD,00/00/0000,SD,SD,9999
1535,1,ETHMW,Dynamix Corporation - Warrant,SD,SD,00/00/0000,SD,SD,9999
1536,1,ETHZ,ETHZilla Corporation - Common Stock,SD,SD,00/00/0000,SD,SD,9999
1537,1,ETHZW,ETHZilla Corporation - Warrant,SD,SD,00/00/0000,SD,SD,9999
1538,1,ETNB,"89bio, Inc. - Common Stock",SD,SD,00/00/0000,SD,SD,9999
1539,1,ETON,"Eton Pharmaceuticals, Inc. - Common Stock",SD,SD,00/00/0000,SD,SD,9999
1540,1,ETOR,eToro Group Ltd. - Class A Common Shares,SD,SD,00/00/0000,SD,SD,9999
1541,1,ETRL,GraniteShares 2x Long ETOR Daily ETF,SD,SD,00/00/0000,SD,SD,9999
1542,1,ETS,Elite Express Holding Inc. - Class A Common Stock,SD,SD,00/00/0000,SD,SD,9999
1543,1,EU,enCore Energy Corp. - Common Stock,SD,SD,00/00/0000,SD,SD,9999
1544,1,EUDA,Euda Health Holdings Limited - Ordinary Shares,SD,SD,00/00/0000,SD,SD,9999
1545,1,EUDAW,Euda Health Holdings Limited - Warrant,SD,SD,00/00/0000,SD,SD,9999
1546,1,EUFN,iShares MSCI Europe Financials ETF,SD,SD,00/00/0000,SD,SD,9999
1547,1,EURK,Eureka Acquisition Corp - Class A Ordinary Share,SD,SD,00/00/0000,SD,SD,9999
1548,1,EURKR,Eureka Acquisition Corp - Right,SD,SD,00/00/0000,SD,SD,9999
1549,1,EURKU,Eureka Acquisition Corp - Unit,SD,SD,00/00/0000,SD,SD,9999
1550,1,EVAX,Evaxion A/S - American Depositary Share,SD,SD,00/00/0000,SD,SD,9999
1551,1,EVCM,EverCommerce Inc. - Common Stock,SD,SD,00/00/0000,SD,SD,9999
1552,1,EVER,"EverQuote, Inc. - Class A Common Stock",SD,SD,00/00/0000,SD,SD,9999
1553,1,EVGN,Evogene Ltd. - Ordinary Shares,SD,SD,00/00/0000,SD,SD,9999
1554,1,EVGO,EVgo Inc. - Common Stock,SD,SD,00/00/0000,SD,SD,9999
1555,1,EVGOW,"EVgo Inc. - Warrants, each whole warrant exercisable for one share of Class A Common Stock at an exercise price of $11.50",SD,SD,00/00/0000,SD,SD,9999
1556,1,EVLV,"Evolv Technologies Holdings, Inc. - Class A Common Stock",SD,SD,00/00/0000,SD,SD,9999
1557,1,EVLVW,"Evolv Technologies Holdings, Inc. - Warrant",SD,SD,00/00/0000,SD,SD,9999
1558,1,EVMT,Invesco Electric Vehicle Metals Commodity Strategy No K-1 ETF,SD,SD,00/00/0000,SD,SD,9999
1559,1,EVO,Evotec SE - American Depositary Shares each representing 1/2 of one ordinary share,SD,SD,00/00/0000,SD,SD,9999
1560,1,EVOK,"Evoke Pharma, Inc. - Common Stock",SD,SD,00/00/0000,SD,SD,9999
1561,1,EVRG,"Evergy, Inc. - Common Stock",SD,SD,00/00/0000,SD,SD,9999
1562,1,EVSD,Eaton Vance Short Duration Income ETF,SD,SD,00/00/0000,SD,SD,9999
1563,1,EVTV,"Envirotech Vehicles, Inc. - Common stock",SD,SD,00/00/0000,SD,SD,9999
1564,1,EVYM,Eaton Vance High Income Municipal ETF,SD,SD,00/00/0000,SD,SD,9999
1565,1,EWBC,"East West Bancorp, Inc. - Common Stock",SD,SD,00/00/0000,SD,SD,9999
1566,1,EWCZ,"European Wax Center, Inc. - Class A Common Stock",SD,SD,00/00/0000,SD,SD,9999
1567,1,EWJV,iShares MSCI Japan Value ETF,SD,SD,00/00/0000,SD,SD,9999
1568,1,EWTX,"Edgewise Therapeutics, Inc. - Common Stock",SD,SD,00/00/0000,SD,SD,9999
1569,1,EWZS,iShares MSCI Brazil Small-Cap ETF,SD,SD,00/00/0000,SD,SD,9999
1570,1,EXAS,Exact Sciences Corporation - Common Stock,SD,SD,00/00/0000,SD,SD,9999
1571,1,EXC,Exelon Corporation - Common Stock,SD,SD,00/00/0000,SD,SD,9999
1572,1,EXE,Expand Energy Corporation - Common Stock,SD,SD,00/00/0000,SD,SD,9999
1573,1,EXEEL,Expand Energy Corporation - Class C Warrants,SD,SD,00/00/0000,SD,SD,9999
1574,1,EXEEW,Expand Energy Corporation - Class A Warrants,SD,SD,00/00/0000,SD,SD,9999
1575,1,EXEEZ,Expand Energy Corporation - Class B Warrants,SD,SD,00/00/0000,SD,SD,9999
1576,1,EXEL,"Exelixis, Inc. - Common Stock",SD,SD,00/00/0000,SD,SD,9999
1577,1,EXFY,"Expensify, Inc. - Class A Common Stock",SD,SD,00/00/0000,SD,SD,9999
1578,1,EXLS,"ExlService Holdings, Inc. - Common Stock",SD,SD,00/00/0000,SD,SD,9999
1579,1,EXOZ,eXoZymes Inc. - Common Stock,SD,SD,00/00/0000,SD,SD,9999
1580,1,EXPE,"Expedia Group, Inc. - Common Stock",SD,SD,00/00/0000,SD,SD,9999
1581,1,EXPI,"eXp World Holdings, Inc. - Common Stock",SD,SD,00/00/0000,SD,SD,9999
1582,1,EXPO,"Exponent, Inc. - Common Stock",SD,SD,00/00/0000,SD,SD,9999
1583,1,EXTR,"Extreme Networks, Inc. - Common Stock",SD,SD,00/00/0000,SD,SD,9999
1584,1,EXUS,Macquarie Focused International Core ETF,SD,SD,00/00/0000,SD,SD,9999
1585,1,EYE,"National Vision Holdings, Inc. - Common Stock",SD,SD,00/00/0000,SD,SD,9999
1586,1,EYEG,AB Corporate Bond ETF,SD,SD,00/00/0000,SD,SD,9999
1587,1,EYPT,"EyePoint Pharmaceuticals, Inc. - Common Stock",SD,SD,00/00/0000,SD,SD,9999
1588,1,EZGO,EZGO Technologies Ltd. - Ordinary Shares,SD,SD,00/00/0000,SD,SD,9999
1589,1,EZMO,AlphaDroid Broad Markets Momentum ETF,SD,SD,00/00/0000,SD,SD,9999
1590,1,EZPW,"EZCORP, Inc. - Class A Non-Voting Common Stock",SD,SD,00/00/0000,SD,SD,9999
1591,1,EZRO,AlphaDroid Defensive Sector Rotation ETF,SD,SD,00/00/0000,SD,SD,9999
1592,1,FA,First Advantage Corporation - Common Stock,SD,SD,00/00/0000,SD,SD,9999
1593,1,FAAR,First Trust Alternative Absolute Return Strategy ETF,SD,SD,00/00/0000,SD,SD,9999
1594,1,FAB,First Trust Multi Cap Value AlphaDEX Fund,SD,SD,00/00/0000,SD,SD,9999
1595,1,FACT,FACT II Acquisition Corp. - Class A Ordinary Shares,SD,SD,00/00/0000,SD,SD,9999
1596,1,FACTU,FACT II Acquisition Corp. - Unit,SD,SD,00/00/0000,SD,SD,9999
1597,1,FACTW,FACT II Acquisition Corp. - Warrant,SD,SD,00/00/0000,SD,SD,9999
1598,1,FAD,First Trust Multi Cap Growth AlphaDEX Fund,SD,SD,00/00/0000,SD,SD,9999
1599,1,FALN,iShares Fallen Angels USD Bond ETF,SD,SD,00/00/0000,SD,SD,9999
1600,1,FAMI,"Farmmi, INC. - Ordinary Shares",SD,SD,00/00/0000,SD,SD,9999
1601,1,FANG,"Diamondback Energy, Inc. - Common Stock",SD,SD,00/00/0000,SD,SD,9999
1602,1,FARM,Farmer Brothers Company - Common Stock,SD,SD,00/00/0000,SD,SD,9999
1603,1,FAST,Fastenal Company - Common Stock,SD,SD,00/00/0000,SD,SD,9999
1604,1,FAT,FAT Brands Inc. - Common Stock,SD,SD,00/00/0000,SD,SD,9999
1605,1,FATBB,FAT Brands Inc. - Class B Common Stock,SD,SD,00/00/0000,SD,SD,9999
1606,1,FATBP,FAT Brands Inc. - 8.25% Series B Cumulative Preferred Stock,SD,SD,00/00/0000,SD,SD,9999
1607,1,FATE,"Fate Therapeutics, Inc. - Common Stock",SD,SD,00/00/0000,SD,SD,9999
1608,1,FATN,"FatPipe, Inc. - common stock",SD,SD,00/00/0000,SD,SD,9999
1609,1,FBGL,FBS Global Limited - Ordinary Shares,SD,SD,00/00/0000,SD,SD,9999
1610,1,FBIO,"Fortress Biotech, Inc. - Common Stock",SD,SD,00/00/0000,SD,SD,9999
1611,1,FBIOP,"Fortress Biotech, Inc. - 9.375% Series A Cumulative Redeemable Perpetual Preferred Stock",SD,SD,00/00/0000,SD,SD,9999
1612,1,FBIZ,"First Business Financial Services, Inc. - Common Stock",SD,SD,00/00/0000,SD,SD,9999
1613,1,FBL,GraniteShares 2x Long META Daily ETF,SD,SD,00/00/0000,SD,SD,9999
1614,1,FBLA,"FB Bancorp, Inc. - Common Stock",SD,SD,00/00/0000,SD,SD,9999
1615,1,FBLG,"FibroBiologics, Inc. - Common Stock",SD,SD,00/00/0000,SD,SD,9999
1616,1,FBNC,First Bancorp - Common Stock,SD,SD,00/00/0000,SD,SD,9999
1617,1,FBOT,Fidelity Disruptive Automation ETF,SD,SD,00/00/0000,SD,SD,9999
1618,1,FBRX,"Forte Biosciences, Inc.  - Common Stock",SD,SD,00/00/0000,SD,SD,9999
1619,1,FBYD,"Falcon's Beyond Global, Inc. - Class A Common Stock",SD,SD,00/00/0000,SD,SD,9999
1620,1,FBYDW,"Falcon's Beyond Global, Inc. - Warrants",SD,SD,00/00/0000,SD,SD,9999
1621,1,FBYY,GraniteShares YieldBOOST META ETF,SD,SD,00/00/0000,SD,SD,9999
1622,1,FCA,First Trust China AlphaDEX Fund,SD,SD,00/00/0000,SD,SD,9999
1623,1,FCAL,First Trust California Municipal High income ETF,SD,SD,00/00/0000,SD,SD,9999
1624,1,FCAP,"First Capital, Inc. - Common Stock",SD,SD,00/00/0000,SD,SD,9999
1625,1,FCBC,"First Community Bankshares, Inc. - Common Stock",SD,SD,00/00/0000,SD,SD,9999
1626,1,FCCO,First Community Corporation - Common Stock,SD,SD,00/00/0000,SD,SD,9999
1627,1,FCEF,First Trust Income Opportunities ETF,SD,SD,00/00/0000,SD,SD,9999
1628,1,FCEL,"FuelCell Energy, Inc. - Common Stock",SD,SD,00/00/0000,SD,SD,9999
1629,1,FCFS,"FirstCash Holdings, Inc. - Common Stock",SD,SD,00/00/0000,SD,SD,9999
1630,1,FCHL,Fitness Champs Holdings Limited - Common Stock,SD,SD,00/00/0000,SD,SD,9999
1631,1,FCNCA,"First Citizens BancShares, Inc. - Class A Common Stock",SD,SD,00/00/0000,SD,SD,9999
1632,1,FCNCO,"First Citizens BancShares, Inc. - 5.625% Non-Cumulative Perpetual Preferred Stock, Series C",SD,SD,00/00/0000,SD,SD,9999
1633,1,FCNCP,"First Citizens BancShares, Inc. - Depositary Shares Each Representing a 1/40th Interest in a Share of 5.375% Non-Cumulative Perpetual Preferred Stock, Series A",SD,SD,00/00/0000,SD,SD,9999
1634,1,FCTE,SMI 3Fourteen Full-Cycle Trend ETF,SD,SD,00/00/0000,SD,SD,9999
1635,1,FCUV,Focus Universal Inc. - Common Stock,SD,SD,00/00/0000,SD,SD,9999
1636,1,FCVT,First Trust SSI Strategic Convertible Securities ETF,SD,SD,00/00/0000,SD,SD,9999
1637,1,FDBC,"Fidelity D & D Bancorp, Inc. - Common Stock",SD,SD,00/00/0000,SD,SD,9999
1638,1,FDCF,Fidelity Disruptive Communications ETF,SD,SD,00/00/0000,SD,SD,9999
1639,1,FDFF,Fidelity Disruptive Finance ETF,SD,SD,00/00/0000,SD,SD,9999
1640,1,FDIF,Fidelity Disruptors ETF,SD,SD,00/00/0000,SD,SD,9999
1641,1,FDIG,Fidelity Crypto Industry and Digital Payments ETF,SD,SD,00/00/0000,SD,SD,9999
1642,1,FDIV,MarketDesk Focused U.S. Dividend ETF,SD,SD,00/00/0000,SD,SD,9999
1643,1,FDMT,"4D Molecular Therapeutics, Inc. - Common Stock",SD,SD,00/00/0000,SD,SD,9999
1644,1,FDNI,First Trust Dow Jones International Internet ETF,SD,SD,00/00/0000,SD,SD,9999
1645,1,FDSB,"Fifth District Bancorp, Inc. - Common Stock",SD,SD,00/00/0000,SD,SD,9999
1646,1,FDT,First Trust Developed Markets Ex-US AlphaDEX Fund,SD,SD,00/00/0000,SD,SD,9999
1647,1,FDTS,First Trust Developed Markets ex-US Small Cap AlphaDEX Fund,SD,SD,00/00/0000,SD,SD,9999
1648,1,FDTX,Fidelity Disruptive Technology ETF,SD,SD,00/00/0000,SD,SD,9999
1649,1,FDUS,Fidus Investment Corporation - Closed End Fund,SD,SD,00/00/0000,SD,SD,9999
1650,1,FEAM,"5E Advanced Materials, Inc. - Common Stock",SD,SD,00/00/0000,SD,SD,9999
1651,1,FEAT,YieldMax Dorsey Wright Featured 5 Income ETF,SD,SD,00/00/0000,SD,SD,9999
1652,1,FEBO,Fenbo Holdings Limited - Class A Ordinary Shares,SD,SD,00/00/0000,SD,SD,9999
1653,1,FEIM,"Frequency Electronics, Inc. - Common Stock",SD,SD,00/00/0000,SD,SD,9999
1654,1,FELE,"Franklin Electric Co., Inc. - Common Stock",SD,SD,00/00/0000,SD,SD,9999
1655,1,FEM,First Trust Emerging Markets AlphaDEX Fund,SD,SD,00/00/0000,SD,SD,9999
1656,1,FEMB,First Trust Emerging Markets Local Currency Bond ETF,SD,SD,00/00/0000,SD,SD,9999
1657,1,FEMS,First Trust Emerging Markets Small Cap AlphaDEX Fund,SD,SD,00/00/0000,SD,SD,9999
1658,1,FEMY,Femasys Inc. - Common Stock,SD,SD,00/00/0000,SD,SD,9999
1659,1,FENC,Fennec Pharmaceuticals Inc. - Common Stock,SD,SD,00/00/0000,SD,SD,9999
1660,1,FEP,First Trust Europe AlphaDEX Fund,SD,SD,00/00/0000,SD,SD,9999
1661,1,FEPI,REX FANG & Innovation Equity Premium Income ETF,SD,SD,00/00/0000,SD,SD,9999
1662,1,FER,Ferrovial SE - Ordinary Shares,SD,SD,00/00/0000,SD,SD,9999
1663,1,FERA,Fifth Era Acquisition Corp I - Class A Ordinary Shares,SD,SD,00/00/0000,SD,SD,9999
1664,1,FERAR,Fifth Era Acquisition Corp I - Rights,SD,SD,00/00/0000,SD,SD,9999
1665,1,FERAU,Fifth Era Acquisition Corp I - Units,SD,SD,00/00/0000,SD,SD,9999
1666,1,FEUZ,First Trust Eurozone AlphaDEX ETF,SD,SD,00/00/0000,SD,SD,9999
1667,1,FEX,First Trust Large Cap Core AlphaDEX Fund,SD,SD,00/00/0000,SD,SD,9999
1668,1,FFAI,Faraday Future Intelligent Electric Inc. - Class A Common Stock,SD,SD,00/00/0000,SD,SD,9999
1669,1,FFAIW,Faraday Future Intelligent Electric Inc. - Warrant,SD,SD,00/00/0000,SD,SD,9999
1670,1,FFBC,First Financial Bancorp. - Common Stock,SD,SD,00/00/0000,SD,SD,9999
1671,1,FFIC,Flushing Financial Corporation - Common Stock,SD,SD,00/00/0000,SD,SD,9999
1672,1,FFIN,"First Financial Bankshares, Inc. - Common Stock",SD,SD,00/00/0000,SD,SD,9999
1673,1,FFIV,"F5, Inc. - Common Stock",SD,SD,00/00/0000,SD,SD,9999
1674,1,FFUT,Fidelity Managed Futures ETF,SD,SD,00/00/0000,SD,SD,9999
1675,1,FGBI,"First Guaranty Bancshares, Inc. - Common Stock",SD,SD,00/00/0000,SD,SD,9999
1676,1,FGBIP,"First Guaranty Bancshares, Inc. - 6.75% Series A Fixed-Rate Non-Cumulative Perpetual Preferred Stock",SD,SD,00/00/0000,SD,SD,9999
1677,1,FGEN,"FibroGen, Inc - Common Stock",SD,SD,00/00/0000,SD,SD,9999
1678,1,FGI,FGI Industries Ltd. - Ordinary Shares,SD,SD,00/00/0000,SD,SD,9999
1679,1,FGIWW,FGI Industries Ltd. - warrant,SD,SD,00/00/0000,SD,SD,9999
1680,1,FGL,Founder Group Limited - Class A Ordinary Shares,SD,SD,00/00/0000,SD,SD,9999
1681,1,FGM,First Trust Germany AlphaDEX Fund,SD,SD,00/00/0000,SD,SD,9999
1682,1,FGMC,FG Merger II Corp. - Common stock,SD,SD,00/00/0000,SD,SD,9999
1683,1,FGMCR,FG Merger II Corp. - Rights,SD,SD,00/00/0000,SD,SD,9999
1684,1,FGMCU,FG Merger II Corp. - Unit,SD,SD,00/00/0000,SD,SD,9999
1685,1,FGNX,FG Nexus Inc. - Common Stock,SD,SD,00/00/0000,SD,SD,9999
1686,1,FGNXP,FG Nexus Inc. - 8.00% Cumulative Series A Preferred Stock,SD,SD,00/00/0000,SD,SD,9999
1687,1,FGSI,FT Vest Growth Strength & Target Income ETF,SD,SD,00/00/0000,SD,SD,9999
1688,1,FHB,"First Hawaiian, Inc. - Common Stock",SD,SD,00/00/0000,SD,SD,9999
1689,1,FHTX,Foghorn Therapeutics Inc. - Common Stock,SD,SD,00/00/0000,SD,SD,9999
1690,1,FIBK,"First Interstate BancSystem, Inc. - Common Stock",SD,SD,00/00/0000,SD,SD,9999
1691,1,FICS,First Trust International Developed Capital Strength ETF,SD,SD,00/00/0000,SD,SD,9999
1692,1,FID,First Trust S&P International Dividend Aristocrats ETF,SD,SD,00/00/0000,SD,SD,9999
1693,1,FIEE,"FiEE, Inc - Common Stock",SD,SD,00/00/0000,SD,SD,9999
1694,1,FIGG,Leverage Shares 2x Long FIG Daily ETF,SD,SD,00/00/0000,SD,SD,9999
1695,1,FIGR,"Figure Technology Solutions, Inc. - Class A Common Stock",SD,SD,00/00/0000,SD,SD,9999
1696,1,FIGX,FIGX Capital Acquisition Corp. - Class A ordinary share,SD,SD,00/00/0000,SD,SD,9999
1697,1,FIGXU,FIGX Capital Acquisition Corp. - Units,SD,SD,00/00/0000,SD,SD,9999
1698,1,FIGXW,FIGX Capital Acquisition Corp. - one-half of one redeemable warrant.,SD,SD,00/00/0000,SD,SD,9999
1699,1,FINW,FinWise Bancorp - Common Stock,SD,SD,00/00/0000,SD,SD,9999
1700,1,FINX,Global X FinTech ETF,SD,SD,00/00/0000,SD,SD,9999
1701,1,FIP,FTAI Infrastructure Inc. - Common Stock,SD,SD,00/00/0000,SD,SD,9999
1702,1,FISI,"Financial Institutions, Inc. - Common Stock",SD,SD,00/00/0000,SD,SD,9999
1703,1,FITB,Fifth Third Bancorp - Common Stock,SD,SD,00/00/0000,SD,SD,9999
1704,1,FITBI,Fifth Third Bancorp - Depositary Share repstg 1/1000th Ownership Interest Perp Pfd Series I,SD,SD,00/00/0000,SD,SD,9999
1705,1,FITBO,"Fifth Third Bancorp - Depositary Shares each representing a 1/1000th ownership interest in a share of Non-Cumulative Perpetual Preferred Stock, Series K",SD,SD,00/00/0000,SD,SD,9999
1706,1,FITBP,"Fifth Third Bancorp - Depositary Shares each representing 1/40th share of Fifth Third 6.00% Non-Cumulative Perpetual Class B Preferred Stock, Series A",SD,SD,00/00/0000,SD,SD,9999
1707,1,FIVE,"Five Below, Inc. - Common Stock",SD,SD,00/00/0000,SD,SD,9999
1708,1,FIVN,"Five9, Inc. - Common Stock",SD,SD,00/00/0000,SD,SD,9999
1709,1,FIVY,YieldMax Dorsey Wright Hybrid 5 Income ETF,SD,SD,00/00/0000,SD,SD,9999
1710,1,FIXD,First Trust Smith Opportunistic Fixed Income ETF,SD,SD,00/00/0000,SD,SD,9999
1711,1,FIZZ,National Beverage Corp. - Common Stock,SD,SD,00/00/0000,SD,SD,9999
1712,1,FJP,First Trust Japan AlphaDEX Fund,SD,SD,00/00/0000,SD,SD,9999
1713,1,FKU,First Trust United Kingdom AlphaDEX Fund,SD,SD,00/00/0000,SD,SD,9999
1714,1,FKWL,Franklin Wireless Corp. - common stock,SD,SD,00/00/0000,SD,SD,9999
1715,1,FLD,"Fold Holdings, Inc. - Class A Common Stock",SD,SD,00/00/0000,SD,SD,9999
1716,1,FLDB,Fidelity Low Duration Bond ETF,SD,SD,00/00/0000,SD,SD,9999
1717,1,FLDDW,"Fold Holdings, Inc. - Warrant",SD,SD,00/00/0000,SD,SD,9999
1718,1,FLEX,Flex Ltd. - Ordinary Shares,SD,SD,00/00/0000,SD,SD,9999
1719,1,FLGC,Flora Growth Corp. - Common Stock,SD,SD,00/00/0000,SD,SD,9999
1720,1,FLGT,"Fulgent Genetics, Inc. - Common Stock",SD,SD,00/00/0000,SD,SD,9999
1721,1,FLL,"Full House Resorts, Inc. - Common Stock",SD,SD,00/00/0000,SD,SD,9999
1722,1,FLN,First Trust Latin America AlphaDEX Fund,SD,SD,00/00/0000,SD,SD,9999
1723,1,FLNC,"Fluence Energy, Inc. - Class A Common Stock",SD,SD,00/00/0000,SD,SD,9999
1724,1,FLNT,"Fluent, Inc. - Common Stock",SD,SD,00/00/0000,SD,SD,9999
1725,1,FLUX,"Flux Power Holdings, Inc. - Common Stock",SD,SD,00/00/0000,SD,SD,9999
1726,1,FLWS,"1-800-FLOWERS.COM, Inc. - Class A Common Stock",SD,SD,00/00/0000,SD,SD,9999
1727,1,FLX,BingEx Limited - American Depositary Shares,SD,SD,00/00/0000,SD,SD,9999
1728,1,FLXS,"Flexsteel Industries, Inc. - Common Stock",SD,SD,00/00/0000,SD,SD,9999
1729,1,FLY,Firefly Aerospace Inc. - Common Stock,SD,SD,00/00/0000,SD,SD,9999
1730,1,FLYE,"Fly-E Group, Inc. - Common Stock",SD,SD,00/00/0000,SD,SD,9999
1731,1,FLYW,Flywire Corporation - Voting Common Stock,SD,SD,00/00/0000,SD,SD,9999
1732,1,FMAO,"Farmers & Merchants Bancorp, Inc. - Common Stock",SD,SD,00/00/0000,SD,SD,9999
1733,1,FMB,First Trust Managed Municipal ETF,SD,SD,00/00/0000,SD,SD,9999
1734,1,FMBH,"First Mid Bancshares, Inc. - Common Stock",SD,SD,00/00/0000,SD,SD,9999
1735,1,FMED,Fidelity Disruptive Medicine ETF,SD,SD,00/00/0000,SD,SD,9999
1736,1,FMET,Fidelity Metaverse ETF,SD,SD,00/00/0000,SD,SD,9999
1737,1,FMFC,Kandal M Venture Limited - Class A ordinary Shares,SD,SD,00/00/0000,SD,SD,9999
1738,1,FMHI,First Trust Municipal High Income ETF,SD,SD,00/00/0000,SD,SD,9999
1739,1,FMNB,Farmers National Banc Corp. - Common Stock,SD,SD,00/00/0000,SD,SD,9999
1740,1,FMST,Foremost Clean Energy Ltd. - Common Shares,SD,SD,00/00/0000,SD,SD,9999
1741,1,FMSTW,Foremost Clean Energy Ltd. - Warrant,SD,SD,00/00/0000,SD,SD,9999
1742,1,FMTM,MarketDesk Focused U.S. Momentum ETF,SD,SD,00/00/0000,SD,SD,9999
1743,1,FMUB,Fidelity Municipal Bond Opportunities ETF,SD,SD,00/00/0000,SD,SD,9999
1744,1,FMUN,Fidelity Systematic Municipal Bond Index ETF,SD,SD,00/00/0000,SD,SD,9999
1745,1,FNGR,"FingerMotion, Inc. - common stock",SD,SD,00/00/0000,SD,SD,9999
1746,1,FNK,First Trust Mid Cap Value AlphaDEX Fund,SD,SD,00/00/0000,SD,SD,9999
1747,1,FNKO,"Funko, Inc. - Class A Common Stock",SD,SD,00/00/0000,SD,SD,9999
1748,1,FNLC,"First Bancorp, Inc (ME) - Common Stock",SD,SD,00/00/0000,SD,SD,9999
1749,1,FNWB,First Northwest Bancorp - Common Stock,SD,SD,00/00/0000,SD,SD,9999
1750,1,FNWD,Finward Bancorp - common stock,SD,SD,00/00/0000,SD,SD,9999
1751,1,FNX,First Trust Mid Cap Core AlphaDEX Fund,SD,SD,00/00/0000,SD,SD,9999
1752,1,FNY,First Trust Mid Cap Growth AlphaDEX Fund,SD,SD,00/00/0000,SD,SD,9999
1753,1,FOFO,"Hang Feng Technology Innovation Co., Ltd. - Ordinary Shares",SD,SD,00/00/0000,SD,SD,9999
1754,1,FOLD,"Amicus Therapeutics, Inc. - Common Stock",SD,SD,00/00/0000,SD,SD,9999
1755,1,FONR,Fonar Corporation - Common Stock,SD,SD,00/00/0000,SD,SD,9999
1756,1,FORA,Forian Inc. - Common Stock,SD,SD,00/00/0000,SD,SD,9999
1757,1,FORD,"Forward Industries, Inc. - Common Stock",SD,SD,00/00/0000,SD,SD,9999
1758,1,FORM,"FormFactor, Inc. - Common Stock",SD,SD,00/00/0000,SD,SD,9999
1759,1,FORR,"Forrester Research, Inc. - Common Stock",SD,SD,00/00/0000,SD,SD,9999
1760,1,FORTY,Formula Systems (1985) Ltd. - American Depositary Shares,SD,SD,00/00/0000,SD,SD,9999
1761,1,FOSL,"Fossil Group, Inc. - Common Stock",SD,SD,00/00/0000,SD,SD,9999
1762,1,FOSLL,"Fossil Group, Inc. - 7% Senior Notes due 2026",SD,SD,00/00/0000,SD,SD,9999
1763,1,FOX,Fox Corporation - Class B Common Stock,SD,SD,00/00/0000,SD,SD,9999
1764,1,FOXA,Fox Corporation - Class A Common Stock,SD,SD,00/00/0000,SD,SD,9999
1765,1,FOXF,Fox Factory Holding Corp. - Common Stock,SD,SD,00/00/0000,SD,SD,9999
1766,1,FOXX,Foxx Development Holdings Inc. - Common Stock,SD,SD,00/00/0000,SD,SD,9999
1767,1,FOXXW,Foxx Development Holdings Inc. - Warrant,SD,SD,00/00/0000,SD,SD,9999
1768,1,FPA,First Trust Asia Pacific Ex-Japan AlphaDEX Fund,SD,SD,00/00/0000,SD,SD,9999
1769,1,FPAY,"FlexShopper, Inc. - Common Stock",SD,SD,00/00/0000,SD,SD,9999
1770,1,FPXE,First Trust IPOX Europe Equity Opportunities ETF,SD,SD,00/00/0000,SD,SD,9999
1771,1,FPXI,First Trust International Equity Opportunities ETF,SD,SD,00/00/0000,SD,SD,9999
1772,1,FRAF,Franklin Financial Services Corporation - Common Stock,SD,SD,00/00/0000,SD,SD,9999
1773,1,FRBA,First Bank  - Common Stock,SD,SD,00/00/0000,SD,SD,9999
1774,1,FRD,Friedman Industries Inc. - Common Stock,SD,SD,00/00/0000,SD,SD,9999
1775,1,FRDD,Direxion Daily F Bear 1X ETF,SD,SD,00/00/0000,SD,SD,9999
1776,1,FRDU,Direxion Daily F Bull 2X ETF,SD,SD,00/00/0000,SD,SD,9999
1777,1,FRGT,"Freight Technologies, Inc. - Ordinary Shares",SD,SD,00/00/0000,SD,SD,9999
1778,1,FRHC,Freedom Holding Corp. - Common Stock,SD,SD,00/00/0000,SD,SD,9999
1779,1,FRME,First Merchants Corporation - Common Stock,SD,SD,00/00/0000,SD,SD,9999
1780,1,FRMEP,"First Merchants Corporation - Depository Shares, each representing a 1/100th interest in a share of 7.50% Non-Cumulative Perpetual Preferred Stock, A",SD,SD,00/00/0000,SD,SD,9999
1781,1,FRMI,Fermi Inc. - Common Stock,SD,SD,00/00/0000,SD,SD,9999
1782,1,FROG,JFrog Ltd. - Ordinary shares,SD,SD,00/00/0000,SD,SD,9999
1783,1,FRPH,"FRP Holdings, Inc. - Common Stock",SD,SD,00/00/0000,SD,SD,9999
1784,1,FRPT,"Freshpet, Inc. - Common Stock",SD,SD,00/00/0000,SD,SD,9999
1785,1,FRSH,Freshworks Inc. - Class A Common Stock,SD,SD,00/00/0000,SD,SD,9999
1786,1,FRST,Primis Financial Corp. - Common Stock,SD,SD,00/00/0000,SD,SD,9999
1787,1,FRSX,Foresight Autonomous Holdings Ltd. - American Depositary Shares,SD,SD,00/00/0000,SD,SD,9999
1788,1,FSBC,Five Star Bancorp - Common Stock,SD,SD,00/00/0000,SD,SD,9999
1789,1,FSBW,"FS Bancorp, Inc. - Common Stock",SD,SD,00/00/0000,SD,SD,9999
1790,1,FSCS,First Trust SMID Capital Strength ETF,SD,SD,00/00/0000,SD,SD,9999
1791,1,FSEA,"First Seacoast Bancorp, Inc. - Common Stock",SD,SD,00/00/0000,SD,SD,9999
1792,1,FSFG,"First Savings Financial Group, Inc. - Common Stock",SD,SD,00/00/0000,SD,SD,9999
1793,1,FSGS,First Trust SMID Growth Strength ETF,SD,SD,00/00/0000,SD,SD,9999
1794,1,FSHP,Flag Ship Acquisition Corp. - Ordinary Shares,SD,SD,00/00/0000,SD,SD,9999
1795,1,FSHPR,Flag Ship Acquisition Corp. - Right,SD,SD,00/00/0000,SD,SD,9999
1796,1,FSHPU,Flag Ship Acquisition Corp. - Unit,SD,SD,00/00/0000,SD,SD,9999
1797,1,FSLR,"First Solar, Inc. - Common Stock",SD,SD,00/00/0000,SD,SD,9999
1798,1,FSTR,L.B. Foster Company - Common Stock,SD,SD,00/00/0000,SD,SD,9999
1799,1,FSUN,FirstSun Capital Bancorp - Common Stock,SD,SD,00/00/0000,SD,SD,9999
1800,1,FSV,FirstService Corporation - Common Shares,SD,SD,00/00/0000,SD,SD,9999
1801,1,FSZ,First Trust Switzerland AlphaDEX Fund,SD,SD,00/00/0000,SD,SD,9999
1802,1,FTA,First Trust Large Cap Value AlphaDEX Fund,SD,SD,00/00/0000,SD,SD,9999
1803,1,FTAG,First Trust Indxx Global Agriculture ETF,SD,SD,00/00/0000,SD,SD,9999
1804,1,FTAI,FTAI Aviation Ltd. - Common Stock,SD,SD,00/00/0000,SD,SD,9999
1805,1,FTAIM,FTAI Aviation Ltd. - 9.500% Fixed-Rate Reset Series D Cumulative Perpetual Redeemable Preferred Shares,SD,SD,00/00/0000,SD,SD,9999
1806,1,FTAIN,FTAI Aviation Ltd. - 8.25% Fixed-Rate Reset Series C Cumulative Perpetual Redeemable Preferred Shares,SD,SD,00/00/0000,SD,SD,9999
1807,1,FTC,First Trust Large Cap Growth AlphaDEX Fund,SD,SD,00/00/0000,SD,SD,9999
1808,1,FTCI,"FTC Solar, Inc. - Common Stock",SD,SD,00/00/0000,SD,SD,9999
1809,1,FTCS,First Trust Capital Strength ETF,SD,SD,00/00/0000,SD,SD,9999
1810,1,FTDR,"Frontdoor, Inc. - Common Stock",SD,SD,00/00/0000,SD,SD,9999
1811,1,FTDS,First Trust Dividend Strength ETF,SD,SD,00/00/0000,SD,SD,9999
1812,1,FTEK,"Fuel Tech, Inc. - Common Stock",SD,SD,00/00/0000,SD,SD,9999
1813,1,FTEL,Fitell Corporation - Class A Ordinary Shares,SD,SD,00/00/0000,SD,SD,9999
1814,1,FTFT,Future FinTech Group Inc. - Common Stock,SD,SD,00/00/0000,SD,SD,9999
1815,1,FTGC,First Trust Global Tactical Commodity Strategy Fund,SD,SD,00/00/0000,SD,SD,9999
1816,1,FTGS,First Trust Growth Strength ETF,SD,SD,00/00/0000,SD,SD,9999
1817,1,FTHI,First Trust BuyWrite Income ETF,SD,SD,00/00/0000,SD,SD,9999
1818,1,FTHM,Fathom Holdings Inc. - Common Stock,SD,SD,00/00/0000,SD,SD,9999
1819,1,FTLF,"FitLife Brands, Inc. - Common Stock",SD,SD,00/00/0000,SD,SD,9999
1820,1,FTNT,"Fortinet, Inc. - Common Stock",SD,SD,00/00/0000,SD,SD,9999
1821,1,FTQI,First Trust Nasdaq BuyWrite Income ETF,SD,SD,00/00/0000,SD,SD,9999
1822,1,FTRE,Fortrea Holdings Inc. - Common Stock,SD,SD,00/00/0000,SD,SD,9999
1823,1,FTRI,First Trust Indxx Global Natural Resources Income ETF,SD,SD,00/00/0000,SD,SD,9999
1824,1,FTRK,FAST TRACK GROUP - Ordinary shares,SD,SD,00/00/0000,SD,SD,9999
1825,1,FTSL,First Trust Senior Loan Fund,SD,SD,00/00/0000,SD,SD,9999
1826,1,FTSM,First Trust Enhanced Short Maturity ETF,SD,SD,00/00/0000,SD,SD,9999
1827,1,FTXG,First Trust Nasdaq Food & Beverage ETF,SD,SD,00/00/0000,SD,SD,9999
1828,1,FTXH,First Trust Nasdaq Pharmaceuticals ETF,SD,SD,00/00/0000,SD,SD,9999
1829,1,FTXL,First Trust Nasdaq Semiconductor ETF,SD,SD,00/00/0000,SD,SD,9999
1830,1,FTXN,First Trust Nasdaq Oil & Gas ETF,SD,SD,00/00/0000,SD,SD,9999
1831,1,FTXO,First Trust Nasdaq Bank ETF,SD,SD,00/00/0000,SD,SD,9999
1832,1,FTXR,First Trust Nasdaq Transportation ETF,SD,SD,00/00/0000,SD,SD,9999
1833,1,FUFU,BitFuFu Inc. - Class A Ordinary Shares,SD,SD,00/00/0000,SD,SD,9999
1834,1,FUFUW,BitFuFu Inc. - Warrant,SD,SD,00/00/0000,SD,SD,9999
1835,1,FULC,"Fulcrum Therapeutics, Inc. - Common Stock",SD,SD,00/00/0000,SD,SD,9999
1836,1,FULT,Fulton Financial Corporation - Common Stock,SD,SD,00/00/0000,SD,SD,9999
1837,1,FULTP,"Fulton Financial Corporation - Depositary Shares Each Representing a 1/40th Interest in a Share of Fixed Rate Non-Cumulative Perpetual Preferred Stock, Series A",SD,SD,00/00/0000,SD,SD,9999
1838,1,FUNC,First United Corporation - Common Stock,SD,SD,00/00/0000,SD,SD,9999
1839,1,FUND,"Sprott Focus Trust, Inc. - Closed End Fund",SD,SD,00/00/0000,SD,SD,9999
1840,1,FUSB,"First US Bancshares, Inc. - Common Stock",SD,SD,00/00/0000,SD,SD,9999
1841,1,FUTG,Leverage Shares 2x Long FUTU Daily ETF,SD,SD,00/00/0000,SD,SD,9999
1842,1,FUTU,Futu Holdings Limited - American Depositary Shares,SD,SD,00/00/0000,SD,SD,9999
1843,1,FV,First Trust Dorsey Wright Focus 5 ETF,SD,SD,00/00/0000,SD,SD,9999
1844,1,FVC,First Trust Dorsey Wright Dynamic Focus 5 ETF,SD,SD,00/00/0000,SD,SD,9999
1845,1,FVCB,"FVCBankcorp, Inc. - Common Stock",SD,SD,00/00/0000,SD,SD,9999
1846,1,FVN,Future Vision II Acquisition Corporation - Ordinary Shares,SD,SD,00/00/0000,SD,SD,9999
1847,1,FVNNR,Future Vision II Acquisition Corporation - Right,SD,SD,00/00/0000,SD,SD,9999
1848,1,FVNNU,Future Vision II Acquisition Corporation - Units,SD,SD,00/00/0000,SD,SD,9999
1849,1,FWONA,Liberty Media Corporation - Series A Liberty Formula One Common Stock,SD,SD,00/00/0000,SD,SD,9999
1850,1,FWONK,Liberty Media Corporation - Series C Liberty Formula One Common Stock,SD,SD,00/00/0000,SD,SD,9999
1851,1,FWRD,Forward Air Corporation - Common Stock,SD,SD,00/00/0000,SD,SD,9999
1852,1,FWRG,"First Watch Restaurant Group, Inc. - Common Stock",SD,SD,00/00/0000,SD,SD,9999
1853,1,FXNC,First National Corporation - Common Stock,SD,SD,00/00/0000,SD,SD,9999
1854,1,FYBR,"Frontier Communications Parent, Inc. - Common Stock",SD,SD,00/00/0000,SD,SD,9999
1855,1,FYC,First Trust Small Cap Growth AlphaDEX Fund,SD,SD,00/00/0000,SD,SD,9999
1856,1,FYT,First Trust Small Cap Value AlphaDEX Fund,SD,SD,00/00/0000,SD,SD,9999
1857,1,FYX,First Trust Small Cap Core AlphaDEX Fund,SD,SD,00/00/0000,SD,SD,9999
1858,1,GABC,"German American Bancorp, Inc. - Common Stock",SD,SD,00/00/0000,SD,SD,9999
1859,1,GAIA,"Gaia, Inc. - Class A Common Stock",SD,SD,00/00/0000,SD,SD,9999
1860,1,GAIN,Gladstone Investment Corporation - Business Development Company,SD,SD,00/00/0000,SD,SD,9999
1861,1,GAINI,Gladstone Investment Corporation - 7.875% Notes due 2030,SD,SD,00/00/0000,SD,SD,9999
1862,1,GAINL,Gladstone Investment Corporation - 8.00% Notes due 2028,SD,SD,00/00/0000,SD,SD,9999
1863,1,GAINN,Gladstone Investment Corporation - 5.00% Notes Due 2026,SD,SD,00/00/0000,SD,SD,9999
1864,1,GAINZ,Gladstone Investment Corporation - 4.875% Notes due 2028,SD,SD,00/00/0000,SD,SD,9999
1865,1,GALT,Galectin Therapeutics Inc. - Common Stock,SD,SD,00/00/0000,SD,SD,9999
1866,1,GAMB,Gambling.com Group Limited - Ordinary Shares,SD,SD,00/00/0000,SD,SD,9999
1867,1,GAME,"GameSquare Holdings, Inc. - Common stock",SD,SD,00/00/0000,SD,SD,9999
1868,1,GANX,"Gain Therapeutics, Inc. - Common Stock",SD,SD,00/00/0000,SD,SD,9999
1869,1,GASS,"StealthGas, Inc. - common stock",SD,SD,00/00/0000,SD,SD,9999
1870,1,GAUZ,Gauzy Ltd. - Ordinary Shares,SD,SD,00/00/0000,SD,SD,9999
1871,1,GBDC,"Golub Capital BDC, Inc. - Closed End Fund",SD,SD,00/00/0000,SD,SD,9999
1872,1,GBFH,GBank Financial Holdings Inc. - Common Stock,SD,SD,00/00/0000,SD,SD,9999
1873,1,GBIO,Generation Bio Co. - Common stock,SD,SD,00/00/0000,SD,SD,9999
1874,1,GBUG,Sprott Active Gold & Silver Miners ETF,SD,SD,00/00/0000,SD,SD,9999
1875,1,GCBC,"Greene County Bancorp, Inc. - Common Stock",SD,SD,00/00/0000,SD,SD,9999
1876,1,GCL,GCL Global Holdings Ltd - Ordinary Shares,SD,SD,00/00/0000,SD,SD,9999
1877,1,GCLWW,GCL Global Holdings Ltd - Warrants,SD,SD,00/00/0000,SD,SD,9999
1878,1,GCMG,GCM Grosvenor Inc. - Class A Common Stock,SD,SD,00/00/0000,SD,SD,9999
1879,1,GCMGW,GCM Grosvenor Inc. - Warrant,SD,SD,00/00/0000,SD,SD,9999
1880,1,GCT,GigaCloud Technology Inc - Class A Ordinary Shares,SD,SD,00/00/0000,SD,SD,9999
1881,1,GCTK,"GlucoTrack, Inc. - Common Stock",SD,SD,00/00/0000,SD,SD,9999
1882,1,GDC,GD Culture Group Limited - Common Stock,SD,SD,00/00/0000,SD,SD,9999
1883,1,GDEN,"Golden Entertainment, Inc. - Common Stock",SD,SD,00/00/0000,SD,SD,9999
1884,1,GDEV,GDEV Inc. - Ordinary Shares,SD,SD,00/00/0000,SD,SD,9999
1885,1,GDEVW,GDEV Inc. - Warrant,SD,SD,00/00/0000,SD,SD,9999
1886,1,GDFN,Tema International Defense Innovation ETF,SD,SD,00/00/0000,SD,SD,9999
1887,1,GDHG,Golden Heaven Group Holdings Ltd.  - Class A Ordinary Shares,SD,SD,00/00/0000,SD,SD,9999
1888,1,GDRX,"GoodRx Holdings, Inc. - Class A Common Stock",SD,SD,00/00/0000,SD,SD,9999
1889,1,GDS,GDS Holdings Limited - American Depositary Shares,SD,SD,00/00/0000,SD,SD,9999
1890,1,GDTC,CytoMed Therapeutics Limited - Ordinary Shares,SD,SD,00/00/0000,SD,SD,9999
1891,1,GDYN,"Grid Dynamics Holdings, Inc. - Class A Common Stock",SD,SD,00/00/0000,SD,SD,9999
1892,1,GECC,Great Elm Capital Corp. - Closed End Fund,SD,SD,00/00/0000,SD,SD,9999
1893,1,GECCG,Great Elm Capital Corp. - 7.75% Notes Due 2030,SD,SD,00/00/0000,SD,SD,9999
1894,1,GECCH,Great Elm Capital Corp. - 8.125% Notes Due 2029,SD,SD,00/00/0000,SD,SD,9999
1895,1,GECCI,Great Elm Capital Corp. - 8.50% NOTES DUE 2029,SD,SD,00/00/0000,SD,SD,9999
1896,1,GECCO,Great Elm Capital Corp. - 5.875% Notes due 2026,SD,SD,00/00/0000,SD,SD,9999
1897,1,GEG,"Great Elm Group, Inc.  - Common Stock",SD,SD,00/00/0000,SD,SD,9999
1898,1,GEGGL,"Great Elm Group, Inc.  - 7.25% Notes due 2027",SD,SD,00/00/0000,SD,SD,9999
1899,1,GEHC,GE HealthCare Technologies Inc. - Common Stock,SD,SD,00/00/0000,SD,SD,9999
1900,1,GELS,Gelteq Limited - Ordinary Shares,SD,SD,00/00/0000,SD,SD,9999
1901,1,GEME,Pacific North of South EM Equity Active ETF,SD,SD,00/00/0000,SD,SD,9999
1902,1,GEMI,"Gemini Space Station, Inc. - Class A Common Stock",SD,SD,00/00/0000,SD,SD,9999
1903,1,GEN,Gen Digital Inc. - Common Stock,SD,SD,00/00/0000,SD,SD,9999
1904,1,GENK,"GEN Restaurant Group, Inc. - Class A Common Stock",SD,SD,00/00/0000,SD,SD,9999
1905,1,GENVR,Gen Digital Inc. - Contingent Value Rights,SD,SD,00/00/0000,SD,SD,9999
1906,1,GEOS,Geospace Technologies Corporation - Common Stock,SD,SD,00/00/0000,SD,SD,9999
1907,1,GERN,Geron Corporation - Common Stock,SD,SD,00/00/0000,SD,SD,9999
1908,1,GEVO,"Gevo, Inc. - Common Stock",SD,SD,00/00/0000,SD,SD,9999
1909,1,GEW,Cambria Global EW ETF,SD,SD,00/00/0000,SD,SD,9999
1910,1,GFAI,"Guardforce AI Co., Limited - Ordinary Shares",SD,SD,00/00/0000,SD,SD,9999
1911,1,GFAIW,"Guardforce AI Co., Limited - Warrant",SD,SD,00/00/0000,SD,SD,9999
1912,1,GFGF,Guru Favorite Stocks ETF,SD,SD,00/00/0000,SD,SD,9999
1913,1,GFLW,VictoryShares Free Cash Flow Growth ETF,SD,SD,00/00/0000,SD,SD,9999
1914,1,GFS,GlobalFoundries Inc. - Ordinary Share,SD,SD,00/00/0000,SD,SD,9999
1915,1,GGAL,"Grupo Financiero Galicia S.A. - American Depositary Shares, Class B Shares underlying",SD,SD,00/00/0000,SD,SD,9999
1916,1,GGLL,Direxion Daily GOOGL Bull 2X Shares,SD,SD,00/00/0000,SD,SD,9999
1917,1,GGLS,Direxion Daily GOOGL Bear 1X Shares,SD,SD,00/00/0000,SD,SD,9999
1918,1,GGR,Gogoro Inc. - Ordinary Shares,SD,SD,00/00/0000,SD,SD,9999
1919,1,GGROW,Gogoro Inc. - Warrant,SD,SD,00/00/0000,SD,SD,9999
1920,1,GH,"Guardant Health, Inc. - Common Stock",SD,SD,00/00/0000,SD,SD,9999
1921,1,GHRS,GH Research PLC - Ordinary Shares,SD,SD,00/00/0000,SD,SD,9999
1922,1,GIBO,GIBO Holdings Limited - Class A Ordinary Shares,SD,SD,00/00/0000,SD,SD,9999
1923,1,GIBOW,GIBO Holdings Limited - Warrants,SD,SD,00/00/0000,SD,SD,9999
1924,1,GIFI,"Gulf Island Fabrication, Inc. - Common Stock",SD,SD,00/00/0000,SD,SD,9999
1925,1,GIFT,"Giftify, Inc. - Common Stock",SD,SD,00/00/0000,SD,SD,9999
1926,1,GIG,GigCapital7 Corp. - Class A Ordinary Share,SD,SD,00/00/0000,SD,SD,9999
1927,1,GIGGU,GigCapital7 Corp. - Unit,SD,SD,00/00/0000,SD,SD,9999
1928,1,GIGGW,GigCapital7 Corp. - Warrant,SD,SD,00/00/0000,SD,SD,9999
1929,1,GIGM,GigaMedia Limited - Ordinary Shares,SD,SD,00/00/0000,SD,SD,9999
1930,1,GIII,"G-III Apparel Group, LTD. - Common Stock",SD,SD,00/00/0000,SD,SD,9999
1931,1,GILD,"Gilead Sciences, Inc. - Common Stock",SD,SD,00/00/0000,SD,SD,9999
1932,1,GILT,Gilat Satellite Networks Ltd. - Ordinary Shares,SD,SD,00/00/0000,SD,SD,9999
1933,1,GIND,Goldman Sachs India Equity ETF,SD,SD,00/00/0000,SD,SD,9999
1934,1,GINX,SGI Enhanced Global Income ETF,SD,SD,00/00/0000,SD,SD,9999
1935,1,GIPR,Generation Income Properties Inc. - Common stock,SD,SD,00/00/0000,SD,SD,9999
1936,1,GIPRW,Generation Income Properties Inc. - Warrant,SD,SD,00/00/0000,SD,SD,9999
1937,1,GITS,"Global Interactive Technologies, Inc. Common Stock - Common Stock",SD,SD,00/00/0000,SD,SD,9999
1938,1,GIWWU,GigCapital8 Corp. - Units,SD,SD,00/00/0000,SD,SD,9999
1939,1,GKAT,Scharf Global Opportunity ETF,SD,SD,00/00/0000,SD,SD,9999
1940,1,GLAD,Gladstone Capital Corporation - Closed End Fund,SD,SD,00/00/0000,SD,SD,9999
1941,1,GLBE,Global-E Online Ltd. - ordinary shares,SD,SD,00/00/0000,SD,SD,9999
1942,1,GLBS,Globus Maritime Limited - Common Stock,SD,SD,00/00/0000,SD,SD,9999
1943,1,GLBZ,Glen Burnie Bancorp - Common Stock,SD,SD,00/00/0000,SD,SD,9999
1944,1,GLCR,GlacierShares Nasdaq Iceland ETF,SD,SD,00/00/0000,SD,SD,9999
1945,1,GLDD,Great Lakes Dredge & Dock Corporation - Common Stock,SD,SD,00/00/0000,SD,SD,9999
1946,1,GLDI,"ETRACS Gold Shares Covered Call ETNs due February 2, 2033",SD,SD,00/00/0000,SD,SD,9999
1947,1,GLDY,Defiance Gold Enhanced Options Income ETF,SD,SD,00/00/0000,SD,SD,9999
1948,1,GLE,Global Engine Group Holding Limited - Class A Ordinary Shares,SD,SD,00/00/0000,SD,SD,9999
1949,1,GLGG,Leverage Shares 2X Long GLXY Daily ETF,SD,SD,00/00/0000,SD,SD,9999
1950,1,GLIBA,"GCI Liberty, Inc. - Series A GCI Group Common Stock",SD,SD,00/00/0000,SD,SD,9999
1951,1,GLIBK,"GCI Liberty, Inc. - Series C GCI Group Common Stock",SD,SD,00/00/0000,SD,SD,9999
1952,1,GLMD,Galmed Pharmaceuticals Ltd. - Ordinary Shares,SD,SD,00/00/0000,SD,SD,9999
1953,1,GLNG,Golar LNG Limited - Common Shares,SD,SD,00/00/0000,SD,SD,9999
1954,1,GLOW,VictoryShares WestEnd Global Equity ETF,SD,SD,00/00/0000,SD,SD,9999
1955,1,GLPG,Galapagos NV - American Depositary Shares,SD,SD,00/00/0000,SD,SD,9999
1956,1,GLPI,"Gaming and Leisure Properties, Inc. - Common Stock",SD,SD,00/00/0000,SD,SD,9999
1957,1,GLRE,"Greenlight Reinsurance, Ltd. - Class A Ordinary Shares",SD,SD,00/00/0000,SD,SD,9999
1958,1,GLSI,"Greenwich LifeSciences, Inc. - Common stock",SD,SD,00/00/0000,SD,SD,9999
1959,1,GLTO,"Galecto, Inc. - Common Stock",SD,SD,00/00/0000,SD,SD,9999
1960,1,GLUE,"Monte Rosa Therapeutics, Inc. - Common Stock",SD,SD,00/00/0000,SD,SD,9999
1961,1,GLXG,Galaxy Payroll Group Limited - Class A Ordinary Shares,SD,SD,00/00/0000,SD,SD,9999
1962,1,GLXY,Galaxy Digital Inc. - Class A common stock,SD,SD,00/00/0000,SD,SD,9999
1963,1,GMAB,Genmab A/S - American Depositary Shares,SD,SD,00/00/0000,SD,SD,9999
1964,1,GMGI,"Golden Matrix Group, Inc. - Common Stock",SD,SD,00/00/0000,SD,SD,9999
1965,1,GMHS,Gamehaus Holdings Inc. - Class A Ordinary Shares,SD,SD,00/00/0000,SD,SD,9999
1966,1,GMM,Global Mofy AI Limited  - Class A Ordinary Shares,SD,SD,00/00/0000,SD,SD,9999
1967,1,GNFT,GENFIT S.A. - American Depositary Shares,SD,SD,00/00/0000,SD,SD,9999
1968,1,GNLN,"Greenlane Holdings, Inc. - Class A Common Stock",SD,SD,00/00/0000,SD,SD,9999
1969,1,GNLX,Genelux Corporation - Common Stock,SD,SD,00/00/0000,SD,SD,9999
1970,1,GNMA,iShares GNMA Bond ETF,SD,SD,00/00/0000,SD,SD,9999
1971,1,GNOM,Global X Genomics & Biotechnology ETF,SD,SD,00/00/0000,SD,SD,9999
1972,1,GNPX,"Genprex, Inc. - Common Stock",SD,SD,00/00/0000,SD,SD,9999
1973,1,GNSS,Genasys Inc. - Common Stock,SD,SD,00/00/0000,SD,SD,9999
1974,1,GNTA,Genenta Science S.p.A. - American Depositary Shares,SD,SD,00/00/0000,SD,SD,9999
1975,1,GNTX,Gentex Corporation - Common Stock,SD,SD,00/00/0000,SD,SD,9999
1976,1,GO,Grocery Outlet Holding Corp. - Common Stock,SD,SD,00/00/0000,SD,SD,9999
1977,1,GOCO,"GoHealth, Inc. - Class A Common Stock",SD,SD,00/00/0000,SD,SD,9999
1978,1,GOGO,Gogo Inc. - Common Stock,SD,SD,00/00/0000,SD,SD,9999
1979,1,GOOD,Gladstone Commercial Corporation - Real Estate Investment Trust,SD,SD,00/00/0000,SD,SD,9999
1980,1,GOODN,Gladstone Commercial Corporation - 6.625% Series E Cumulative Redeemable Preferred Stock,SD,SD,00/00/0000,SD,SD,9999
1981,1,GOODO,"Gladstone Commercial Corporation - 6.00% Series G Cumulative Redeemable Preferred Stock, par value $0.001 per share",SD,SD,00/00/0000,SD,SD,9999
1982,1,GOOG,Alphabet Inc. - Class C Capital Stock,SD,SD,00/00/0000,SD,SD,9999
1983,1,GOOGL,Alphabet Inc. - Class A Common Stock,SD,SD,00/00/0000,SD,SD,9999
1984,1,GORV,"Lazydays Holdings, Inc. - Common Stock",SD,SD,00/00/0000,SD,SD,9999
1985,1,GOSS,"Gossamer Bio, Inc. - Common Stock",SD,SD,00/00/0000,SD,SD,9999
1986,1,GOVI,Invesco Equal Weight 0-30 Year Treasury ETF,SD,SD,00/00/0000,SD,SD,9999
1987,1,GOVX,"GeoVax Labs, Inc. - Common Stock",SD,SD,00/00/0000,SD,SD,9999
1988,1,GP,GreenPower Motor Company Inc. - Common Shares,SD,SD,00/00/0000,SD,SD,9999
1989,1,GPAT,GP-Act III Acquisition Corp. - Class A Ordinary Share,SD,SD,00/00/0000,SD,SD,9999
1990,1,GPATU,GP-Act III Acquisition Corp. - Units,SD,SD,00/00/0000,SD,SD,9999
1991,1,GPATW,GP-Act III Acquisition Corp. - Warrants,SD,SD,00/00/0000,SD,SD,9999
1992,1,GPCR,Structure Therapeutics Inc. - American Depositary Shares,SD,SD,00/00/0000,SD,SD,9999
1993,1,GPIQ,Goldman Sachs Nasdaq-100 Premium Income ETF,SD,SD,00/00/0000,SD,SD,9999
1994,1,GPIX,Goldman Sachs S&P 500 Premium Income ETF,SD,SD,00/00/0000,SD,SD,9999
1995,1,GPRE,"Green Plains, Inc. - Common Stock",SD,SD,00/00/0000,SD,SD,9999
1996,1,GPRF,Goldman Sachs Access U.S. Preferred Stock and Hybrid Securities ETF,SD,SD,00/00/0000,SD,SD,9999
1997,1,GPRO,"GoPro, Inc. - Class A Common Stock",SD,SD,00/00/0000,SD,SD,9999
1998,1,GPT,Intelligent Alpha Atlas ETF,SD,SD,00/00/0000,SD,SD,9999
1999,1,GQQQ,Astoria US Quality Growth Kings ETF,SD,SD,00/00/0000,SD,SD,9999
2000,1,GRAB,Grab Holdings Limited - Class A Ordinary Shares,SD,SD,00/00/0000,SD,SD,9999
2001,1,GRABW,Grab Holdings Limited - Warrant,SD,SD,00/00/0000,SD,SD,9999
2002,1,GRAL,"GRAIL, Inc. - Common Stock",SD,SD,00/00/0000,SD,SD,9999
2003,1,GRAN,Grande Group Limited - Class A Ordinary Shares,SD,SD,00/00/0000,SD,SD,9999
2004,1,GRCE,"Grace Therapeutics, Inc. - Common Stock",SD,SD,00/00/0000,SD,SD,9999
2005,1,GREE,Greenidge Generation Holdings Inc. - Class A Common Stock,SD,SD,00/00/0000,SD,SD,9999
2006,1,GREEL,Greenidge Generation Holdings Inc. - 8.50% Senior Notes due 2026,SD,SD,00/00/0000,SD,SD,9999
2007,1,GRFS,"Grifols, S.A. - American Depositary Shares",SD,SD,00/00/0000,SD,SD,9999
2008,1,GRI,"GRI Bio, Inc. - Common Stock",SD,SD,00/00/0000,SD,SD,9999
2009,1,GRID,First Trust NASDAQ Clean Edge Smart Grid Infrastructure Index Fund,SD,SD,00/00/0000,SD,SD,9999
2010,1,GRIN,VictoryShares International Free Cash Flow Growth ETF,SD,SD,00/00/0000,SD,SD,9999
2011,1,GRNQ,Greenpro Capital Corp. - Common Stock,SD,SD,00/00/0000,SD,SD,9999
2012,1,GROW,"U.S. Global Investors, Inc. - Class A Common Stock",SD,SD,00/00/0000,SD,SD,9999
2013,1,GRPN,"Groupon, Inc. - Common Stock",SD,SD,00/00/0000,SD,SD,9999
2014,1,GRRR,Gorilla Technology Group Inc. - Ordinary shares,SD,SD,00/00/0000,SD,SD,9999
2015,1,GRRRW,Gorilla Technology Group Inc. - Warrant,SD,SD,00/00/0000,SD,SD,9999
2016,1,GRVY,"GRAVITY Co., Ltd. - American depositary shares, each representing one common share.",SD,SD,00/00/0000,SD,SD,9999
2017,1,GRW,TCW Durable Growth ETF,SD,SD,00/00/0000,SD,SD,9999
2018,1,GRWG,GrowGeneration Corp. - Common Stock,SD,SD,00/00/0000,SD,SD,9999
2019,1,GSAT,"Globalstar, Inc. - Common Stock",SD,SD,00/00/0000,SD,SD,9999
2020,1,GSBC,"Great Southern Bancorp, Inc. - Common Stock",SD,SD,00/00/0000,SD,SD,9999
2021,1,GSHD,"Goosehead Insurance, Inc. - Class A Common Stock",SD,SD,00/00/0000,SD,SD,9999
2022,1,GSHR,Gesher Acquisition Corp. II - Class A Ordinary Shares,SD,SD,00/00/0000,SD,SD,9999
2023,1,GSHRU,Gesher Acquisition Corp. II - Units,SD,SD,00/00/0000,SD,SD,9999
2024,1,GSHRW,Gesher Acquisition Corp. II - Warrants,SD,SD,00/00/0000,SD,SD,9999
2025,1,GSIB,Themes Global Systemically Important Banks ETF,SD,SD,00/00/0000,SD,SD,9999
2026,1,GSIT,"GSI Technology, Inc. - Common Stock",SD,SD,00/00/0000,SD,SD,9999
2027,1,GSIW,Garden Stage Limited - Ordinary Shares,SD,SD,00/00/0000,SD,SD,9999
2028,1,GSM,Ferroglobe PLC - Ordinary Shares,SD,SD,00/00/0000,SD,SD,9999
2029,1,GSRF,GSR IV Acquisition Corp. - Class A ordinary share,SD,SD,00/00/0000,SD,SD,9999
2030,1,GSRFR,GSR IV Acquisition Corp. - Rights,SD,SD,00/00/0000,SD,SD,9999
2031,1,GSRFU,GSR IV Acquisition Corp. - Units,SD,SD,00/00/0000,SD,SD,9999
2032,1,GSUN,Golden Sun Health Technology Group Limited - Class A Ordinary Shares,SD,SD,00/00/0000,SD,SD,9999
2033,1,GT,The Goodyear Tire & Rubber Company - Common Stock,SD,SD,00/00/0000,SD,SD,9999
2034,1,GTBP,"GT Biopharma, Inc. - Common Stock",SD,SD,00/00/0000,SD,SD,9999
2035,1,GTEC,Greenland Technologies Holding Corporation - Ordinary Shares,SD,SD,00/00/0000,SD,SD,9999
2036,1,GTEN,"Gores Holdings X, Inc. - Class A ordinary shares",SD,SD,00/00/0000,SD,SD,9999
2037,1,GTENU,"Gores Holdings X, Inc. - Units",SD,SD,00/00/0000,SD,SD,9999
2038,1,GTENW,"Gores Holdings X, Inc. - Warrants",SD,SD,00/00/0000,SD,SD,9999
2039,1,GTERA,Globa Terra Acquisition Corporation - Class A Ordinary Shares,SD,SD,00/00/0000,SD,SD,9999
2040,1,GTERR,Globa Terra Acquisition Corporation - Rights,SD,SD,00/00/0000,SD,SD,9999
2041,1,GTERU,Globa Terra Acquisition Corporation - Units,SD,SD,00/00/0000,SD,SD,9999
2042,1,GTERW,Globa Terra Acquisition Corporation - Warrants,SD,SD,00/00/0000,SD,SD,9999
2043,1,GTI,Graphjet Technology - Class A Ordinary Shares,SD,SD,00/00/0000,SD,SD,9999
2044,1,GTIM,Good Times Restaurants Inc. - Common Stock,SD,SD,00/00/0000,SD,SD,9999
2045,1,GTLB,GitLab Inc. - Class A Common Stock,SD,SD,00/00/0000,SD,SD,9999
2046,1,GTM,ZoomInfo Technologies Inc. - Common Stock,SD,SD,00/00/0000,SD,SD,9999
2047,1,GTR,WisdomTree Target Range Fund,SD,SD,00/00/0000,SD,SD,9999
2048,1,GTX,Garrett Motion Inc. - Common Stock,SD,SD,00/00/0000,SD,SD,9999
2049,1,GURE,"Gulf Resources, Inc. - Common Stock",SD,SD,00/00/0000,SD,SD,9999
2050,1,GUTS,"Fractyl Health, Inc. - Common Stock",SD,SD,00/00/0000,SD,SD,9999
2051,1,GV,Visionary Holdings Inc. - Common Shares,SD,SD,00/00/0000,SD,SD,9999
2052,1,GVH,Globavend Holdings Limited - Ord Shares,SD,SD,00/00/0000,SD,SD,9999
2053,1,GWAV,"Greenwave Technology Solutions, Inc. - Common Stock",SD,SD,00/00/0000,SD,SD,9999
2054,1,GWRS,"Global Water Resources, Inc. - common stock",SD,SD,00/00/0000,SD,SD,9999
2055,1,GXAI,Gaxos.ai Inc. - Common Stock,SD,SD,00/00/0000,SD,SD,9999
2056,1,GXDW,Global X Dorsey Wright Thematic ETF,SD,SD,00/00/0000,SD,SD,9999
2057,1,GYRE,"Gyre Therapeutics, Inc. - Common Stock",SD,SD,00/00/0000,SD,SD,9999
2058,1,GYRO,"Gyrodyne , LLC - Common Stock",SD,SD,00/00/0000,SD,SD,9999
2059,1,HAFC,Hanmi Financial Corporation - Common Stock,SD,SD,00/00/0000,SD,SD,9999
2060,1,HAIN,"The Hain Celestial Group, Inc. - Common Stock",SD,SD,00/00/0000,SD,SD,9999
2061,1,HALO,"Halozyme Therapeutics, Inc. - Common Stock",SD,SD,00/00/0000,SD,SD,9999
2062,1,HAO,Haoxi Health Technology Limited - Class A Ord Share,SD,SD,00/00/0000,SD,SD,9999
2063,1,HAS,"Hasbro, Inc. - Common Stock",SD,SD,00/00/0000,SD,SD,9999
2064,1,HBAN,Huntington Bancshares Incorporated - Common Stock,SD,SD,00/00/0000,SD,SD,9999
2065,1,HBANL,"Huntington Bancshares Incorporated - Depositary Shares, Each Representing a 1/40th Interest in a Share of 6.875% Series J Non-Cumulative Perpetual Preferred Stock",SD,SD,00/00/0000,SD,SD,9999
2066,1,HBANM,Huntington Bancshares Incorporated - Depositary Shares each representing a 1/1000th interest in a share of Huntington Series I Preferred Stock,SD,SD,00/00/0000,SD,SD,9999
2067,1,HBANP,Huntington Bancshares Incorporated - Depositary Shares 4.500% Series H Non-Cumulative Perpetual Preferred Stock,SD,SD,00/00/0000,SD,SD,9999
2068,1,HBCP,"Home Bancorp, Inc. - Common Stock",SD,SD,00/00/0000,SD,SD,9999
2069,1,HBDC,Hilton BDC Corporate Bond ETF,SD,SD,00/00/0000,SD,SD,9999
2070,1,HBIO,"Harvard Bioscience, Inc. - Common Stock",SD,SD,00/00/0000,SD,SD,9999
2071,1,HBNB,Hotel101 Global Holdings Corp. - Class A Ordinary Shares,SD,SD,00/00/0000,SD,SD,9999
2072,1,HBNC,"Horizon Bancorp, Inc. - Common Stock",SD,SD,00/00/0000,SD,SD,9999
2073,1,HBT,"HBT Financial, Inc. - Common Stock",SD,SD,00/00/0000,SD,SD,9999
2074,1,HCAI,"Huachen AI Parking Management Technology Holding Co., Ltd. - Class A Ordinary Shares",SD,SD,00/00/0000,SD,SD,9999
2075,1,HCAT,"Health Catalyst, Inc - Common stock",SD,SD,00/00/0000,SD,SD,9999
2076,1,HCHL,Happy City Holdings Limited - Class A Ordinary shares,SD,SD,00/00/0000,SD,SD,9999
2077,1,HCKT,"The Hackett Group, Inc. - Common Stock",SD,SD,00/00/0000,SD,SD,9999
2078,1,HCM,HUTCHMED (China) Limited - American Depositary Shares,SD,SD,00/00/0000,SD,SD,9999
2079,1,HCMA,HCM III Acquisition Corp. - Class A Ordinary Share,SD,SD,00/00/0000,SD,SD,9999
2080,1,HCMAU,HCM III Acquisition Corp. - Units,SD,SD,00/00/0000,SD,SD,9999
2081,1,HCMAW,HCM III Acquisition Corp. - Warrants,SD,SD,00/00/0000,SD,SD,9999
2082,1,HCOW,Amplify COWS Covered Call ETF,SD,SD,00/00/0000,SD,SD,9999
2083,1,HCSG,"Healthcare Services Group, Inc. - Common Stock",SD,SD,00/00/0000,SD,SD,9999
2084,1,HCTI,"Healthcare Triangle, Inc. - Common Stock",SD,SD,00/00/0000,SD,SD,9999
2085,1,HCWB,HCW Biologics Inc. - Common Stock,SD,SD,00/00/0000,SD,SD,9999
2086,1,HDL,SUPER HI INTERNATIONAL HOLDING LTD. - American Depositary Shares,SD,SD,00/00/0000,SD,SD,9999
2087,1,HDSN,"Hudson Technologies, Inc. - Common Stock",SD,SD,00/00/0000,SD,SD,9999
2088,1,HEAL,Global X HealthTech ETF,SD,SD,00/00/0000,SD,SD,9999
2089,1,HECO,SPDR Galaxy Hedged Digital Asset Ecosystem ETF,SD,SD,00/00/0000,SD,SD,9999
2090,1,HEJD,VictoryShares Hedged Equity Income ETF,SD,SD,00/00/0000,SD,SD,9999
2091,1,HELE,Helen of Troy Limited - Common Stock,SD,SD,00/00/0000,SD,SD,9999
2092,1,HEPS,D-Market Electronic Services & Trading - American Depositary Shares,SD,SD,00/00/0000,SD,SD,9999
2093,1,HEQQ,JPMorgan Nasdaq Hedged Equity Laddered Overlay ETF,SD,SD,00/00/0000,SD,SD,9999
2094,1,HERD,Pacer Cash Cows Fund of Funds ETF,SD,SD,00/00/0000,SD,SD,9999
2095,1,HERO,Global X Video Games & Esports ETF,SD,SD,00/00/0000,SD,SD,9999
2096,1,HERZ,"Herzfeld Credit Income Fund, Inc.  - Closed End Fund",SD,SD,00/00/0000,SD,SD,9999
2097,1,HFBL,"Home Federal Bancorp, Inc. of Louisiana - Common Stock",SD,SD,00/00/0000,SD,SD,9999
2098,1,HFFG,HF Foods Group Inc. - Common Stock,SD,SD,00/00/0000,SD,SD,9999
2099,1,HFSP,TradersAI Large Cap Equity & Cash ETF,SD,SD,00/00/0000,SD,SD,9999
2100,1,HFWA,Heritage Financial Corporation - Common Stock,SD,SD,00/00/0000,SD,SD,9999
2101,1,HGBL,Heritage Global Inc. - Common Stock,SD,SD,00/00/0000,SD,SD,9999
2102,1,HHS,"Harte Hanks, Inc. - Common Stock",SD,SD,00/00/0000,SD,SD,9999
2103,1,HIDE,Alpha Architect High Inflation and Deflation ETF,SD,SD,00/00/0000,SD,SD,9999
2104,1,HIFS,Hingham Institution for Savings - Common Stock,SD,SD,00/00/0000,SD,SD,9999
2105,1,HIHO,Highway Holdings Limited - Common Stock,SD,SD,00/00/0000,SD,SD,9999
2106,1,HIMX,"Himax Technologies, Inc. - American depositary shares, each of which represents two ordinary shares.",SD,SD,00/00/0000,SD,SD,9999
2107,1,HIMY,Defiance Leveraged Long Income HIMS ETF,SD,SD,00/00/0000,SD,SD,9999
2108,1,HIMZ,Defiance Daily Target 2X Long HIMS ETF,SD,SD,00/00/0000,SD,SD,9999
2109,1,HIND,"Vyome Holdings, Inc. - Common Stock",SD,SD,00/00/0000,SD,SD,9999
2110,1,HISF,First Trust High Income Strategic Focus ETF,SD,SD,00/00/0000,SD,SD,9999
2111,1,HIT,"Health In Tech, Inc. - Class A Common Stock",SD,SD,00/00/0000,SD,SD,9999
2112,1,HITI,High Tide Inc. - Common Shares,SD,SD,00/00/0000,SD,SD,9999
2113,1,HIVE,HIVE Digital Technologies Ltd - Common Shares,SD,SD,00/00/0000,SD,SD,9999
2114,1,HKIT,Hitek Global Inc. - Class A Ordinary Share,SD,SD,00/00/0000,SD,SD,9999
2115,1,HKPD,Hong Kong Pharma Digital Technology Holdings Limited - Ordinary shares,SD,SD,00/00/0000,SD,SD,9999
2116,1,HLAL,Wahed FTSE USA Shariah ETF,SD,SD,00/00/0000,SD,SD,9999
2117,1,HLIT,Harmonic Inc. - Common Stock,SD,SD,00/00/0000,SD,SD,9999
2118,1,HLMN,Hillman Solutions Corp. - Common Stock,SD,SD,00/00/0000,SD,SD,9999
2119,1,HLNE,Hamilton Lane Incorporated - Class A Common Stock,SD,SD,00/00/0000,SD,SD,9999
2120,1,HLP,Hongli Group Inc. - Ordinary Shares,SD,SD,00/00/0000,SD,SD,9999
2121,1,HMR,Heidmar Maritime Holdings Corp. - Common Stock,SD,SD,00/00/0000,SD,SD,9999
2122,1,HNDL,Strategy Shares Nasdaq 7HANDL Index ETF,SD,SD,00/00/0000,SD,SD,9999
2123,1,HNNA,"Hennessy Advisors, Inc. - Common Stock",SD,SD,00/00/0000,SD,SD,9999
2124,1,HNNAZ,"Hennessy Advisors, Inc. - 4.875% Notes due 2026",SD,SD,00/00/0000,SD,SD,9999
2125,1,HNRG,Hallador Energy Company - Common Stock,SD,SD,00/00/0000,SD,SD,9999
2126,1,HNST,"The Honest Company, Inc. - Common Stock",SD,SD,00/00/0000,SD,SD,9999
2127,1,HNVR,"Hanover Bancorp, Inc. - Common Stock",SD,SD,00/00/0000,SD,SD,9999
2128,1,HOFT,Hooker Furnishings Corporation - Common Stock,SD,SD,00/00/0000,SD,SD,9999
2129,1,HOLO,MicroCloud Hologram Inc. - Ordinary Shares,SD,SD,00/00/0000,SD,SD,9999
2130,1,HOLOW,MicroCloud Hologram Inc. - Warrant,SD,SD,00/00/0000,SD,SD,9999
2131,1,HOLX,"Hologic, Inc. - Common Stock",SD,SD,00/00/0000,SD,SD,9999
2132,1,HON,Honeywell International Inc. - Common Stock,SD,SD,00/00/0000,SD,SD,9999
2133,1,HOND,HCM II Acquisition Corp. - Class A Ordinary Shares,SD,SD,00/00/0000,SD,SD,9999
2134,1,HONDU,HCM II Acquisition Corp. - Unit,SD,SD,00/00/0000,SD,SD,9999
2135,1,HONDW,HCM II Acquisition Corp. - Warrant,SD,SD,00/00/0000,SD,SD,9999
2136,1,HONE,"HarborOne Bancorp, Inc. - Common Stock",SD,SD,00/00/0000,SD,SD,9999
2137,1,HONIV,Honeywell International Inc. - Common Stock Ex Distribution When Issued,SD,SD,00/00/0000,SD,SD,9999
2138,1,HOOD,"Robinhood Markets, Inc. - Class A Common Stock",SD,SD,00/00/0000,SD,SD,9999
2139,1,HOOG,Leverage Shares 2X Long HOOD Daily ETF,SD,SD,00/00/0000,SD,SD,9999
2140,1,HOOI,Defiance Leveraged Long Income HOOD ETF,SD,SD,00/00/0000,SD,SD,9999
2141,1,HOOX,Defiance Daily Target 2X Long HOOD ETF,SD,SD,00/00/0000,SD,SD,9999
2142,1,HOPE,"Hope Bancorp, Inc. - Common Stock",SD,SD,00/00/0000,SD,SD,9999
2143,1,HOTH,"Hoth Therapeutics, Inc. - Common Stock",SD,SD,00/00/0000,SD,SD,9999
2144,1,HOUR,"Hour Loop, Inc. - common stock",SD,SD,00/00/0000,SD,SD,9999
2145,1,HOVNP,Hovnanian Enterprises Inc - Depositary Share representing 1/1000th of 7.625% Series A Preferred Stock,SD,SD,00/00/0000,SD,SD,9999
2146,1,HOVR,New Horizon Aircraft Ltd. - Class A Ordinary Shares,SD,SD,00/00/0000,SD,SD,9999
2147,1,HOVRW,New Horizon Aircraft Ltd. - Warrant,SD,SD,00/00/0000,SD,SD,9999
2148,1,HOWL,"Werewolf Therapeutics, Inc. - Common Stock",SD,SD,00/00/0000,SD,SD,9999
2149,1,HOYY,GraniteShares YieldBOOST HOOD ETF,SD,SD,00/00/0000,SD,SD,9999
2150,1,HPAI,Helport AI Limited - Ordinary Shares,SD,SD,00/00/0000,SD,SD,9999
2151,1,HPAIW,Helport AI Limited - Warrants,SD,SD,00/00/0000,SD,SD,9999
2152,1,HPK,"HighPeak Energy, Inc. - Common Stock",SD,SD,00/00/0000,SD,SD,9999
2153,1,HQGO,Hartford US Quality Growth ETF,SD,SD,00/00/0000,SD,SD,9999
2154,1,HQI,"HireQuest, Inc. - Common Stock",SD,SD,00/00/0000,SD,SD,9999
2155,1,HQY,"HealthEquity, Inc. - Common Stock",SD,SD,00/00/0000,SD,SD,9999
2156,1,HRMY,"Harmony Biosciences Holdings, Inc. - Common Stock",SD,SD,00/00/0000,SD,SD,9999
2157,1,HROW,"Harrow, Inc. - Common Stock",SD,SD,00/00/0000,SD,SD,9999
2158,1,HRTS,Tema Heart & Health ETF,SD,SD,00/00/0000,SD,SD,9999
2159,1,HRTX,"Heron Therapeutics, Inc.   - Common Stock",SD,SD,00/00/0000,SD,SD,9999
2160,1,HRZN,Horizon Technology Finance Corporation - Common Stock,SD,SD,00/00/0000,SD,SD,9999
2161,1,HSAI,"Hesai Group - American Depositary Share, each ADS represents one Class B ordinary share",SD,SD,00/00/0000,SD,SD,9999
2162,1,HSCS,HeartSciences Inc. - Common Stock,SD,SD,00/00/0000,SD,SD,9999
2163,1,HSCSW,HeartSciences Inc. - Warrant,SD,SD,00/00/0000,SD,SD,9999
2164,1,HSDT,Solana Company - Class A Common Stock,SD,SD,00/00/0000,SD,SD,9999
2165,1,HSIC,"Henry Schein, Inc. - Common Stock",SD,SD,00/00/0000,SD,SD,9999
2166,1,HSII,"Heidrick & Struggles International, Inc. - Common Stock",SD,SD,00/00/0000,SD,SD,9999
2167,1,HSPO,Horizon Space Acquisition I Corp. - Ordinary Shares,SD,SD,00/00/0000,SD,SD,9999
2168,1,HSPOR,Horizon Space Acquisition I Corp. - Right,SD,SD,00/00/0000,SD,SD,9999
2169,1,HSPOU,Horizon Space Acquisition I Corp. - Unit,SD,SD,00/00/0000,SD,SD,9999
2170,1,HSPOW,Horizon Space Acquisition I Corp. - Warrant,SD,SD,00/00/0000,SD,SD,9999
2171,1,HSPT,Horizon Space Acquisition II Corp. - Ordinary share,SD,SD,00/00/0000,SD,SD,9999
2172,1,HSPTR,Horizon Space Acquisition II Corp. - Right,SD,SD,00/00/0000,SD,SD,9999
2173,1,HSPTU,Horizon Space Acquisition II Corp. - Units,SD,SD,00/00/0000,SD,SD,9999
2174,1,HST,"Host Hotels & Resorts, Inc. - Common Stock",SD,SD,00/00/0000,SD,SD,9999
2175,1,HSTM,"HealthStream, Inc. - Common Stock",SD,SD,00/00/0000,SD,SD,9999
2176,1,HTBK,Heritage Commerce Corp - Common Stock,SD,SD,00/00/0000,SD,SD,9999
2177,1,HTCO,High-Trend International Group - Class A Ordinary Shares,SD,SD,00/00/0000,SD,SD,9999
2178,1,HTCR,"Heartcore Enterprises, Inc. - Common Stock",SD,SD,00/00/0000,SD,SD,9999
2179,1,HTFL,"Heartflow, Inc. - Common Stock",SD,SD,00/00/0000,SD,SD,9999
2180,1,HTHT,H World Group Limited - American Depositary Shares,SD,SD,00/00/0000,SD,SD,9999
2181,1,HTLD,"Heartland Express, Inc. - Common Stock",SD,SD,00/00/0000,SD,SD,9999
2182,1,HTLM,HomesToLife Ltd - Ordinary Shares,SD,SD,00/00/0000,SD,SD,9999
2183,1,HTO,H2O America  - Common Stock,SD,SD,00/00/0000,SD,SD,9999
2184,1,HTOO,Fusion Fuel Green PLC - Ordinary Shares,SD,SD,00/00/0000,SD,SD,9999
2185,1,HTOOW,Fusion Fuel Green PLC - Warrant,SD,SD,00/00/0000,SD,SD,9999
2186,1,HTZ,"Hertz Global Holdings, Inc - Common Stock",SD,SD,00/00/0000,SD,SD,9999
2187,1,HTZWW,"Hertz Global Holdings, Inc - Warrant",SD,SD,00/00/0000,SD,SD,9999
2188,1,HUBC,Hub Cyber Security Ltd. - Ordinary Shares,SD,SD,00/00/0000,SD,SD,9999
2189,1,HUBCW,Hub Cyber Security Ltd. - Warrant expiring 2/27/28,SD,SD,00/00/0000,SD,SD,9999
2190,1,HUBCZ,Hub Cyber Security Ltd. - Warrant,SD,SD,00/00/0000,SD,SD,9999
2191,1,HUBG,"Hub Group, Inc. - Class A Common Stock",SD,SD,00/00/0000,SD,SD,9999
2192,1,HUDI,"Huadi International Group Co., Ltd. - Ordinary Shares",SD,SD,00/00/0000,SD,SD,9999
2193,1,HUHU,HUHUTECH International Group Inc. - Ordinary Shares,SD,SD,00/00/0000,SD,SD,9999
2194,1,HUIZ,Huize Holding Limited - American Depositary Shares,SD,SD,00/00/0000,SD,SD,9999
2195,1,HUMA,"Humacyte, Inc. - Common Stock",SD,SD,00/00/0000,SD,SD,9999
2196,1,HUMAW,"Humacyte, Inc. - Warrant",SD,SD,00/00/0000,SD,SD,9999
2197,1,HURA,"TuHURA Biosciences, Inc. - Common Stock",SD,SD,00/00/0000,SD,SD,9999
2198,1,HURC,"Hurco Companies, Inc. - Common Stock",SD,SD,00/00/0000,SD,SD,9999
2199,1,HURN,Huron Consulting Group Inc. - Common Stock,SD,SD,00/00/0000,SD,SD,9999
2200,1,HUT,Hut 8 Corp. - Common Stock,SD,SD,00/00/0000,SD,SD,9999
2201,1,HVII,Hennessy Capital Investment Corp. VII - Ordinary Shares,SD,SD,00/00/0000,SD,SD,9999
2202,1,HVIIR,Hennessy Capital Investment Corp. VII - Rights,SD,SD,00/00/0000,SD,SD,9999
2203,1,HVIIU,Hennessy Capital Investment Corp. VII - Unit,SD,SD,00/00/0000,SD,SD,9999
2204,1,HVMC,Highview Merger Corp. - Class A Ordinary Share,SD,SD,00/00/0000,SD,SD,9999
2205,1,HVMCU,Highview Merger Corp. - Units,SD,SD,00/00/0000,SD,SD,9999
2206,1,HVMCW,Highview Merger Corp. - Warrants,SD,SD,00/00/0000,SD,SD,9999
2207,1,HWAY,Themes US Infrastructure ETF,SD,SD,00/00/0000,SD,SD,9999
2208,1,HWBK,"Hawthorn Bancshares, Inc. - Common Stock",SD,SD,00/00/0000,SD,SD,9999
2209,1,HWC,Hancock Whitney Corporation - Common Stock,SD,SD,00/00/0000,SD,SD,9999
2210,1,HWCPZ,Hancock Whitney Corporation - 6.25% Subordinated Notes due 2060,SD,SD,00/00/0000,SD,SD,9999
2211,1,HWH,HWH International Inc. - Common Stock,SD,SD,00/00/0000,SD,SD,9999
2212,1,HWKN,"Hawkins, Inc. - Common Stock",SD,SD,00/00/0000,SD,SD,9999
2213,1,HWSM,Hotchkis & Wiley SMID Cap Diversified Value Fund,SD,SD,00/00/0000,SD,SD,9999
2214,1,HXHX,Haoxin Holdings Limited - Class A Ordinary Shares,SD,SD,00/00/0000,SD,SD,9999
2215,1,HYBI,NEOS Enhanced Income Credit Select ETF,SD,SD,00/00/0000,SD,SD,9999
2216,1,HYDR,Global X Hydrogen ETF,SD,SD,00/00/0000,SD,SD,9999
2217,1,HYFM,"Hydrofarm Holdings Group, Inc. - Common Stock",SD,SD,00/00/0000,SD,SD,9999
2218,1,HYFT,MindWalk Holdings Corp. - Common Stock,SD,SD,00/00/0000,SD,SD,9999
2219,1,HYLS,First Trust Tactical High Yield ETF,SD,SD,00/00/0000,SD,SD,9999
2220,1,HYMC,Hycroft Mining Holding Corporation - Class A Common Stock,SD,SD,00/00/0000,SD,SD,9999
2221,1,HYP,Golden Eagle Dynamic Hypergrowth ETF,SD,SD,00/00/0000,SD,SD,9999
2222,1,HYPD,"Hyperion DeFi, Inc. - Common Stock",SD,SD,00/00/0000,SD,SD,9999
2223,1,HYPR,"Hyperfine, Inc.  - Class A Common Stock",SD,SD,00/00/0000,SD,SD,9999
2224,1,HYXF,iShares ESG Advanced High Yield Corporate Bond ETF,SD,SD,00/00/0000,SD,SD,9999
2225,1,HYZD,WisdomTree Interest Rate Hedged High Yield Bond Fund,SD,SD,00/00/0000,SD,SD,9999
2226,1,IAC,IAC Inc. - Common Stock,SD,SD,00/00/0000,SD,SD,9999
2227,1,IART,Integra LifeSciences Holdings Corporation - Common Stock,SD,SD,00/00/0000,SD,SD,9999
2228,1,IAS,Integral Ad Science Holding Corp. - Common Stock,SD,SD,00/00/0000,SD,SD,9999
2229,1,IBAC,IB Acquisition Corp. - Common Stock,SD,SD,00/00/0000,SD,SD,9999
2230,1,IBACR,IB Acquisition Corp. - Right,SD,SD,00/00/0000,SD,SD,9999
2231,1,IBAT,iShares Energy Storage & Materials ETF,SD,SD,00/00/0000,SD,SD,9999
2232,1,IBB,iShares Biotechnology ETF,SD,SD,00/00/0000,SD,SD,9999
2233,1,IBBQ,Invesco Nasdaq Biotechnology ETF,SD,SD,00/00/0000,SD,SD,9999
2234,1,IBCP,Independent Bank Corporation - Common Stock,SD,SD,00/00/0000,SD,SD,9999
2235,1,IBEX,IBEX Limited - Common Share,SD,SD,00/00/0000,SD,SD,9999
2236,1,IBG,Innovation Beverage Group Limited - Ordinary Shares,SD,SD,00/00/0000,SD,SD,9999
2237,1,IBGA,iShares iBonds Dec 2044 Term Treasury ETF,SD,SD,00/00/0000,SD,SD,9999
2238,1,IBGB,iShares iBonds Dec 2045 Term Treasury ETF,SD,SD,00/00/0000,SD,SD,9999
2239,1,IBGK,iShares iBonds Dec 2054 Term Treasury ETF,SD,SD,00/00/0000,SD,SD,9999
2240,1,IBGL,iShares iBonds Dec 2055 Term Treasury ETF,SD,SD,00/00/0000,SD,SD,9999
2241,1,IBIO,"iBio, Inc. - Common Stock",SD,SD,00/00/0000,SD,SD,9999
2242,1,IBIT,iShares Bitcoin Trust ETF - iShares Bitcoin Trust ETF,SD,SD,00/00/0000,SD,SD,9999
2243,1,IBKR,"Interactive Brokers Group, Inc. - Class A Common Stock",SD,SD,00/00/0000,SD,SD,9999
2244,1,IBOC,International Bancshares Corporation - Common Stock,SD,SD,00/00/0000,SD,SD,9999
2245,1,IBOT,VanEck Robotics ETF,SD,SD,00/00/0000,SD,SD,9999
2246,1,IBRX,"ImmunityBio, Inc. - Common Stock",SD,SD,00/00/0000,SD,SD,9999
2247,1,IBTF,iShares iBonds Dec 2025 Term Treasury ETF,SD,SD,00/00/0000,SD,SD,9999
2248,1,IBTG,iShares iBonds Dec 2026 Term Treasury ETF,SD,SD,00/00/0000,SD,SD,9999
2249,1,IBTH,iShares iBonds Dec 2027 Term Treasury ETF,SD,SD,00/00/0000,SD,SD,9999
2250,1,IBTI,iShares iBonds Dec 2028 Term Treasury ETF,SD,SD,00/00/0000,SD,SD,9999
2251,1,IBTJ,iShares iBonds Dec 2029 Term Treasury ETF,SD,SD,00/00/0000,SD,SD,9999
2252,1,IBTK,iShares iBonds Dec 2030 Term Treasury ETF,SD,SD,00/00/0000,SD,SD,9999
2253,1,IBTL,iShares iBonds Dec 2031 Term Treasury ETF,SD,SD,00/00/0000,SD,SD,9999
2254,1,IBTM,iShares iBonds Dec 2032 Term Treasury ETF,SD,SD,00/00/0000,SD,SD,9999
2255,1,IBTO,iShares iBonds Dec 2033 Term Treasury ETF,SD,SD,00/00/0000,SD,SD,9999
2256,1,IBTP,iShares iBonds Dec 2034 Term Treasury ETF,SD,SD,00/00/0000,SD,SD,9999
2257,1,IBTQ,iShares iBonds Dec 2035 Term Treasury ETF,SD,SD,00/00/0000,SD,SD,9999
2258,1,ICCC,ImmuCell Corporation - Common Stock,SD,SD,00/00/0000,SD,SD,9999
2259,1,ICCM,IceCure Medical Ltd. - Ordinary Shares,SD,SD,00/00/0000,SD,SD,9999
2260,1,ICFI,"ICF International, Inc. - Common Stock",SD,SD,00/00/0000,SD,SD,9999
2261,1,ICG,Intchains Group Limited - American Depositary Shares,SD,SD,00/00/0000,SD,SD,9999
2262,1,ICHR,Ichor Holdings - Ordinary Shares,SD,SD,00/00/0000,SD,SD,9999
2263,1,ICLN,iShares Global Clean Energy ETF,SD,SD,00/00/0000,SD,SD,9999
2264,1,ICLR,ICON plc - Ordinary Shares,SD,SD,00/00/0000,SD,SD,9999
2265,1,ICMB,"Investcorp Credit Management BDC, Inc. - Common Stock",SD,SD,00/00/0000,SD,SD,9999
2266,1,ICON,Icon Energy Corp. - Common stock,SD,SD,00/00/0000,SD,SD,9999
2267,1,ICOP,iShares Copper and Metals Mining ETF,SD,SD,00/00/0000,SD,SD,9999
2268,1,ICU,SeaStar Medical Holding Corporation - Common Stock,SD,SD,00/00/0000,SD,SD,9999
2269,1,ICUCW,SeaStar Medical Holding Corporation - Warrant,SD,SD,00/00/0000,SD,SD,9999
2270,1,ICUI,"ICU Medical, Inc. - Common Stock",SD,SD,00/00/0000,SD,SD,9999
2271,1,IDAI,T Stamp Inc. - Class A Common Stock,SD,SD,00/00/0000,SD,SD,9999
2272,1,IDCC,"InterDigital, Inc. - Common Stock",SD,SD,00/00/0000,SD,SD,9999
2273,1,IDEF,iShares Defense Industrials Active ETF,SD,SD,00/00/0000,SD,SD,9999
2274,1,IDN,"Intellicheck, Inc. - Common Stock",SD,SD,00/00/0000,SD,SD,9999
2275,1,IDXX,"IDEXX Laboratories, Inc. - Common Stock",SD,SD,00/00/0000,SD,SD,9999
2276,1,IDYA,"IDEAYA Biosciences, Inc. - Common Stock",SD,SD,00/00/0000,SD,SD,9999
2277,1,IEF,iShares 7-10 Year Treasury Bond ETF,SD,SD,00/00/0000,SD,SD,9999
2278,1,IEI,iShares 3-7 Year Treasury Bond ETF,SD,SD,00/00/0000,SD,SD,9999
2279,1,IEP,Icahn Enterprises L.P. - Depositary Units representing Limited Partner Interests,SD,SD,00/00/0000,SD,SD,9999
2280,1,IESC,"IES Holdings, Inc. - Common Stock",SD,SD,00/00/0000,SD,SD,9999
2281,1,IEUS,iShares MSCI Europe Small-Cap ETF,SD,SD,00/00/0000,SD,SD,9999
2282,1,IFBD,"Infobird Co., Ltd - Ordinary Shares",SD,SD,00/00/0000,SD,SD,9999
2283,1,IFGL,iShares International Developed Real Estate ETF,SD,SD,00/00/0000,SD,SD,9999
2284,1,IFLO,VictoryShares International Free Cash Flow ETF,SD,SD,00/00/0000,SD,SD,9999
2285,1,IFRX,InflaRx N.V. - Common Stock,SD,SD,00/00/0000,SD,SD,9999
2286,1,IFV,First Trust Dorsey Wright International Focus 5 ETF,SD,SD,00/00/0000,SD,SD,9999
2287,1,IGF,iShares Global Infrastructure ETF,SD,SD,00/00/0000,SD,SD,9999
2288,1,IGIB,iShares 5-10 Year Investment Grade Corporate Bond ETF,SD,SD,00/00/0000,SD,SD,9999
2289,1,IGIC,International General Insurance Holdings Ltd. - Ordinary Shares,SD,SD,00/00/0000,SD,SD,9999
2290,1,IGOV,iShares International Treasury Bond ETF,SD,SD,00/00/0000,SD,SD,9999
2291,1,IGSB,iShares 1-5 Year Investment Grade Corporate Bond ETF,SD,SD,00/00/0000,SD,SD,9999
2292,1,IHRT,"iHeartMedia, Inc. - Class A Common Stock",SD,SD,00/00/0000,SD,SD,9999
2293,1,IHYF,Invesco High Yield Bond Factor ETF,SD,SD,00/00/0000,SD,SD,9999
2294,1,III,"Information Services Group, Inc. - Common Stock",SD,SD,00/00/0000,SD,SD,9999
2295,1,IIIV,"i3 Verticals, Inc. - Common Stock",SD,SD,00/00/0000,SD,SD,9999
2296,1,IINN,Inspira Technologies Oxy B.H.N. Ltd. - Ordinary Shares,SD,SD,00/00/0000,SD,SD,9999
2297,1,IINNW,Inspira Technologies Oxy B.H.N. Ltd. - Warrant,SD,SD,00/00/0000,SD,SD,9999
2298,1,IJT,iShares S&P SmallCap 600 Growth ETF,SD,SD,00/00/0000,SD,SD,9999
2299,1,IKT,"Inhibikase Therapeutics, Inc. - Common Stock",SD,SD,00/00/0000,SD,SD,9999
2300,1,ILAG,Intelligent Living Application Group Inc. - Ordinary Shares,SD,SD,00/00/0000,SD,SD,9999
2301,1,ILIT,iShares Lithium Miners and Producers ETF,SD,SD,00/00/0000,SD,SD,9999
2302,1,ILLR,Triller Group Inc. - Common Stock,SD,SD,00/00/0000,SD,SD,9999
2303,1,ILLRW,Triller Group Inc. - Warrant,SD,SD,00/00/0000,SD,SD,9999
2304,1,ILMN,"Illumina, Inc. - Common Stock",SD,SD,00/00/0000,SD,SD,9999
2305,1,ILPT,Industrial Logistics Properties Trust - Common Shares of Beneficial Interest,SD,SD,00/00/0000,SD,SD,9999
2306,1,IMA,"ImageneBio, Inc. - Common Stock",SD,SD,00/00/0000,SD,SD,9999
2307,1,IMAB,I-MAB - American Depositary Shares,SD,SD,00/00/0000,SD,SD,9999
2308,1,IMCC,IM Cannabis Corp. - Common Shares,SD,SD,00/00/0000,SD,SD,9999
2309,1,IMCR,Immunocore Holdings plc - American Depositary Shares,SD,SD,00/00/0000,SD,SD,9999
2310,1,IMCV,iShares Morningstar Mid-Cap Value ETF,SD,SD,00/00/0000,SD,SD,9999
2311,1,IMDX,Insight Molecular Diagnostics Inc. - Common Stock,SD,SD,00/00/0000,SD,SD,9999
2312,1,IMG,CIMG Inc. - Common Stock,SD,SD,00/00/0000,SD,SD,9999
2313,1,IMKTA,"Ingles Markets, Incorporated - Class A Common Stock",SD,SD,00/00/0000,SD,SD,9999
2314,1,IMMP,Immutep Limited - American Depositary Shares,SD,SD,00/00/0000,SD,SD,9999
2315,1,IMMR,Immersion Corporation - Common Stock,SD,SD,00/00/0000,SD,SD,9999
2316,1,IMMX,"Immix Biopharma, Inc. - Common Stock",SD,SD,00/00/0000,SD,SD,9999
2317,1,IMNM,"Immunome, Inc. - Common Stock",SD,SD,00/00/0000,SD,SD,9999
2318,1,IMNN,"Imunon, Inc. - Common Stock",SD,SD,00/00/0000,SD,SD,9999
2319,1,IMOM,Alpha Architect International Quantitative Momentum ETF,SD,SD,00/00/0000,SD,SD,9999
2320,1,IMOS,ChipMOS TECHNOLOGIES INC. - American Depositary Shares,SD,SD,00/00/0000,SD,SD,9999
2321,1,IMPP,Imperial Petroleum Inc. - Common Shares,SD,SD,00/00/0000,SD,SD,9999
2322,1,IMPPP,Imperial Petroleum Inc. - 8.75% Series A Cumulative Redeemable Perpetual Preferred Shares,SD,SD,00/00/0000,SD,SD,9999
2323,1,IMRN,Immuron Limited - American Depositary Shares,SD,SD,00/00/0000,SD,SD,9999
2324,1,IMRX,Immuneering Corporation - Class A Common Stock,SD,SD,00/00/0000,SD,SD,9999
2325,1,IMTE,Integrated Media Technology Limited - Ordinary Shares,SD,SD,00/00/0000,SD,SD,9999
2326,1,IMTX,Immatics N.V. - Ordinary Shares,SD,SD,00/00/0000,SD,SD,9999
2327,1,IMUX,"Immunic, Inc.  - Common Stock",SD,SD,00/00/0000,SD,SD,9999
2328,1,IMVT,"Immunovant, Inc.  - Common Stock",SD,SD,00/00/0000,SD,SD,9999
2329,1,IMXI,"International Money Express, Inc. - Common Stock",SD,SD,00/00/0000,SD,SD,9999
2330,1,INAB,"IN8bio, Inc. - Common Stock",SD,SD,00/00/0000,SD,SD,9999
2331,1,INAC,Indigo Acquisition Corp. - Ordinary Shares,SD,SD,00/00/0000,SD,SD,9999
2332,1,INACR,Indigo Acquisition Corp. - Right,SD,SD,00/00/0000,SD,SD,9999
2333,1,INACU,Indigo Acquisition Corp. - Unit,SD,SD,00/00/0000,SD,SD,9999
2334,1,INBK,First Internet Bancorp - Common Stock,SD,SD,00/00/0000,SD,SD,9999
2335,1,INBKZ,First Internet Bancorp - Fixed-to-Floating Rate Subordinated Notes Due 2029,SD,SD,00/00/0000,SD,SD,9999
2336,1,INBS,Intelligent Bio Solutions Inc.  - Common Stock,SD,SD,00/00/0000,SD,SD,9999
2337,1,INBX,"Inhibrx Biosciences, Inc. - Common Stock",SD,SD,00/00/0000,SD,SD,9999
2338,1,INCR,Intercure Ltd. - ordinary shares,SD,SD,00/00/0000,SD,SD,9999
2339,1,INCY,Incyte Corporation - Common Stock,SD,SD,00/00/0000,SD,SD,9999
2340,1,INDB,Independent Bank Corp. - Common Stock,SD,SD,00/00/0000,SD,SD,9999
2341,1,INDH,WisdomTree India Hedged Equity Fund,SD,SD,00/00/0000,SD,SD,9999
2342,1,INDI,"indie Semiconductor, Inc. - Class A Common Stock",SD,SD,00/00/0000,SD,SD,9999
2343,1,INDP,"Indaptus Therapeutics, Inc. - Common Stock",SD,SD,00/00/0000,SD,SD,9999
2344,1,INDV,Indivior PLC - Ordinary Shares,SD,SD,00/00/0000,SD,SD,9999
2345,1,INDY,iShares India 50 ETF,SD,SD,00/00/0000,SD,SD,9999
2346,1,INEO,INNEOVA Holdings Limited - Ordinary Shares,SD,SD,00/00/0000,SD,SD,9999
2347,1,INFR,ClearBridge Sustainable Infrastructure ETF,SD,SD,00/00/0000,SD,SD,9999
2348,1,INGN,"Inogen, Inc - Common Stock",SD,SD,00/00/0000,SD,SD,9999
2349,1,INHD,Inno Holdings Inc. - Common Stock,SD,SD,00/00/0000,SD,SD,9999
2350,1,INKT,"MiNK Therapeutics, Inc. - Common Stock",SD,SD,00/00/0000,SD,SD,9999
2351,1,INLF,INLIF LIMITED - Class A Ordinary shares,SD,SD,00/00/0000,SD,SD,9999
2352,1,INM,InMed Pharmaceuticals Inc. - Common Shares,SD,SD,00/00/0000,SD,SD,9999
2353,1,INMB,INmune Bio Inc. - Common stock,SD,SD,00/00/0000,SD,SD,9999
2354,1,INMD,InMode Ltd.  - Ordinary Shares,SD,SD,00/00/0000,SD,SD,9999
2355,1,INNV,InnovAge Holding Corp. - Common Stock,SD,SD,00/00/0000,SD,SD,9999
2356,1,INO,"Inovio Pharmaceuticals, Inc. - Common Stock",SD,SD,00/00/0000,SD,SD,9999
2357,1,INOD,Innodata Inc. - Common Stock,SD,SD,00/00/0000,SD,SD,9999
2358,1,INRO,iShares U.S. Industry Rotation Active ETF,SD,SD,00/00/0000,SD,SD,9999
2359,1,INSE,"Inspired Entertainment, Inc. - Common Stock",SD,SD,00/00/0000,SD,SD,9999
2360,1,INSG,Inseego Corp. - Common Stock,SD,SD,00/00/0000,SD,SD,9999
2361,1,INSM,Insmed Incorporated - Common Stock,SD,SD,00/00/0000,SD,SD,9999
2362,1,INTA,"Intapp, Inc. - Common Stock",SD,SD,00/00/0000,SD,SD,9999
2363,1,INTC,Intel Corporation - Common Stock,SD,SD,00/00/0000,SD,SD,9999
2364,1,INTG,The Intergroup Corporation - Common Stock,SD,SD,00/00/0000,SD,SD,9999
2365,1,INTJ,Intelligent Group Limited - Class A Ordinary Shares,SD,SD,00/00/0000,SD,SD,9999
2366,1,INTR,Inter & Co. Inc. - Class A Common Shares,SD,SD,00/00/0000,SD,SD,9999
2367,1,INTS,"Intensity Therapeutics, Inc. - Common Stock",SD,SD,00/00/0000,SD,SD,9999
2368,1,INTU,Intuit Inc. - Common Stock,SD,SD,00/00/0000,SD,SD,9999
2369,1,INTW,GraniteShares 2x Long INTC Daily ETF,SD,SD,00/00/0000,SD,SD,9999
2370,1,INTZ,Intrusion Inc. - Common Stock,SD,SD,00/00/0000,SD,SD,9999
2371,1,INV,"Innventure, Inc. - Common Stock",SD,SD,00/00/0000,SD,SD,9999
2372,1,INVA,"Innoviva, Inc. - Common Stock",SD,SD,00/00/0000,SD,SD,9999
2373,1,INVE,"Identiv, Inc. - Common Stock",SD,SD,00/00/0000,SD,SD,9999
2374,1,INVZ,Innoviz Technologies Ltd. - Ordinary shares,SD,SD,00/00/0000,SD,SD,9999
2375,1,INVZW,Innoviz Technologies Ltd. - Warrant,SD,SD,00/00/0000,SD,SD,9999
2376,1,IOBT,"IO Biotech, Inc. - Common Stock",SD,SD,00/00/0000,SD,SD,9999
2377,1,IONL,GraniteShares 2x Long IONQ Daily ETF,SD,SD,00/00/0000,SD,SD,9999
2378,1,IONR,ioneer Ltd - American Depositary Shares,SD,SD,00/00/0000,SD,SD,9999
2379,1,IONS,"Ionis Pharmaceuticals, Inc. - Common Stock",SD,SD,00/00/0000,SD,SD,9999
2380,1,IONX,Defiance Daily Target 2X Long IONQ ETF,SD,SD,00/00/0000,SD,SD,9999
2381,1,IONZ,Defiance Daily Target 2x Short IONQ ETF,SD,SD,00/00/0000,SD,SD,9999
2382,1,IOSP,Innospec Inc. - Common Stock,SD,SD,00/00/0000,SD,SD,9999
2383,1,IOTR,iOThree Limited - Ordinary Shares,SD,SD,00/00/0000,SD,SD,9999
2384,1,IOVA,"Iovance Biotherapeutics, Inc. - Common Stock",SD,SD,00/00/0000,SD,SD,9999
2385,1,IPAR,"Interparfums, Inc. - Common Stock",SD,SD,00/00/0000,SD,SD,9999
2386,1,IPCX,Inflection Point Acquisition Corp. III - Class A ordinary shares,SD,SD,00/00/0000,SD,SD,9999
2387,1,IPCXR,Inflection Point Acquisition Corp. III - Rights,SD,SD,00/00/0000,SD,SD,9999
2388,1,IPCXU,Inflection Point Acquisition Corp. III - Units,SD,SD,00/00/0000,SD,SD,9999
2389,1,IPDN,"Professional Diversity Network, Inc. - Common Stock",SD,SD,00/00/0000,SD,SD,9999
2390,1,IPGP,IPG Photonics Corporation - Common Stock,SD,SD,00/00/0000,SD,SD,9999
2391,1,IPHA,Innate Pharma S.A. - American Depositary Shares,SD,SD,00/00/0000,SD,SD,9999
2392,1,IPKW,Invesco International BuyBack Achievers ETF,SD,SD,00/00/0000,SD,SD,9999
2393,1,IPM,Intelligent Protection Management Corp.  - Common Stock,SD,SD,00/00/0000,SD,SD,9999
2394,1,IPOD,Dune Acquisition Corporation II - Class A ordinary shares,SD,SD,00/00/0000,SD,SD,9999
2395,1,IPODU,Dune Acquisition Corporation II - Units,SD,SD,00/00/0000,SD,SD,9999
2396,1,IPODW,Dune Acquisition Corporation II - Warrants,SD,SD,00/00/0000,SD,SD,9999
2397,1,IPSC,"Century Therapeutics, Inc. - Common Stock",SD,SD,00/00/0000,SD,SD,9999
2398,1,IPST,"Heritage Distilling Holding Company, Inc. - Common Stock",SD,SD,00/00/0000,SD,SD,9999
2399,1,IPW,iPower Inc. - Common Stock,SD,SD,00/00/0000,SD,SD,9999
2400,1,IPWR,Ideal Power Inc. - Common Stock,SD,SD,00/00/0000,SD,SD,9999
2401,1,IPX,IperionX Limited - American Depositary Share,SD,SD,00/00/0000,SD,SD,9999
2402,1,IQ,"iQIYI, Inc. - American Depositary Shares",SD,SD,00/00/0000,SD,SD,9999
2403,1,IQQQ,ProShares Nasdaq-100 High Income ETF,SD,SD,00/00/0000,SD,SD,9999
2404,1,IQST,iQSTEL Inc. - Common Stock,SD,SD,00/00/0000,SD,SD,9999
2405,1,IRBT,iRobot Corporation - Common Stock,SD,SD,00/00/0000,SD,SD,9999
2406,1,IRD,"Opus Genetics, Inc. - Common Stock",SD,SD,00/00/0000,SD,SD,9999
2407,1,IRDM,Iridium Communications Inc - Common Stock,SD,SD,00/00/0000,SD,SD,9999
2408,1,IREN,IREN Limited - Ordinary Shares,SD,SD,00/00/0000,SD,SD,9999
2409,1,IRIX,IRIDEX Corporation - Common Stock,SD,SD,00/00/0000,SD,SD,9999
2410,1,IRMD,iRadimed Corporation - Common Stock,SD,SD,00/00/0000,SD,SD,9999
2411,1,IRON,"Disc Medicine, Inc. - Common Stock",SD,SD,00/00/0000,SD,SD,9999
2412,1,IROQ,"IF Bancorp, Inc. - Common Stock",SD,SD,00/00/0000,SD,SD,9999
2413,1,IRTC,"iRhythm Technologies, Inc. - Common Stock",SD,SD,00/00/0000,SD,SD,9999
2414,1,IRWD,"Ironwood Pharmaceuticals, Inc. - Class A Common Stock",SD,SD,00/00/0000,SD,SD,9999
2415,1,ISBA,Isabella Bank Corporation - Common stock,SD,SD,00/00/0000,SD,SD,9999
2416,1,ISHG,iShares 1-3 Year International Treasury Bond ETF,SD,SD,00/00/0000,SD,SD,9999
2417,1,ISHP,First Trust S-Network E-Commerce ETF,SD,SD,00/00/0000,SD,SD,9999
2418,1,ISPC,iSpecimen Inc. - Common Stock,SD,SD,00/00/0000,SD,SD,9999
2419,1,ISPO,Inspirato Incorporated - Class A Common Stock,SD,SD,00/00/0000,SD,SD,9999
2420,1,ISPOW,Inspirato Incorporated - Warrant,SD,SD,00/00/0000,SD,SD,9999
2421,1,ISPR,Ispire Technology Inc. - Common Stock,SD,SD,00/00/0000,SD,SD,9999
2422,1,ISRG,"Intuitive Surgical, Inc. - Common Stock",SD,SD,00/00/0000,SD,SD,9999
2423,1,ISRL,Israel Acquisitions Corp - Class A Ordinary Shares,SD,SD,00/00/0000,SD,SD,9999
2424,1,ISRLU,Israel Acquisitions Corp - Unit,SD,SD,00/00/0000,SD,SD,9999
2425,1,ISRLW,Israel Acquisitions Corp - Warrant,SD,SD,00/00/0000,SD,SD,9999
2426,1,ISSC,"Innovative Solutions and Support, Inc. - Common Stock",SD,SD,00/00/0000,SD,SD,9999
2427,1,ISTB,iShares Core 1-5 Year USD Bond ETF,SD,SD,00/00/0000,SD,SD,9999
2428,1,ISTR,Investar Holding Corporation - Common Stock,SD,SD,00/00/0000,SD,SD,9999
2429,1,ISUL,GraniteShares 2x Long ISRG Daily ETF,SD,SD,00/00/0000,SD,SD,9999
2430,1,ITIC,Investors Title Company - Common Stock,SD,SD,00/00/0000,SD,SD,9999
2431,1,ITRI,"Itron, Inc. - Common Stock",SD,SD,00/00/0000,SD,SD,9999
2432,1,ITRM,Iterum Therapeutics plc - Ordinary Share,SD,SD,00/00/0000,SD,SD,9999
2433,1,ITRN,Ituran Location and Control Ltd. - Ordinary Shares,SD,SD,00/00/0000,SD,SD,9999
2434,1,IUS,Invesco RAFI Strategic US ETF,SD,SD,00/00/0000,SD,SD,9999
2435,1,IUSB,iShares Core Total USD Bond Market ETF,SD,SD,00/00/0000,SD,SD,9999
2436,1,IUSG,iShares Core S&P U.S. Growth ETF,SD,SD,00/00/0000,SD,SD,9999
2437,1,IUSV,iShares Core S&P U.S. Value ETF,SD,SD,00/00/0000,SD,SD,9999
2438,1,IVA,Inventiva S.A. - American Depository Shares,SD,SD,00/00/0000,SD,SD,9999
2439,1,IVAL,Alpha Architect International Quantitative Value ETF,SD,SD,00/00/0000,SD,SD,9999
2440,1,IVDA,"Iveda Solutions, Inc. - Common Stock",SD,SD,00/00/0000,SD,SD,9999
2441,1,IVDAW,"Iveda Solutions, Inc. - Warrant",SD,SD,00/00/0000,SD,SD,9999
2442,1,IVF,"INVO Fertility, Inc. - Common Stock",SD,SD,00/00/0000,SD,SD,9999
2443,1,IVP,"Inspire Veterinary Partners, Inc. - Class A Common Stock",SD,SD,00/00/0000,SD,SD,9999
2444,1,IVVD,"Invivyd, Inc. - Common Stock",SD,SD,00/00/0000,SD,SD,9999
2445,1,IXHL,Incannex Healthcare Inc. - Common Stock,SD,SD,00/00/0000,SD,SD,9999
2446,1,IXUS,iShares Core MSCI Total International Stock ETF,SD,SD,00/00/0000,SD,SD,9999
2447,1,IZEA,"IZEA Worldwide, Inc. - Common Stock",SD,SD,00/00/0000,SD,SD,9999
2448,1,IZM,ICZOOM Group Inc. - Class A Ordinary Shares,SD,SD,00/00/0000,SD,SD,9999
2449,1,JACK,Jack In The Box Inc. - Common Stock,SD,SD,00/00/0000,SD,SD,9999
2450,1,JAGX,"Jaguar Health, Inc. - Common Stock",SD,SD,00/00/0000,SD,SD,9999
2451,1,JAKK,"JAKKS Pacific, Inc. - Common Stock",SD,SD,00/00/0000,SD,SD,9999
2452,1,JAMF,Jamf Holding Corp. - Common Stock,SD,SD,00/00/0000,SD,SD,9999
2453,1,JANX,"Janux Therapeutics, Inc. - Common Stock",SD,SD,00/00/0000,SD,SD,9999
2454,1,JAPN,Horizon Kinetics Japan Owner Operator ETF,SD,SD,00/00/0000,SD,SD,9999
2455,1,JAZZ,Jazz Pharmaceuticals plc - Ordinary Shares,SD,SD,00/00/0000,SD,SD,9999
2456,1,JBDI,JBDI Holdings Limited - Ordinary Shares,SD,SD,00/00/0000,SD,SD,9999
2457,1,JBHT,"J.B. Hunt Transport Services, Inc. - Common Stock",SD,SD,00/00/0000,SD,SD,9999
2458,1,JBIO,"Jade Biosciences, Inc. - Common Stock",SD,SD,00/00/0000,SD,SD,9999
2459,1,JBLU,JetBlue Airways Corporation - Common Stock,SD,SD,00/00/0000,SD,SD,9999
2460,1,JBSS,"John B. Sanfilippo & Son, Inc. - Common Stock",SD,SD,00/00/0000,SD,SD,9999
2461,1,JCAP,"Jefferson Capital, Inc. - Common Stock",SD,SD,00/00/0000,SD,SD,9999
2462,1,JCSE,JE Cleantech Holdings Limited - Ordinary Shares,SD,SD,00/00/0000,SD,SD,9999
2463,1,JCTC,Jewett-Cameron Trading Company - Common Shares,SD,SD,00/00/0000,SD,SD,9999
2464,1,JD,"JD.com, Inc. - American Depositary Shares",SD,SD,00/00/0000,SD,SD,9999
2465,1,JDOC,JPMorgan Healthcare Leaders ETF,SD,SD,00/00/0000,SD,SD,9999
2466,1,JDZG,JIADE LIMITED - Class A Ordinary Shares,SD,SD,00/00/0000,SD,SD,9999
2467,1,JEM,707 Cayman Holdings Limited - Ordinary Shares,SD,SD,00/00/0000,SD,SD,9999
2468,1,JEPQ,JPMorgan Nasdaq Equity Premium Income ETF,SD,SD,00/00/0000,SD,SD,9999
2469,1,JFB,JFB Construction Holdings - Class A Common Stock,SD,SD,00/00/0000,SD,SD,9999
2470,1,JFBR,Jeffs' Brands Ltd - Ordinary Shares,SD,SD,00/00/0000,SD,SD,9999
2471,1,JFBRW,Jeffs' Brands Ltd - Warrant,SD,SD,00/00/0000,SD,SD,9999
2472,1,JFIN,Jiayin Group Inc. - American Depositary Shares,SD,SD,00/00/0000,SD,SD,9999
2473,1,JFU,9F Inc. - American Depositary Shares,SD,SD,00/00/0000,SD,SD,9999
2474,1,JG,Aurora Mobile Limited - American Depositary Shares,SD,SD,00/00/0000,SD,SD,9999
2475,1,JGLO,JPMorgan Global Select Equity ETF,SD,SD,00/00/0000,SD,SD,9999
2476,1,JHAI,Janus Henderson Global Artificial Intelligence ETF,SD,SD,00/00/0000,SD,SD,9999
2477,1,JIVE,JPMorgan International Value ETF,SD,SD,00/00/0000,SD,SD,9999
2478,1,JJSF,J & J Snack Foods Corp. - Common Stock,SD,SD,00/00/0000,SD,SD,9999
2479,1,JKHY,"Jack Henry & Associates, Inc. - Common Stock",SD,SD,00/00/0000,SD,SD,9999
2480,1,JL,J-Long Group Limited - Class A Ordinary Shares,SD,SD,00/00/0000,SD,SD,9999
2481,1,JLHL,Julong Holding Limited - Class A Ordinary Shares,SD,SD,00/00/0000,SD,SD,9999
2482,1,JMID,Janus Henderson Mid Cap Growth Alpha ETF,SD,SD,00/00/0000,SD,SD,9999
2483,1,JMSB,"John Marshall Bancorp, Inc. - Common Stock",SD,SD,00/00/0000,SD,SD,9999
2484,1,JOUT,Johnson Outdoors Inc. - Class A Common Stock,SD,SD,00/00/0000,SD,SD,9999
2485,1,JOYY,JOYY Inc. - American Depositary Shares,SD,SD,00/00/0000,SD,SD,9999
2486,1,JPEF,JPMorgan Equity Focus ETF,SD,SD,00/00/0000,SD,SD,9999
2487,1,JPX,Defiance Daily Target 2X Long JPM ETF,SD,SD,00/00/0000,SD,SD,9999
2488,1,JPY,Lazard Japanese Equity ETF,SD,SD,00/00/0000,SD,SD,9999
2489,1,JRSH,"Jerash Holdings (US), Inc. - Common Stock",SD,SD,00/00/0000,SD,SD,9999
2490,1,JRVR,"James River Group Holdings, Ltd. - Common Shares",SD,SD,00/00/0000,SD,SD,9999
2491,1,JSM,"Navient Corporation - 6% Senior Notes due December 15, 2043",SD,SD,00/00/0000,SD,SD,9999
2492,1,JSMD,Janus Henderson Small/Mid Cap Growth Alpha ETF,SD,SD,00/00/0000,SD,SD,9999
2493,1,JSML,Janus Henderson Small Cap Growth Alpha ETF,SD,SD,00/00/0000,SD,SD,9999
2494,1,JSPR,"Jasper Therapeutics, Inc. - Class A Common Stock",SD,SD,00/00/0000,SD,SD,9999
2495,1,JSPRW,"Jasper Therapeutics, Inc. - Warrant",SD,SD,00/00/0000,SD,SD,9999
2496,1,JTAI,Jet.AI Inc. - Common Stock,SD,SD,00/00/0000,SD,SD,9999
2497,1,JTEK,JPMorgan U.S. Tech Leaders ETF,SD,SD,00/00/0000,SD,SD,9999
2498,1,JUNS,"Jupiter Neurosciences, Inc. - Common Stock",SD,SD,00/00/0000,SD,SD,9999
2499,1,JVA,"Coffee Holding Co., Inc. - Common Stock",SD,SD,00/00/0000,SD,SD,9999
2500,1,JWEL,Jowell Global Ltd. - Ordinary Shares,SD,SD,00/00/0000,SD,SD,9999
2501,1,JXG,JX Luxventure Group Inc. - Common Stock,SD,SD,00/00/0000,SD,SD,9999
2502,1,JYD,Jayud Global Logistics Limited - Class A Ordinary Shares,SD,SD,00/00/0000,SD,SD,9999
2503,1,JYNT,The Joint Corp. - Common Stock,SD,SD,00/00/0000,SD,SD,9999
2504,1,JZ,Jianzhi Education Technology Group Company Limited - American Depositary Shares,SD,SD,00/00/0000,SD,SD,9999
2505,1,JZXN,"Jiuzi Holdings, Inc. - Ordinary Shares",SD,SD,00/00/0000,SD,SD,9999
2506,1,KALA,"KALA BIO, Inc. - Common Stock",SD,SD,00/00/0000,SD,SD,9999
2507,1,KALU,Kaiser Aluminum Corporation - Common Stock,SD,SD,00/00/0000,SD,SD,9999
2508,1,KALV,"KalVista Pharmaceuticals, Inc. - Common Stock",SD,SD,00/00/0000,SD,SD,9999
2509,1,KARO,Karooooo Ltd. - Ordinary shares,SD,SD,00/00/0000,SD,SD,9999
2510,1,KAT,Scharf ETF,SD,SD,00/00/0000,SD,SD,9999
2511,1,KAVL,"Kaival Brands Innovations Group, Inc. - Common Stock",SD,SD,00/00/0000,SD,SD,9999
2512,1,KBAB,KraneShares 2x Long BABA Daily ETF,SD,SD,00/00/0000,SD,SD,9999
2513,1,KBSX,FST Corp. - Ordinary Shares,SD,SD,00/00/0000,SD,SD,9999
2514,1,KBWB,Invesco KBW Bank ETF,SD,SD,00/00/0000,SD,SD,9999
2515,1,KBWD,Invesco KBW High Dividend Yield Financial ETF,SD,SD,00/00/0000,SD,SD,9999
2516,1,KBWP,Invesco KBW Property & Casualty Insurance ETF,SD,SD,00/00/0000,SD,SD,9999
2517,1,KBWR,Invesco KBW Regional Banking ETF,SD,SD,00/00/0000,SD,SD,9999
2518,1,KBWY,Invesco KBW Premium Yield Equity REIT ETF,SD,SD,00/00/0000,SD,SD,9999
2519,1,KC,Kingsoft Cloud Holdings Limited - American Depositary Shares,SD,SD,00/00/0000,SD,SD,9999
2520,1,KCHV,Kochav Defense Acquisition Corp. - Class A Ordinary Shares,SD,SD,00/00/0000,SD,SD,9999
2521,1,KCHVR,Kochav Defense Acquisition Corp. - Right,SD,SD,00/00/0000,SD,SD,9999
2522,1,KCHVU,Kochav Defense Acquisition Corp. - Units,SD,SD,00/00/0000,SD,SD,9999
2523,1,KDK,"Kodiak AI, Inc. - Common Stock",SD,SD,00/00/0000,SD,SD,9999
2524,1,KDKRW,"Kodiak AI, Inc. - Warrant",SD,SD,00/00/0000,SD,SD,9999
2525,1,KDP,Keurig Dr Pepper Inc. - Common Stock,SD,SD,00/00/0000,SD,SD,9999
2526,1,KE,"Kimball Electronics, Inc. - Common Stock",SD,SD,00/00/0000,SD,SD,9999
2527,1,KEAT,Keating Active ETF,SD,SD,00/00/0000,SD,SD,9999
2528,1,KELYA,"Kelly Services, Inc. - Class A Common Stock",SD,SD,00/00/0000,SD,SD,9999
2529,1,KELYB,"Kelly Services, Inc. - Class B Common Stock",SD,SD,00/00/0000,SD,SD,9999
2530,1,KEQU,Kewaunee Scientific Corporation - Common Stock,SD,SD,00/00/0000,SD,SD,9999
2531,1,KFFB,Kentucky First Federal Bancorp - Common Stock,SD,SD,00/00/0000,SD,SD,9999
2532,1,KFII,K&F Growth Acquisition Corp. II - Class A Ordinary shares,SD,SD,00/00/0000,SD,SD,9999
2533,1,KFIIR,K&F Growth Acquisition Corp. II - Rights,SD,SD,00/00/0000,SD,SD,9999
2534,1,KFIIU,K&F Growth Acquisition Corp. II - Unit,SD,SD,00/00/0000,SD,SD,9999
2535,1,KG,"Kestrel Group, Ltd. - Common Stock",SD,SD,00/00/0000,SD,SD,9999
2536,1,KGEI,Kolibri Global Energy Inc. - Common stock,SD,SD,00/00/0000,SD,SD,9999
2537,1,KHC,The Kraft Heinz Company - Common Stock,SD,SD,00/00/0000,SD,SD,9999
2538,1,KIDS,OrthoPediatrics Corp. - Common Stock,SD,SD,00/00/0000,SD,SD,9999
2539,1,KIDZ,"Classover Holdings, Inc. - Class B Common Stock",SD,SD,00/00/0000,SD,SD,9999
2540,1,KIDZW,"Classover Holdings, Inc. - Warrants",SD,SD,00/00/0000,SD,SD,9999
2541,1,KINS,"Kingstone Companies, Inc - Common Stock",SD,SD,00/00/0000,SD,SD,9999
2542,1,KITT,"Nauticus Robotics, Inc. - Common stock",SD,SD,00/00/0000,SD,SD,9999
2543,1,KITTW,"Nauticus Robotics, Inc. - Warrant",SD,SD,00/00/0000,SD,SD,9999
2544,1,KJD,KraneShares 2x Long JD Daily ETF,SD,SD,00/00/0000,SD,SD,9999
2545,1,KLAC,KLA Corporation  - Common Stock,SD,SD,00/00/0000,SD,SD,9999
2546,1,KLIC,"Kulicke and Soffa Industries, Inc. - Common Stock",SD,SD,00/00/0000,SD,SD,9999
2547,1,KLRS,"Kalaris Therapeutics, Inc.  - Common Stock",SD,SD,00/00/0000,SD,SD,9999
2548,1,KLTO,"Klotho Neurosciences, Inc. - Common Stock",SD,SD,00/00/0000,SD,SD,9999
2549,1,KLTOW,"Klotho Neurosciences, Inc. - Warrants",SD,SD,00/00/0000,SD,SD,9999
2550,1,KLTR,"Kaltura, Inc. - Common Stock",SD,SD,00/00/0000,SD,SD,9999
2551,1,KLXE,"KLX Energy Services Holdings, Inc.  - Common Stock",SD,SD,00/00/0000,SD,SD,9999
2552,1,KMB,Kimberly-Clark Corporation - Common Stock,SD,SD,00/00/0000,SD,SD,9999
2553,1,KMDA,Kamada Ltd. - Ordinary Shares,SD,SD,00/00/0000,SD,SD,9999
2554,1,KMLI,KraneShares 2x Long MELI Daily ETF,SD,SD,00/00/0000,SD,SD,9999
2555,1,KMRK,K-Tech Solutions Company Limited - Class A Ordinary Shares,SD,SD,00/00/0000,SD,SD,9999
2556,1,KMTS,"Kestra Medical Technologies, Ltd. - Common Stock",SD,SD,00/00/0000,SD,SD,9999
2557,1,KNDI,"Kandi Technologies Group, Inc. - Ordinary Shares",SD,SD,00/00/0000,SD,SD,9999
2558,1,KNGZ,First Trust S&P 500 Diversified Dividend Aristocrats ETF,SD,SD,00/00/0000,SD,SD,9999
2559,1,KNSA,"Kiniksa Pharmaceuticals, Ltd. - Class A Ordinary Shares",SD,SD,00/00/0000,SD,SD,9999
2560,1,KOD,Kodiak Sciences Inc - Common Stock,SD,SD,00/00/0000,SD,SD,9999
2561,1,KOID,KraneShares Global Humanoid and Embodied Intelligence Index ETF,SD,SD,00/00/0000,SD,SD,9999
2562,1,KOPN,Kopin Corporation - Common Stock,SD,SD,00/00/0000,SD,SD,9999
2563,1,KOSS,Koss Corporation - Common Stock,SD,SD,00/00/0000,SD,SD,9999
2564,1,KOYN,CSLM Digital Asset Acquisition Corp III - Class A Ordinary Shares,SD,SD,00/00/0000,SD,SD,9999
2565,1,KOYNU,CSLM Digital Asset Acquisition Corp III - Units,SD,SD,00/00/0000,SD,SD,9999
2566,1,KOYNW,CSLM Digital Asset Acquisition Corp III - Warrants,SD,SD,00/00/0000,SD,SD,9999
2567,1,KPDD,KraneShares 2x Long PDD Daily ETF,SD,SD,00/00/0000,SD,SD,9999
2568,1,KPLT,"Katapult Holdings, Inc. - Common Stock",SD,SD,00/00/0000,SD,SD,9999
2569,1,KPLTW,"Katapult Holdings, Inc. - Warrant",SD,SD,00/00/0000,SD,SD,9999
2570,1,KPRX,"Kiora Pharmaceuticals, Inc.  - Common Stock",SD,SD,00/00/0000,SD,SD,9999
2571,1,KPTI,Karyopharm Therapeutics Inc. - Common Stock,SD,SD,00/00/0000,SD,SD,9999
2572,1,KQQQ,Kurv Technology Titans Select ETF,SD,SD,00/00/0000,SD,SD,9999
2573,1,KRKR,36Kr Holdings Inc. - American Depositary Shares,SD,SD,00/00/0000,SD,SD,9999
2574,1,KRMA,Global X Conscious Companies ETF,SD,SD,00/00/0000,SD,SD,9999
2575,1,KRMD,"KORU Medical Systems, Inc. - Common Stock",SD,SD,00/00/0000,SD,SD,9999
2576,1,KRNT,Kornit Digital Ltd. - Ordinary Shares,SD,SD,00/00/0000,SD,SD,9999
2577,1,KRNY,Kearny Financial - Common Stock,SD,SD,00/00/0000,SD,SD,9999
2578,1,KROP,Global X AgTech & Food Innovation ETF,SD,SD,00/00/0000,SD,SD,9999
2579,1,KROS,"Keros Therapeutics, Inc. - common stock",SD,SD,00/00/0000,SD,SD,9999
2580,1,KRRO,"Korro Bio, Inc. - Common Stock",SD,SD,00/00/0000,SD,SD,9999
2581,1,KRT,Karat Packaging Inc. - Common Stock,SD,SD,00/00/0000,SD,SD,9999
2582,1,KRUS,"Kura Sushi USA, Inc. - Class A Common Stock",SD,SD,00/00/0000,SD,SD,9999
2583,1,KRYS,"Krystal Biotech, Inc. - Common Stock",SD,SD,00/00/0000,SD,SD,9999
2584,1,KSCP,"Knightscope, Inc. - Class A Common Stock",SD,SD,00/00/0000,SD,SD,9999
2585,1,KSPI,Joint Stock Company Kaspi.kz - American Depository Shares,SD,SD,00/00/0000,SD,SD,9999
2586,1,KTCC,Key Tronic Corporation - Common Stock,SD,SD,00/00/0000,SD,SD,9999
2587,1,KTOS,"Kratos Defense & Security Solutions, Inc. - Common Stock",SD,SD,00/00/0000,SD,SD,9999
2588,1,KTTA,Pasithea Therapeutics Corp. - Common Stock,SD,SD,00/00/0000,SD,SD,9999
2589,1,KTTAW,Pasithea Therapeutics Corp. - Warrant,SD,SD,00/00/0000,SD,SD,9999
2590,1,KURA,"Kura Oncology, Inc. - Common Stock",SD,SD,00/00/0000,SD,SD,9999
2591,1,KVAC,Keen Vision Acquisition Corporation - Ordinary Shares,SD,SD,00/00/0000,SD,SD,9999
2592,1,KVACU,Keen Vision Acquisition Corporation - Units,SD,SD,00/00/0000,SD,SD,9999
2593,1,KVACW,Keen Vision Acquisition Corporation - Warrant,SD,SD,00/00/0000,SD,SD,9999
2594,1,KVHI,"KVH Industries, Inc. - Common Stock",SD,SD,00/00/0000,SD,SD,9999
2595,1,KWM,"K Wave Media, Ltd. - Ordinary Shares",SD,SD,00/00/0000,SD,SD,9999
2596,1,KWMWW,"K Wave Media, Ltd. - Warrant",SD,SD,00/00/0000,SD,SD,9999
2597,1,KXIN,Kaixin Holdings - Ordinary Shares,SD,SD,00/00/0000,SD,SD,9999
2598,1,KYIV,Kyivstar Group Ltd. - Common Shares,SD,SD,00/00/0000,SD,SD,9999
2599,1,KYIVW,Kyivstar Group Ltd. - Warrant,SD,SD,00/00/0000,SD,SD,9999
2600,1,KYMR,"Kymera Therapeutics, Inc. - Common Stock",SD,SD,00/00/0000,SD,SD,9999
2601,1,KYTX,"Kyverna Therapeutics, Inc. - Common Stock",SD,SD,00/00/0000,SD,SD,9999
2602,1,KZIA,Kazia Therapeutics Limited - American Depositary Shares,SD,SD,00/00/0000,SD,SD,9999
2603,1,KZR,"Kezar Life Sciences, Inc. - Common Stock",SD,SD,00/00/0000,SD,SD,9999
2604,1,LAB,Standard BioTools Inc. - Common Stock,SD,SD,00/00/0000,SD,SD,9999
2605,1,LAES,SEALSQ Corp - Ordinary Shares,SD,SD,00/00/0000,SD,SD,9999
2606,1,LAKE,"Lakeland Industries, Inc. - Common Stock",SD,SD,00/00/0000,SD,SD,9999
2607,1,LAMR,Lamar Advertising Company - Class A Common Stock,SD,SD,00/00/0000,SD,SD,9999
2608,1,LAND,Gladstone Land Corporation - Common Stock,SD,SD,00/00/0000,SD,SD,9999
2609,1,LANDM,Gladstone Land Corporation - 5.00% Series D Cumulative Term Preferred Stock,SD,SD,00/00/0000,SD,SD,9999
2610,1,LANDO,Gladstone Land Corporation - 6.00% Series B Cumulative Redeemable Preferred Stock,SD,SD,00/00/0000,SD,SD,9999
2611,1,LANDP,Gladstone Land Corporation - 6.00% Series C Cumulative Redeemable Preferred Stock,SD,SD,00/00/0000,SD,SD,9999
2612,1,LARK,Landmark Bancorp Inc. - Common Stock,SD,SD,00/00/0000,SD,SD,9999
2613,1,LASE,Laser Photonics Corporation - Common Stock,SD,SD,00/00/0000,SD,SD,9999
2614,1,LASR,"nLIGHT, Inc. - Common Stock",SD,SD,00/00/0000,SD,SD,9999
2615,1,LATAU,Galata Acquisition Corp. II - Units,SD,SD,00/00/0000,SD,SD,9999
2616,1,LAUR,"Laureate Education, Inc. - Common Stock",SD,SD,00/00/0000,SD,SD,9999
2617,1,LAWR,"Robot Consulting Co., Ltd. - ADS",SD,SD,00/00/0000,SD,SD,9999
2618,1,LAYS,STKd 100% NVDA & 100% AMD ETF,SD,SD,00/00/0000,SD,SD,9999
2619,1,LAZR,"Luminar Technologies, Inc.  - Class A Common Stock",SD,SD,00/00/0000,SD,SD,9999
2620,1,LBGJ,Li Bang International Corporation Inc. - Ordinary Shares,SD,SD,00/00/0000,SD,SD,9999
2621,1,LBRDA,Liberty Broadband Corporation - Class A Common Stock,SD,SD,00/00/0000,SD,SD,9999
2622,1,LBRDK,Liberty Broadband Corporation - Class C Common Stock,SD,SD,00/00/0000,SD,SD,9999
2623,1,LBRDP,Liberty Broadband Corporation - Series A Cumulative Redeemable Preferred Stock,SD,SD,00/00/0000,SD,SD,9999
2624,1,LBRX,LB Pharmaceuticals Inc - Common Stock,SD,SD,00/00/0000,SD,SD,9999
2625,1,LBTYA,Liberty Global Ltd. - Class A Common Shares,SD,SD,00/00/0000,SD,SD,9999
2626,1,LBTYB,Liberty Global Ltd. - Class B Common Shares,SD,SD,00/00/0000,SD,SD,9999
2627,1,LBTYK,Liberty Global Ltd. - Class C Common Shares,SD,SD,00/00/0000,SD,SD,9999
2628,1,LCCC,Lakeshore Acquisition III Corp. - Ordinary Shares,SD,SD,00/00/0000,SD,SD,9999
2629,1,LCCCR,Lakeshore Acquisition III Corp. - Rights,SD,SD,00/00/0000,SD,SD,9999
2630,1,LCCCU,Lakeshore Acquisition III Corp. - Unit,SD,SD,00/00/0000,SD,SD,9999
2631,1,LCDL,GraniteShares 2x Long LCID Daily ETF,SD,SD,00/00/0000,SD,SD,9999
2632,1,LCDS,JPMorgan Fundamental Data Science Large Core ETF,SD,SD,00/00/0000,SD,SD,9999
2633,1,LCFY,Locafy Limited - Ordinary Share,SD,SD,00/00/0000,SD,SD,9999
2634,1,LCFYW,Locafy Limited - Warrant,SD,SD,00/00/0000,SD,SD,9999
2635,1,LCID,"Lucid Group, Inc. - Common Stock",SD,SD,00/00/0000,SD,SD,9999
2636,1,LCNB,LCNB Corporation - Common Stock,SD,SD,00/00/0000,SD,SD,9999
2637,1,LCUT,"Lifetime Brands, Inc. - Common Stock",SD,SD,00/00/0000,SD,SD,9999
2638,1,LDEM,iShares ESG MSCI EM Leaders ETF,SD,SD,00/00/0000,SD,SD,9999
2639,1,LDRX,SGI Enhanced Market Leaders ETF,SD,SD,00/00/0000,SD,SD,9999
2640,1,LDSF,First Trust Low Duration Strategic Focus ETF,SD,SD,00/00/0000,SD,SD,9999
2641,1,LDWY,"Lendway, Inc. - Common Stock",SD,SD,00/00/0000,SD,SD,9999
2642,1,LE,"Lands' End, Inc. - Common Stock",SD,SD,00/00/0000,SD,SD,9999
2643,1,LECO,"Lincoln Electric Holdings, Inc. - Common Shares",SD,SD,00/00/0000,SD,SD,9999
2644,1,LEDS,SemiLEDS Corporation - Common Stock,SD,SD,00/00/0000,SD,SD,9999
2645,1,LEE,"Lee Enterprises, Incorporated - Common Stock",SD,SD,00/00/0000,SD,SD,9999
2646,1,LEGH,Legacy Housing Corporation - Common Stock,SD,SD,00/00/0000,SD,SD,9999
2647,1,LEGN,Legend Biotech Corporation - American Depositary Shares,SD,SD,00/00/0000,SD,SD,9999
2648,1,LEGR,First Trust Indxx Innovative Transaction & Process ETF,SD,SD,00/00/0000,SD,SD,9999
2649,1,LENZ,"LENZ Therapeutics, Inc. - Common Stock",SD,SD,00/00/0000,SD,SD,9999
2650,1,LESL,"Leslie's, Inc. - Common Stock",SD,SD,00/00/0000,SD,SD,9999
2651,1,LEXI,Alexis Practical Tactical ETF,SD,SD,00/00/0000,SD,SD,9999
2652,1,LEXX,Lexaria Bioscience Corp. - Common Stock,SD,SD,00/00/0000,SD,SD,9999
2653,1,LEXXW,Lexaria Bioscience Corp. - Warrant,SD,SD,00/00/0000,SD,SD,9999
2654,1,LFCR,"Lifecore Biomedical, Inc. - Common Stock",SD,SD,00/00/0000,SD,SD,9999
2655,1,LFMD,"LifeMD, Inc. - Common Stock",SD,SD,00/00/0000,SD,SD,9999
2656,1,LFMDP,"LifeMD, Inc. - 8.875% Series A Cumulative Perpetual Preferred Stock",SD,SD,00/00/0000,SD,SD,9999
2657,1,LFS,"LEIFRAS Co., Ltd. - American Depositary Shares",SD,SD,00/00/0000,SD,SD,9999
2658,1,LFSC,F/m Emerald Life Sciences Innovation ETF,SD,SD,00/00/0000,SD,SD,9999
2659,1,LFST,"LifeStance Health Group, Inc. - Common Stock",SD,SD,00/00/0000,SD,SD,9999
2660,1,LFUS,"Littelfuse, Inc. - Common Stock",SD,SD,00/00/0000,SD,SD,9999
2661,1,LFVN,Lifevantage Corporation - Common Stock,SD,SD,00/00/0000,SD,SD,9999
2662,1,LFWD,Lifeward Ltd. - Ordinary Shares,SD,SD,00/00/0000,SD,SD,9999
2663,1,LGCB,Linkage Global Inc - Class A Ordinary Shares,SD,SD,00/00/0000,SD,SD,9999
2664,1,LGCF,Themes US Cash Flow Champions ETF,SD,SD,00/00/0000,SD,SD,9999
2665,1,LGCL,Lucas GC Limited - Class A Ordinary Shares,SD,SD,00/00/0000,SD,SD,9999
2666,1,LGHL,Lion Group Holding Ltd. - American Depositary Share,SD,SD,00/00/0000,SD,SD,9999
2667,1,LGIH,"LGI Homes, Inc. - Common Stock",SD,SD,00/00/0000,SD,SD,9999
2668,1,LGN,Legence Corp. - Class A Common stock,SD,SD,00/00/0000,SD,SD,9999
2669,1,LGND,Ligand Pharmaceuticals Incorporated - Common Stock,SD,SD,00/00/0000,SD,SD,9999
2670,1,LGO,Largo Inc. - Common Shares,SD,SD,00/00/0000,SD,SD,9999
2671,1,LGRO,Level Four Large Cap Growth Active ETF,SD,SD,00/00/0000,SD,SD,9999
2672,1,LGVN,Longeveron Inc. - Class A Common stock,SD,SD,00/00/0000,SD,SD,9999
2673,1,LHAI,Linkhome Holdings Inc. - Common stock,SD,SD,00/00/0000,SD,SD,9999
2674,1,LHSW,Lianhe Sowell International Group Ltd - Ordinary Shares,SD,SD,00/00/0000,SD,SD,9999
2675,1,LI,Li Auto Inc. - American Depositary Shares,SD,SD,00/00/0000,SD,SD,9999
2676,1,LICN,Lichen International Limited - Class A Ordinary Shares,SD,SD,00/00/0000,SD,SD,9999
2677,1,LIDR,"AEye, Inc. - Class A Common Stock",SD,SD,00/00/0000,SD,SD,9999
2678,1,LIDRW,"AEye, Inc. - Warrant",SD,SD,00/00/0000,SD,SD,9999
2679,1,LIEN,"Chicago Atlantic BDC, Inc. - Common Stock",SD,SD,00/00/0000,SD,SD,9999
2680,1,LIF,"Life360, Inc. - Common Stock",SD,SD,00/00/0000,SD,SD,9999
2681,1,LILA,Liberty Latin America Ltd. - Class A Common Stock,SD,SD,00/00/0000,SD,SD,9999
2682,1,LILAK,Liberty Latin America Ltd. - Class C Common Stock,SD,SD,00/00/0000,SD,SD,9999
2683,1,LIMN,"Liminatus Pharma, Inc. - Class A Common Stock",SD,SD,00/00/0000,SD,SD,9999
2684,1,LIMNW,"Liminatus Pharma, Inc. - Warrants",SD,SD,00/00/0000,SD,SD,9999
2685,1,LIN,Linde plc - Ordinary Shares,SD,SD,00/00/0000,SD,SD,9999
2686,1,LINC,Lincoln Educational Services Corporation - Common Stock,SD,SD,00/00/0000,SD,SD,9999
2687,1,LIND,Lindblad Expeditions Holdings Inc.  - Common Stock,SD,SD,00/00/0000,SD,SD,9999
2688,1,LINE,"Lineage, Inc. - Common Stock",SD,SD,00/00/0000,SD,SD,9999
2689,1,LINK,"Interlink Electronics, Inc. - Common Stock",SD,SD,00/00/0000,SD,SD,9999
2690,1,LIQT,"LiqTech International, Inc. - Common Stock",SD,SD,00/00/0000,SD,SD,9999
2691,1,LITE,Lumentum Holdings Inc. - Common Stock,SD,SD,00/00/0000,SD,SD,9999
2692,1,LITM,Snow Lake Resources Ltd. - Common Shares,SD,SD,00/00/0000,SD,SD,9999
2693,1,LITP,Sprott Lithium Miners ETF,SD,SD,00/00/0000,SD,SD,9999
2694,1,LITS,"Lite Strategy, Inc. - Common Stock",SD,SD,00/00/0000,SD,SD,9999
2695,1,LIVE,Live Ventures Incorporated - Common Stock,SD,SD,00/00/0000,SD,SD,9999
2696,1,LIVN,LivaNova PLC - Ordinary Shares,SD,SD,00/00/0000,SD,SD,9999
2697,1,LIXT,"Lixte Biotechnology Holdings, Inc. - Common Stock",SD,SD,00/00/0000,SD,SD,9999
2698,1,LIXTW,"Lixte Biotechnology Holdings, Inc. - Warrants",SD,SD,00/00/0000,SD,SD,9999
2699,1,LKFN,Lakeland Financial Corporation - Common Stock,SD,SD,00/00/0000,SD,SD,9999
2700,1,LKQ,LKQ Corporation - Common Stock,SD,SD,00/00/0000,SD,SD,9999
2701,1,LKSPU,Lake Superior Acquisition Corp. - Units,SD,SD,00/00/0000,SD,SD,9999
2702,1,LLYVA,Liberty Media Corporation - Series A Liberty Live Common Stock,SD,SD,00/00/0000,SD,SD,9999
2703,1,LLYVK,Liberty Media Corporation - Series C Liberty Live Common Stock,SD,SD,00/00/0000,SD,SD,9999
2704,1,LLYZ,Defiance Daily Target 2X Short LLY ETF,SD,SD,00/00/0000,SD,SD,9999
2705,1,LMAT,"LeMaitre Vascular, Inc. - Common Stock",SD,SD,00/00/0000,SD,SD,9999
2706,1,LMB,"Limbach Holdings, Inc. - Common Stock",SD,SD,00/00/0000,SD,SD,9999
2707,1,LMBS,First Trust Low Duration Opportunities ETF,SD,SD,00/00/0000,SD,SD,9999
2708,1,LMFA,"LM Funding America, Inc. - Common Stock",SD,SD,00/00/0000,SD,SD,9999
2709,1,LMNR,Limoneira Co - Common Stock,SD,SD,00/00/0000,SD,SD,9999
2710,1,LMNX,Defiance Daily Target 2x Long LMND ETF,SD,SD,00/00/0000,SD,SD,9999
2711,1,LMTL,Direxion Daily LMT Bull 2X ETF,SD,SD,00/00/0000,SD,SD,9999
2712,1,LMTS,Direxion Daily LMT Bear 1X ETF,SD,SD,00/00/0000,SD,SD,9999
2713,1,LNAI,Lunai Bioworks Inc. - Common Stock,SD,SD,00/00/0000,SD,SD,9999
2714,1,LNKB,"LINKBANCORP, Inc. - Common Stock",SD,SD,00/00/0000,SD,SD,9999
2715,1,LNKS,Linkers Industries Limited - Class A Ordinary Shares,SD,SD,00/00/0000,SD,SD,9999
2716,1,LNSR,"LENSAR, Inc. - Common Stock",SD,SD,00/00/0000,SD,SD,9999
2717,1,LNT,Alliant Energy Corporation - Common Stock,SD,SD,00/00/0000,SD,SD,9999
2718,1,LNTH,"Lantheus Holdings, Inc. - Common Stock",SD,SD,00/00/0000,SD,SD,9999
2719,1,LNW,"Light & Wonder, Inc.  - Common Stock",SD,SD,00/00/0000,SD,SD,9999
2720,1,LNZA,"LanzaTech Global, Inc. - Common Stock",SD,SD,00/00/0000,SD,SD,9999
2721,1,LNZAW,"LanzaTech Global, Inc. - Warrant",SD,SD,00/00/0000,SD,SD,9999
2722,1,LOAN,"Manhattan Bridge Capital, Inc - Common Stock",SD,SD,00/00/0000,SD,SD,9999
2723,1,LOBO,LOBO TECHNOLOGIES LTD. - Class A Ordinary Shares,SD,SD,00/00/0000,SD,SD,9999
2724,1,LOCO,"El Pollo Loco Holdings, Inc. - Common Stock",SD,SD,00/00/0000,SD,SD,9999
2725,1,LOGI,Logitech International S.A. - Registered Shares,SD,SD,00/00/0000,SD,SD,9999
2726,1,LOGO,Alpha Brands Consumption Leaders ETF,SD,SD,00/00/0000,SD,SD,9999
2727,1,LOKV,Live Oak Acquisition Corp. V - Class A Ordinary Shares,SD,SD,00/00/0000,SD,SD,9999
2728,1,LOKVU,Live Oak Acquisition Corp. V - Units,SD,SD,00/00/0000,SD,SD,9999
2729,1,LOKVW,Live Oak Acquisition Corp. V - Warrants,SD,SD,00/00/0000,SD,SD,9999
2730,1,LOOP,"Loop Industries, Inc. - Common Stock",SD,SD,00/00/0000,SD,SD,9999
2731,1,LOPE,"Grand Canyon Education, Inc. - Common Stock",SD,SD,00/00/0000,SD,SD,9999
2732,1,LOT,Lotus Technology Inc. - American Depositary Shares,SD,SD,00/00/0000,SD,SD,9999
2733,1,LOTI,Liberty One Tactical Income ETF,SD,SD,00/00/0000,SD,SD,9999
2734,1,LOTWW,Lotus Technology Inc. - Warrants,SD,SD,00/00/0000,SD,SD,9999
2735,1,LOVE,The Lovesac Company - Common Stock,SD,SD,00/00/0000,SD,SD,9999
2736,1,LPAA,Launch One Acquisition Corp. - Class A Ordinary Shares,SD,SD,00/00/0000,SD,SD,9999
2737,1,LPAAU,Launch One Acquisition Corp. - Unit,SD,SD,00/00/0000,SD,SD,9999
2738,1,LPAAW,Launch One Acquisition Corp. - Warrant,SD,SD,00/00/0000,SD,SD,9999
2739,1,LPBB,Launch Two Acquisition Corp. - Class A Ordinary Shares,SD,SD,00/00/0000,SD,SD,9999
2740,1,LPBBU,Launch Two Acquisition Corp. - Unit,SD,SD,00/00/0000,SD,SD,9999
2741,1,LPBBW,Launch Two Acquisition Corp. - Warrant,SD,SD,00/00/0000,SD,SD,9999
2742,1,LPCN,Lipocine Inc. - Common Stock,SD,SD,00/00/0000,SD,SD,9999
2743,1,LPLA,LPL Financial Holdings Inc. - Common Stock,SD,SD,00/00/0000,SD,SD,9999
2744,1,LPRO,Open Lending Corporation - Common Stock,SD,SD,00/00/0000,SD,SD,9999
2745,1,LPSN,"LivePerson, Inc. - Common Stock",SD,SD,00/00/0000,SD,SD,9999
2746,1,LPTH,"LightPath Technologies, Inc. - Class A Common Stock",SD,SD,00/00/0000,SD,SD,9999
2747,1,LPTX,"Leap Therapeutics, Inc. - Common Stock",SD,SD,00/00/0000,SD,SD,9999
2748,1,LQDA,Liquidia Corporation - Common Stock,SD,SD,00/00/0000,SD,SD,9999
2749,1,LQDT,"Liquidity Services, Inc. - Common Stock",SD,SD,00/00/0000,SD,SD,9999
2750,1,LRCX,Lam Research Corporation - Common Stock,SD,SD,00/00/0000,SD,SD,9999
2751,1,LRE,"Lead Real Estate Co., Ltd - American Depositary Shares",SD,SD,00/00/0000,SD,SD,9999
2752,1,LRGE,ClearBridge Large Cap Growth Select ETF,SD,SD,00/00/0000,SD,SD,9999
2753,1,LRHC,La Rosa Holdings Corp. - Common Stock,SD,SD,00/00/0000,SD,SD,9999
2754,1,LRMR,"Larimar Therapeutics, Inc. - Common Stock",SD,SD,00/00/0000,SD,SD,9999
2755,1,LRND,NYLI U.S. Large Cap R&D Leaders ETF,SD,SD,00/00/0000,SD,SD,9999
2756,1,LSAK,"Lesaka Technologies, Inc. - Common Stock",SD,SD,00/00/0000,SD,SD,9999
2757,1,LSBK,"Lake Shore Bancorp, Inc. - Common Stock",SD,SD,00/00/0000,SD,SD,9999
2758,1,LSCC,Lattice Semiconductor Corporation - Common Stock,SD,SD,00/00/0000,SD,SD,9999
2759,1,LSE,"Leishen Energy Holding Co., Ltd. - Ordinary Shares",SD,SD,00/00/0000,SD,SD,9999
2760,1,LSH,Lakeside Holding Limited - Common Stock,SD,SD,00/00/0000,SD,SD,9999
2761,1,LSTA,"Lisata Therapeutics, Inc. - Common Stock",SD,SD,00/00/0000,SD,SD,9999
2762,1,LSTR,"Landstar System, Inc. - Common Stock",SD,SD,00/00/0000,SD,SD,9999
2763,1,LTBR,Lightbridge Corporation - Common Stock,SD,SD,00/00/0000,SD,SD,9999
2764,1,LTRN,Lantern Pharma Inc. - Common Stock,SD,SD,00/00/0000,SD,SD,9999
2765,1,LTRX,"Lantronix, Inc. - Common Stock",SD,SD,00/00/0000,SD,SD,9999
2766,1,LTRYW,"Lottery.com, Inc. - Warrant",SD,SD,00/00/0000,SD,SD,9999
2767,1,LUCD,Lucid Diagnostics Inc. - Common Stock,SD,SD,00/00/0000,SD,SD,9999
2768,1,LUCY,"Innovative Eyewear, Inc. - Common Stock",SD,SD,00/00/0000,SD,SD,9999
2769,1,LUCYW,"Innovative Eyewear, Inc. - Warrants",SD,SD,00/00/0000,SD,SD,9999
2770,1,LULU,lululemon athletica inc. - Common Stock,SD,SD,00/00/0000,SD,SD,9999
2771,1,LUNG,Pulmonx Corporation - Common Stock,SD,SD,00/00/0000,SD,SD,9999
2772,1,LUNR,"Intuitive Machines, Inc. - Class A Common Stock",SD,SD,00/00/0000,SD,SD,9999
2773,1,LVHD,Franklin U.S. Low Volatility High Dividend Index ETF,SD,SD,00/00/0000,SD,SD,9999
2774,1,LVLU,"Lulu's Fashion Lounge Holdings, Inc. - Common Stock",SD,SD,00/00/0000,SD,SD,9999
2775,1,LVO,"LiveOne, Inc. - Common Stock",SD,SD,00/00/0000,SD,SD,9999
2776,1,LVRO,Lavoro Limited - Class A Ordinary Shares,SD,SD,00/00/0000,SD,SD,9999
2777,1,LVROW,Lavoro Limited - Warrant,SD,SD,00/00/0000,SD,SD,9999
2778,1,LVTX,LAVA Therapeutics N.V. - Ordinary Shares,SD,SD,00/00/0000,SD,SD,9999
2779,1,LWAC,LightWave Acquisition Corp. - Class A Ordinary Shares,SD,SD,00/00/0000,SD,SD,9999
2780,1,LWACU,LightWave Acquisition Corp. - Units,SD,SD,00/00/0000,SD,SD,9999
2781,1,LWACW,LightWave Acquisition Corp. - Warrants,SD,SD,00/00/0000,SD,SD,9999
2782,1,LWAY,"Lifeway Foods, Inc. - Common Stock",SD,SD,00/00/0000,SD,SD,9999
2783,1,LWLG,"Lightwave Logic, Inc. - Common Stock",SD,SD,00/00/0000,SD,SD,9999
2784,1,LX,LexinFintech Holdings Ltd. - American Depositary Shares,SD,SD,00/00/0000,SD,SD,9999
2785,1,LXEH,"Lixiang Education Holding Co., Ltd. - American Depositary Shares",SD,SD,00/00/0000,SD,SD,9999
2786,1,LXEO,"Lexeo Therapeutics, Inc. - Common Stock",SD,SD,00/00/0000,SD,SD,9999
2787,1,LXRX,"Lexicon Pharmaceuticals, Inc. - Common Stock",SD,SD,00/00/0000,SD,SD,9999
2788,1,LYEL,"Lyell Immunopharma, Inc. - Common Stock",SD,SD,00/00/0000,SD,SD,9999
2789,1,LYFT,"Lyft, Inc. - Class A Common Stock",SD,SD,00/00/0000,SD,SD,9999
2790,1,LYRA,"Lyra Therapeutics, Inc. - Common Stock",SD,SD,00/00/0000,SD,SD,9999
2791,1,LYTS,LSI Industries Inc. - Common Stock,SD,SD,00/00/0000,SD,SD,9999
2792,1,LZ,"LegalZoom.com, Inc. - Common Stock",SD,SD,00/00/0000,SD,SD,9999
2793,1,LZMH,LZ Technology Holdings Limited - Class B Ordinary Shares,SD,SD,00/00/0000,SD,SD,9999
2794,1,MAAS,Maase Inc. - Class A Ordinary Shares,SD,SD,00/00/0000,SD,SD,9999
2795,1,MACI,Melar Acquisition Corp. I - Class A Ordinary Shares,SD,SD,00/00/0000,SD,SD,9999
2796,1,MACIU,Melar Acquisition Corp. I - Unit,SD,SD,00/00/0000,SD,SD,9999
2797,1,MACIW,Melar Acquisition Corp. I - Warrant,SD,SD,00/00/0000,SD,SD,9999
2798,1,MAGH,Magnitude International Ltd - Ordinary Shares,SD,SD,00/00/0000,SD,SD,9999
2799,1,MAMA,"Mama's Creations, Inc. - Common Stock",SD,SD,00/00/0000,SD,SD,9999
2800,1,MAMK,MaxsMaking Inc. - Class A Ordinary Shares,SD,SD,00/00/0000,SD,SD,9999
2801,1,MAMO,Massimo Group - Common Stock,SD,SD,00/00/0000,SD,SD,9999
2802,1,MANH,"Manhattan Associates, Inc. - Common Stock",SD,SD,00/00/0000,SD,SD,9999
2803,1,MAPS,"WM Technology, Inc. - Class A Common Stock",SD,SD,00/00/0000,SD,SD,9999
2804,1,MAPSW,"WM Technology, Inc. - Warrants",SD,SD,00/00/0000,SD,SD,9999
2805,1,MAR,Marriott International - Class A Common Stock,SD,SD,00/00/0000,SD,SD,9999
2806,1,MARA,"MARA Holdings, Inc. - Common Stock",SD,SD,00/00/0000,SD,SD,9999
2807,1,MARPS,Marine Petroleum Trust - Units of Beneficial Interest,SD,SD,00/00/0000,SD,SD,9999
2808,1,MASI,Masimo Corporation - Common Stock,SD,SD,00/00/0000,SD,SD,9999
2809,1,MASK,3 E Network Technology Group Ltd - Class A Ordinary Shares,SD,SD,00/00/0000,SD,SD,9999
2810,1,MASS,908 Devices Inc. - Common Stock,SD,SD,00/00/0000,SD,SD,9999
2811,1,MAT,"Mattel, Inc. - Common Stock",SD,SD,00/00/0000,SD,SD,9999
2812,1,MATH,Metalpha Technology Holding Limited - Ordinary Shares,SD,SD,00/00/0000,SD,SD,9999
2813,1,MATW,Matthews International Corporation - Class A Common Stock,SD,SD,00/00/0000,SD,SD,9999
2814,1,MAXI,Simplify Bitcoin Strategy PLUS Income ETF,SD,SD,00/00/0000,SD,SD,9999
2815,1,MAXN,"Maxeon Solar Technologies, Ltd. - Ordinary Shares",SD,SD,00/00/0000,SD,SD,9999
2816,1,MAYA,Maywood Acquisition Corp. - Class A Ordinary Shares,SD,SD,00/00/0000,SD,SD,9999
2817,1,MAYAR,Maywood Acquisition Corp. - Right,SD,SD,00/00/0000,SD,SD,9999
2818,1,MAYAU,Maywood Acquisition Corp. - Unit,SD,SD,00/00/0000,SD,SD,9999
2819,1,MAYS,"J. W. Mays, Inc. - Common Stock",SD,SD,00/00/0000,SD,SD,9999
2820,1,MAZE,"Maze Therapeutics, Inc. - Common Stock",SD,SD,00/00/0000,SD,SD,9999
2821,1,MB,MasterBeef Group - Ordinary Shares,SD,SD,00/00/0000,SD,SD,9999
2822,1,MBAV,M3-Brigade Acquisition V Corp. - Class A Ordinary shares,SD,SD,00/00/0000,SD,SD,9999
2823,1,MBAVU,M3-Brigade Acquisition V Corp. - Units,SD,SD,00/00/0000,SD,SD,9999
2824,1,MBAVW,M3-Brigade Acquisition V Corp. - Warrant,SD,SD,00/00/0000,SD,SD,9999
2825,1,MBB,iShares MBS ETF,SD,SD,00/00/0000,SD,SD,9999
2826,1,MBBC,"Marathon Bancorp, Inc. - Common Stock",SD,SD,00/00/0000,SD,SD,9999
2827,1,MBCN,Middlefield Banc Corp. - Common Stock,SD,SD,00/00/0000,SD,SD,9999
2828,1,MBIN,Merchants Bancorp - Common Stock,SD,SD,00/00/0000,SD,SD,9999
2829,1,MBINL,"Merchants Bancorp - Depositary Shares, Each Representing a 1/40th Interest in a Share of 7.625% Fixed Rate Series E Non-Cumulative Perpetual Preferred Stock, without par value",SD,SD,00/00/0000,SD,SD,9999
2830,1,MBINM,"Merchants Bancorp - Depositary Shares, Each Representing a 1/40th Interest in a Share of 8.25% Fixed-Rate Reset Series D Non-Cumulative Perpetual Preferred Stock",SD,SD,00/00/0000,SD,SD,9999
2831,1,MBINN,Merchants Bancorp - Depositary Shares 6.00% Fixed Rate Series C Non-Cumulative Perpetual Preferred Stock,SD,SD,00/00/0000,SD,SD,9999
2832,1,MBIO,"Mustang Bio, Inc. - Common Stock",SD,SD,00/00/0000,SD,SD,9999
2833,1,MBLY,Mobileye Global Inc. - Class A Common Stock,SD,SD,00/00/0000,SD,SD,9999
2834,1,MBNKO,"Medallion Bank - Fixed-Rate Reset Non-Cumulative Perpetual Preferred Stock, Series G, par value $1.00 per share",SD,SD,00/00/0000,SD,SD,9999
2835,1,MBOT,Microbot Medical Inc.  - Common Stock,SD,SD,00/00/0000,SD,SD,9999
2836,1,MBRX,"Moleculin Biotech, Inc. - Common Stock",SD,SD,00/00/0000,SD,SD,9999
2837,1,MBS,Angel Oak Mortgage-Backed Securities ETF,SD,SD,00/00/0000,SD,SD,9999
2838,1,MBUU,"Malibu Boats, Inc. - Common Stock",SD,SD,00/00/0000,SD,SD,9999
2839,1,MBVI,M3-Brigade Acquisition VI Corp. - Class A Ordinary Shares,SD,SD,00/00/0000,SD,SD,9999
2840,1,MBVIU,M3-Brigade Acquisition VI Corp. - Units,SD,SD,00/00/0000,SD,SD,9999
2841,1,MBVIW,M3-Brigade Acquisition VI Corp. - Warrant,SD,SD,00/00/0000,SD,SD,9999
2842,1,MBWM,Mercantile Bank Corporation - Common Stock,SD,SD,00/00/0000,SD,SD,9999
2843,1,MBX,"MBX Biosciences, Inc. - Common Stock",SD,SD,00/00/0000,SD,SD,9999
2844,1,MCBS,"MetroCity Bankshares, Inc. - Common Stock",SD,SD,00/00/0000,SD,SD,9999
2845,1,MCDS,JPMorgan Fundamental Data Science Mid Core ETF,SD,SD,00/00/0000,SD,SD,9999
2846,1,MCFT,"MasterCraft Boat Holdings, Inc. - Common Stock",SD,SD,00/00/0000,SD,SD,9999
2847,1,MCGA,Yorkville Acquisition Corp. - Class A Ordinary Share,SD,SD,00/00/0000,SD,SD,9999
2848,1,MCGAU,Yorkville Acquisition Corp. - Unit,SD,SD,00/00/0000,SD,SD,9999
2849,1,MCGAW,Yorkville Acquisition Corp. - Warrant,SD,SD,00/00/0000,SD,SD,9999
2850,1,MCHB,Mechanics Bancorp - Class A Common Stock,SD,SD,00/00/0000,SD,SD,9999
2851,1,MCHI,iShares MSCI China ETF,SD,SD,00/00/0000,SD,SD,9999
2852,1,MCHP,Microchip Technology Incorporated - Common Stock,SD,SD,00/00/0000,SD,SD,9999
2853,1,MCHPP,Microchip Technology Incorporated - Depositary Shares Each Representing a 1/20th Interest in a Share of 7.50% Series A Mandatory Convertible Preferred Stock,SD,SD,00/00/0000,SD,SD,9999
2854,1,MCHS,Matthews China Discovery Active ETF,SD,SD,00/00/0000,SD,SD,9999
2855,1,MCHX,"Marchex, Inc. - Class B Common Stock",SD,SD,00/00/0000,SD,SD,9999
2856,1,MCRB,"Seres Therapeutics, Inc. - Common Stock",SD,SD,00/00/0000,SD,SD,9999
2857,1,MCRI,"Monarch Casino & Resort, Inc. - Common Stock",SD,SD,00/00/0000,SD,SD,9999
2858,1,MCSE,Franklin Sustainable International Equity ETF,SD,SD,00/00/0000,SD,SD,9999
2859,1,MCTA,Charming Medical Limited - Class A Ordinary Shares,SD,SD,00/00/0000,SD,SD,9999
2860,1,MCTR,CTRL Group Limited - ordinary shares,SD,SD,00/00/0000,SD,SD,9999
2861,1,MCW,"Mister Car Wash, Inc. - Common Stock",SD,SD,00/00/0000,SD,SD,9999
2862,1,MDAI,"Spectral AI, Inc. - Class A Common Stock",SD,SD,00/00/0000,SD,SD,9999
2863,1,MDAIW,"Spectral AI, Inc. - Warrants",SD,SD,00/00/0000,SD,SD,9999
2864,1,MDB,"MongoDB, Inc. - Class A Common Stock",SD,SD,00/00/0000,SD,SD,9999
2865,1,MDBH,"MDB Capital Holdings, LLC - Class A common ",SD,SD,00/00/0000,SD,SD,9999
2866,1,MDCX,Medicus Pharma Ltd. - Common Stock,SD,SD,00/00/0000,SD,SD,9999
2867,1,MDCXW,Medicus Pharma Ltd. - Warrant,SD,SD,00/00/0000,SD,SD,9999
2868,1,MDGL,"Madrigal Pharmaceuticals, Inc. - Common Stock",SD,SD,00/00/0000,SD,SD,9999
2869,1,MDIA,Mediaco Holding Inc. - Class A Common Stock,SD,SD,00/00/0000,SD,SD,9999
2870,1,MDIV,Multi-Asset Diversified Income Index Fund,SD,SD,00/00/0000,SD,SD,9999
2871,1,MDLZ,"Mondelez International, Inc. - Class A Common Stock",SD,SD,00/00/0000,SD,SD,9999
2872,1,MDRR,"Medalist Diversified REIT, Inc. - Common Stock",SD,SD,00/00/0000,SD,SD,9999
2873,1,MDWD,MediWound Ltd. - Ordinary Shares,SD,SD,00/00/0000,SD,SD,9999
2874,1,MDXG,"MiMedx Group, Inc - Common Stock",SD,SD,00/00/0000,SD,SD,9999
2875,1,MDXH,MDxHealth SA - Ordinary Shares,SD,SD,00/00/0000,SD,SD,9999
2876,1,MEDP,"Medpace Holdings, Inc. - Common Stock",SD,SD,00/00/0000,SD,SD,9999
2877,1,MEDX,Horizon Kinetics Medical ETF,SD,SD,00/00/0000,SD,SD,9999
2878,1,MEGL,Magic Empire Global Limited - Class A Ordinary Shares,SD,SD,00/00/0000,SD,SD,9999
2879,1,MELI,"MercadoLibre, Inc. - Common Stock",SD,SD,00/00/0000,SD,SD,9999
2880,1,MEMS,Matthews Emerging Markets Discovery Active ETF,SD,SD,00/00/0000,SD,SD,9999
2881,1,MENS,Jyong Biotech Ltd. - Ordinary shares,SD,SD,00/00/0000,SD,SD,9999
2882,1,MEOH,Methanex Corporation - Common Stock,SD,SD,00/00/0000,SD,SD,9999
2883,1,MERC,Mercer International Inc. - Common Stock,SD,SD,00/00/0000,SD,SD,9999
2884,1,MESA,"Mesa Air Group, Inc. - Common Stock",SD,SD,00/00/0000,SD,SD,9999
2885,1,MESO,Mesoblast Limited - American Depositary Shares,SD,SD,00/00/0000,SD,SD,9999
2886,1,META,"Meta Platforms, Inc. - Class A Common Stock",SD,SD,00/00/0000,SD,SD,9999
2887,1,METC,"Ramaco Resources, Inc. - Class A Common Stock",SD,SD,00/00/0000,SD,SD,9999
2888,1,METCB,"Ramaco Resources, Inc. - Class B Common Stock",SD,SD,00/00/0000,SD,SD,9999
2889,1,METCI,"Ramaco Resources, Inc. - 8.250% Senior Notes due 2030",SD,SD,00/00/0000,SD,SD,9999
2890,1,METCZ,"Ramaco Resources, Inc. - 8.375% Senior Notes due 2029",SD,SD,00/00/0000,SD,SD,9999
2891,1,METD,Direxion Daily META Bear 1X Shares,SD,SD,00/00/0000,SD,SD,9999
2892,1,METL,Sprott Active Metals & Miners ETF,SD,SD,00/00/0000,SD,SD,9999
2893,1,METU,Direxion Daily META Bull 2X Shares,SD,SD,00/00/0000,SD,SD,9999
2894,1,MFH,Mercurity Fintech Holding Inc. - American Ordinary Shares,SD,SD,00/00/0000,SD,SD,9999
2895,1,MFI,mF International Limited - Class A Ordinary Shares,SD,SD,00/00/0000,SD,SD,9999
2896,1,MFIC,MidCap Financial Investment Corporation - Closed End Fund,SD,SD,00/00/0000,SD,SD,9999
2897,1,MFICL,MidCap Financial Investment Corporation - 8.00% Notes due 2028,SD,SD,00/00/0000,SD,SD,9999
2898,1,MFIN,Medallion Financial Corp. - Common Stock,SD,SD,00/00/0000,SD,SD,9999
2899,1,MFLX,First Trust Flexible Municipal High Income ETF,SD,SD,00/00/0000,SD,SD,9999
2900,1,MGEE,MGE Energy Inc. - Common Stock,SD,SD,00/00/0000,SD,SD,9999
2901,1,MGIC,Magic Software Enterprises Ltd. - Ordinary Shares,SD,SD,00/00/0000,SD,SD,9999
2902,1,MGIH,Millennium Group International Holdings Limited - Ordinary Shares,SD,SD,00/00/0000,SD,SD,9999
2903,1,MGN,Megan Holdings Limited - Ordinary shares.,SD,SD,00/00/0000,SD,SD,9999
2904,1,MGNI,"Magnite, Inc. - Common Stock",SD,SD,00/00/0000,SD,SD,9999
2905,1,MGNX,"MacroGenics, Inc. - Common Stock",SD,SD,00/00/0000,SD,SD,9999
2906,1,MGPI,"MGP Ingredients, Inc. - Common Stock",SD,SD,00/00/0000,SD,SD,9999
2907,1,MGRC,McGrath RentCorp - Common Stock,SD,SD,00/00/0000,SD,SD,9999
2908,1,MGRT,Mega Fortune Company Limited - Ordinary Shares,SD,SD,00/00/0000,SD,SD,9999
2909,1,MGRX,"Mangoceuticals, Inc. - Common Stock",SD,SD,00/00/0000,SD,SD,9999
2910,1,MGTX,MeiraGTx Holdings plc - Ordinary Shares,SD,SD,00/00/0000,SD,SD,9999
2911,1,MGX,"Metagenomi, Inc. - Common Stock",SD,SD,00/00/0000,SD,SD,9999
2912,1,MGYR,"Magyar Bancorp, Inc. - Common Stock",SD,SD,00/00/0000,SD,SD,9999
2913,1,MHUA,"Meihua International Medical Technologies Co., Ltd. - Ordinary Shares",SD,SD,00/00/0000,SD,SD,9999
2914,1,MIDD,The Middleby Corporation - Common Stock,SD,SD,00/00/0000,SD,SD,9999
2915,1,MIGI,Mawson Infrastructure Group Inc. - Common Stock,SD,SD,00/00/0000,SD,SD,9999
2916,1,MILN,Global X Millennial Consumer ETF,SD,SD,00/00/0000,SD,SD,9999
2917,1,MIMI,Mint Incorporation Limited - Class A Ordinary Shares,SD,SD,00/00/0000,SD,SD,9999
2918,1,MIND,"MIND Technology, Inc. - Common Stock",SD,SD,00/00/0000,SD,SD,9999
2919,1,MIRA,"MIRA Pharmaceuticals, Inc. - Common Stock",SD,SD,00/00/0000,SD,SD,9999
2920,1,MIRM,"Mirum Pharmaceuticals, Inc. - common stock",SD,SD,00/00/0000,SD,SD,9999
2921,1,MIST,Milestone Pharmaceuticals Inc. - Common Shares,SD,SD,00/00/0000,SD,SD,9999
2922,1,MITK,"Mitek Systems, Inc. - Common Stock",SD,SD,00/00/0000,SD,SD,9999
2923,1,MKAM,MKAM ETF,SD,SD,00/00/0000,SD,SD,9999
2924,1,MKDW,MKDWELL Tech Inc. - Ordinary Shares,SD,SD,00/00/0000,SD,SD,9999
2925,1,MKDWW,MKDWELL Tech Inc. - Warrants,SD,SD,00/00/0000,SD,SD,9999
2926,1,MKLY,McKinley Acquisition Corporation - Class A Ordinary Shares,SD,SD,00/00/0000,SD,SD,9999
2927,1,MKLYR,McKinley Acquisition Corporation - Rights,SD,SD,00/00/0000,SD,SD,9999
2928,1,MKLYU,McKinley Acquisition Corporation - Units,SD,SD,00/00/0000,SD,SD,9999
2929,1,MKSI,MKS Inc. - Common Stock,SD,SD,00/00/0000,SD,SD,9999
2930,1,MKTW,"MarketWise, Inc. - Class A Common Stock",SD,SD,00/00/0000,SD,SD,9999
2931,1,MKTX,"MarketAxess Holdings, Inc. - Common Stock",SD,SD,00/00/0000,SD,SD,9999
2932,1,MKZR,"MacKenzie Realty Capital, Inc. - Common Stock",SD,SD,00/00/0000,SD,SD,9999
2933,1,MLAB,"Mesa Laboratories, Inc. - Common Stock",SD,SD,00/00/0000,SD,SD,9999
2934,1,MLAC,Mountain Lake Acquisition Corp. - Class A Ordinary Shares,SD,SD,00/00/0000,SD,SD,9999
2935,1,MLACR,Mountain Lake Acquisition Corp. - Right,SD,SD,00/00/0000,SD,SD,9999
2936,1,MLACU,Mountain Lake Acquisition Corp. - Units,SD,SD,00/00/0000,SD,SD,9999
2937,1,MLCI,Mount Logan Capital Inc. - Common Stock,SD,SD,00/00/0000,SD,SD,9999
2938,1,MLCO,Melco Resorts & Entertainment Limited - American Depositary Shares ,SD,SD,00/00/0000,SD,SD,9999
2939,1,MLEC,Moolec Science SA - Ordinary shares,SD,SD,00/00/0000,SD,SD,9999
2940,1,MLECW,Moolec Science SA - Warrant,SD,SD,00/00/0000,SD,SD,9999
2941,1,MLGO,"MicroAlgo, Inc. - Ordinary Shares",SD,SD,00/00/0000,SD,SD,9999
2942,1,MLKN,"MillerKnoll, Inc. - Common Stock",SD,SD,00/00/0000,SD,SD,9999
2943,1,MLTX,MoonLake Immunotherapeutics - Class A Ordinary Shares,SD,SD,00/00/0000,SD,SD,9999
2944,1,MLYS,"Mineralys Therapeutics, Inc. - Common Stock",SD,SD,00/00/0000,SD,SD,9999
2945,1,MMLP,Martin Midstream Partners L.P. - Common Units Representing Limited Partnership Interests,SD,SD,00/00/0000,SD,SD,9999
2946,1,MMSI,"Merit Medical Systems, Inc. - Common Stock",SD,SD,00/00/0000,SD,SD,9999
2947,1,MMYT,MakeMyTrip Limited - Ordinary Shares,SD,SD,00/00/0000,SD,SD,9999
2948,1,MNDO,MIND C.T.I. Ltd. - Ordinary Shares,SD,SD,00/00/0000,SD,SD,9999
2949,1,MNDR,Mobile-health Network Solutions - Class A Ordinary Shares,SD,SD,00/00/0000,SD,SD,9999
2950,1,MNDY,monday.com Ltd. - Ordinary Shares,SD,SD,00/00/0000,SD,SD,9999
2951,1,MNKD,MannKind Corporation - Common Stock,SD,SD,00/00/0000,SD,SD,9999
2952,1,MNMD,Mind Medicine (MindMed) Inc. - Common Shares,SD,SD,00/00/0000,SD,SD,9999
2953,1,MNOV,"MediciNova, Inc. - Common Stock",SD,SD,00/00/0000,SD,SD,9999
2954,1,MNPR,Monopar Therapeutics Inc. - Common Stock,SD,SD,00/00/0000,SD,SD,9999
2955,1,MNRO,"Monro, Inc.  - Common Stock",SD,SD,00/00/0000,SD,SD,9999
2956,1,MNSB,"MainStreet Bancshares, Inc. - Common Stock",SD,SD,00/00/0000,SD,SD,9999
2957,1,MNSBP,"MainStreet Bancshares, Inc. - Depositary Shares",SD,SD,00/00/0000,SD,SD,9999
2958,1,MNST,Monster Beverage Corporation - Common Stock,SD,SD,00/00/0000,SD,SD,9999
2959,1,MNTK,"Montauk Renewables, Inc. - Common Stock",SD,SD,00/00/0000,SD,SD,9999
2960,1,MNTS,Momentus Inc. - Class A Common Stock,SD,SD,00/00/0000,SD,SD,9999
2961,1,MNTSW,Momentus Inc. - Warrant,SD,SD,00/00/0000,SD,SD,9999
2962,1,MNY,MoneyHero Limited - Class A Ordinary Shares,SD,SD,00/00/0000,SD,SD,9999
2963,1,MNYWW,MoneyHero Limited - Warrants,SD,SD,00/00/0000,SD,SD,9999
2964,1,MOB,Mobilicom Limited - American Depositary Shares,SD,SD,00/00/0000,SD,SD,9999
2965,1,MOBBW,Mobilicom Limited - Warrants,SD,SD,00/00/0000,SD,SD,9999
2966,1,MOBX,"Mobix Labs, Inc. - Class A Common Stock",SD,SD,00/00/0000,SD,SD,9999
2967,1,MOBXW,"Mobix Labs, Inc. - Warrants",SD,SD,00/00/0000,SD,SD,9999
2968,1,MODD,"Modular Medical, Inc. - common stock",SD,SD,00/00/0000,SD,SD,9999
2969,1,MODL,VictoryShares WestEnd U.S. Sector ETF,SD,SD,00/00/0000,SD,SD,9999
2970,1,MOFG,"MidWestOne Financial Group, Inc. - Common Stock",SD,SD,00/00/0000,SD,SD,9999
2971,1,MOGO,Mogo Inc. - Common Shares,SD,SD,00/00/0000,SD,SD,9999
2972,1,MOLN,Molecular Partners AG - American Depositary Shares,SD,SD,00/00/0000,SD,SD,9999
2973,1,MOMO,Hello Group Inc.  - American Depositary Shares,SD,SD,00/00/0000,SD,SD,9999
2974,1,MOOD,Relative Sentiment Tactical Allocation ETF,SD,SD,00/00/0000,SD,SD,9999
2975,1,MORN,"Morningstar, Inc. - Common Stock",SD,SD,00/00/0000,SD,SD,9999
2976,1,MOVE,Movano Inc. - Common Stock,SD,SD,00/00/0000,SD,SD,9999
2977,1,MPAA,"Motorcar Parts of America, Inc. - Common Stock",SD,SD,00/00/0000,SD,SD,9999
2978,1,MPB,Mid Penn Bancorp - Common Stock,SD,SD,00/00/0000,SD,SD,9999
2979,1,MPWR,"Monolithic Power Systems, Inc. - Common Stock",SD,SD,00/00/0000,SD,SD,9999
2980,1,MQ,"Marqeta, Inc. - Class A Common Stock",SD,SD,00/00/0000,SD,SD,9999
2981,1,MQQQ,Tradr 2X Long Innovation 100 Monthly ETF,SD,SD,00/00/0000,SD,SD,9999
2982,1,MRAL,GraniteShares 2x Long MARA Daily ETF,SD,SD,00/00/0000,SD,SD,9999
2983,1,MRAM,"Everspin Technologies, Inc. - Common Stock",SD,SD,00/00/0000,SD,SD,9999
2984,1,MRBK,Meridian Corporation - Common Stock,SD,SD,00/00/0000,SD,SD,9999
2985,1,MRCC,Monroe Capital Corporation - Closed End Fund,SD,SD,00/00/0000,SD,SD,9999
2986,1,MRCY,Mercury Systems Inc - Common Stock,SD,SD,00/00/0000,SD,SD,9999
2987,1,MREO,Mereo BioPharma Group plc - American Depositary Shares,SD,SD,00/00/0000,SD,SD,9999
2988,1,MRKR,"Marker Therapeutics, Inc. - Common Stock",SD,SD,00/00/0000,SD,SD,9999
2989,1,MRM,MEDIROM Healthcare Technologies Inc. - American Depositary Share,SD,SD,00/00/0000,SD,SD,9999
2990,1,MRNA,"Moderna, Inc. - Common Stock",SD,SD,00/00/0000,SD,SD,9999
2991,1,MRNO,Murano Global Investments PLC - Ordinary Shares,SD,SD,00/00/0000,SD,SD,9999
2992,1,MRNOW,Murano Global Investments PLC - Warrants,SD,SD,00/00/0000,SD,SD,9999
2993,1,MRSN,"Mersana Therapeutics, Inc. - Common Stock",SD,SD,00/00/0000,SD,SD,9999
2994,1,MRTN,"Marten Transport, Ltd. - Common Stock",SD,SD,00/00/0000,SD,SD,9999
2995,1,MRUS,Merus N.V. - Common Shares,SD,SD,00/00/0000,SD,SD,9999
2996,1,MRVI,"Maravai LifeSciences Holdings, Inc. - Class A common stock",SD,SD,00/00/0000,SD,SD,9999
2997,1,MRVL,"Marvell Technology, Inc. - Common Stock",SD,SD,00/00/0000,SD,SD,9999
2998,1,MRX,Marex Group plc - Ordinary Shares,SD,SD,00/00/0000,SD,SD,9999
2999,1,MSAI,"MultiSensor AI Holdings, Inc. - Common Stock",SD,SD,00/00/0000,SD,SD,9999
3000,1,MSAIW,"MultiSensor AI Holdings, Inc. - Warrants",SD,SD,00/00/0000,SD,SD,9999
3001,1,MSBI,"Midland States Bancorp, Inc. - Common Stock",SD,SD,00/00/0000,SD,SD,9999
3002,1,MSBIP,"Midland States Bancorp, Inc. - Depositary Shares Each Representing a 1/40th Interest in a Share of 7.750% Fixed-Rate Reset Non-Cumulative Perpetual Preferred Stock, Series A",SD,SD,00/00/0000,SD,SD,9999
3003,1,MSDD,GraniteShares 2x Short MSTR Daily ETF,SD,SD,00/00/0000,SD,SD,9999
3004,1,MSEX,Middlesex Water Company - Common Stock,SD,SD,00/00/0000,SD,SD,9999
3005,1,MSFD,Direxion Daily MSFT Bear 1X Shares,SD,SD,00/00/0000,SD,SD,9999
3006,1,MSFL,GraniteShares 2x Long MSFT Daily ETF,SD,SD,00/00/0000,SD,SD,9999
3007,1,MSFT,Microsoft Corporation - Common Stock,SD,SD,00/00/0000,SD,SD,9999
3008,1,MSFU,Direxion Daily MSFT Bull 2X Shares,SD,SD,00/00/0000,SD,SD,9999
3009,1,MSGM,Motorsport Games Inc. - Class A Common Stock,SD,SD,00/00/0000,SD,SD,9999
3010,1,MSGY,Masonglory Limited - Ordinary Shares,SD,SD,00/00/0000,SD,SD,9999
3011,1,MSPR,"MSP Recovery, Inc. - Class A Common Stock",SD,SD,00/00/0000,SD,SD,9999
3012,1,MSPRW,"MSP Recovery, Inc. - Warrant",SD,SD,00/00/0000,SD,SD,9999
3013,1,MSPRZ,"MSP Recovery, Inc. - Warrant",SD,SD,00/00/0000,SD,SD,9999
3014,1,MSS,Maison Solutions Inc. - Class A Common Stock,SD,SD,00/00/0000,SD,SD,9999
3015,1,MST,Defiance Leveraged Long Income MSTR ETF,SD,SD,00/00/0000,SD,SD,9999
3016,1,MSTP,GraniteShares 2x Long MSTR Daily ETF,SD,SD,00/00/0000,SD,SD,9999
3017,1,MSTR,Strategy Inc - Class A Common Stock,SD,SD,00/00/0000,SD,SD,9999
3018,1,MSTX,Defiance Daily Target 2x Long MSTR ETF,SD,SD,00/00/0000,SD,SD,9999
3019,1,MSW,Ming Shing Group Holdings Limited - Ordinary Shares,SD,SD,00/00/0000,SD,SD,9999
3020,1,MTC,"MMTec, Inc. - Common Shares",SD,SD,00/00/0000,SD,SD,9999
3021,1,MTCH,"Match Group, Inc. - Common Stock",SD,SD,00/00/0000,SD,SD,9999
3022,1,MTEK,Maris-Tech Ltd. - ordinary shares,SD,SD,00/00/0000,SD,SD,9999
3023,1,MTEKW,Maris-Tech Ltd. - Warrants,SD,SD,00/00/0000,SD,SD,9999
3024,1,MTEN,Mingteng International Corporation Inc. - Class A Ordinary Shares,SD,SD,00/00/0000,SD,SD,9999
3025,1,MTEX,"Mannatech, Incorporated - Common Stock",SD,SD,00/00/0000,SD,SD,9999
3026,1,MTLS,Materialise NV - American Depositary Shares,SD,SD,00/00/0000,SD,SD,9999
3027,1,MTRX,Matrix Service Company - Common Stock,SD,SD,00/00/0000,SD,SD,9999
3028,1,MTSI,"MACOM Technology Solutions Holdings, Inc. - Common Stock",SD,SD,00/00/0000,SD,SD,9999
3029,1,MTSR,"Metsera, Inc. - Common Stock",SD,SD,00/00/0000,SD,SD,9999
3030,1,MTVA,MetaVia Inc.  - Common Stock,SD,SD,00/00/0000,SD,SD,9999
3031,1,MTYY,GraniteShares YieldBOOST MSTR ETF,SD,SD,00/00/0000,SD,SD,9999
3032,1,MU,"Micron Technology, Inc. - Common Stock",SD,SD,00/00/0000,SD,SD,9999
3033,1,MUD,Direxion Daily MU Bear 1X Shares,SD,SD,00/00/0000,SD,SD,9999
3034,1,MULL,GraniteShares 2x Long MU Daily ETF,SD,SD,00/00/0000,SD,SD,9999
3035,1,MULT,Franklin Multisector Income ETF,SD,SD,00/00/0000,SD,SD,9999
3036,1,MURA,Mural Oncology plc - Ordinary Shares,SD,SD,00/00/0000,SD,SD,9999
3037,1,MUU,Direxion Daily MU Bull 2X Shares,SD,SD,00/00/0000,SD,SD,9999
3038,1,MVBF,MVB Financial Corp. - Common Stock,SD,SD,00/00/0000,SD,SD,9999
3039,1,MVIS,"MicroVision, Inc. - Common Stock",SD,SD,00/00/0000,SD,SD,9999
3040,1,MVLL,GraniteShares 2x Long MRVL Daily ETF,SD,SD,00/00/0000,SD,SD,9999
3041,1,MVST,"Microvast Holdings, Inc. - Common Stock",SD,SD,00/00/0000,SD,SD,9999
3042,1,MVSTW,"Microvast Holdings, Inc. - Warrant",SD,SD,00/00/0000,SD,SD,9999
3043,1,MWYN,"Marwynn Holdings, Inc. - Common stock",SD,SD,00/00/0000,SD,SD,9999
3044,1,MXCT,"MaxCyte, Inc. - Common Stock",SD,SD,00/00/0000,SD,SD,9999
3045,1,MXL,"MaxLinear, Inc - Common Stock",SD,SD,00/00/0000,SD,SD,9999
3046,1,MYCF,SPDR SSGA My2026 Corporate Bond ETF,SD,SD,00/00/0000,SD,SD,9999
3047,1,MYCG,SPDR SSGA My2027 Corporate Bond ETF,SD,SD,00/00/0000,SD,SD,9999
3048,1,MYCH,SPDR SSGA My2028 Corporate Bond ETF,SD,SD,00/00/0000,SD,SD,9999
3049,1,MYCI,SPDR SSGA My2029 Corporate Bond ETF,SD,SD,00/00/0000,SD,SD,9999
3050,1,MYCJ,SPDR SSGA My2030 Corporate Bond ETF,SD,SD,00/00/0000,SD,SD,9999
3051,1,MYCK,SPDR SSGA My2031 Corporate Bond ETF,SD,SD,00/00/0000,SD,SD,9999
3052,1,MYCL,SPDR SSGA My2032 Corporate Bond ETF,SD,SD,00/00/0000,SD,SD,9999
3053,1,MYCM,SPDR SSGA My2033 Corporate Bond ETF,SD,SD,00/00/0000,SD,SD,9999
3054,1,MYCN,SPDR SSGA My2034 Corporate Bond ETF,SD,SD,00/00/0000,SD,SD,9999
3055,1,MYCO,SPDR SSGA My2035 Corporate Bond ETF,SD,SD,00/00/0000,SD,SD,9999
3056,1,MYFW,"First Western Financial, Inc. - Common Stock",SD,SD,00/00/0000,SD,SD,9999
3057,1,MYGN,"Myriad Genetics, Inc. - Common Stock",SD,SD,00/00/0000,SD,SD,9999
3058,1,MYMF,SPDR SSGA My2026 Municipal Bond ETF,SD,SD,00/00/0000,SD,SD,9999
3059,1,MYMG,SPDR SSGA My2027 Municipal Bond ETF,SD,SD,00/00/0000,SD,SD,9999
3060,1,MYMH,SPDR SSGA My2028 Municipal Bond ETF,SD,SD,00/00/0000,SD,SD,9999
3061,1,MYMI,SPDR SSGA My2029 Municipal Bond ETF,SD,SD,00/00/0000,SD,SD,9999
3062,1,MYMJ,SPDR SSGA My2030 Municipal Bond ETF,SD,SD,00/00/0000,SD,SD,9999
3063,1,MYMK,SPDR SSGA My2031 Municipal Bond ETF,SD,SD,00/00/0000,SD,SD,9999
3064,1,MYNZ,Mainz Biomed N.V. - Ordinary Shares,SD,SD,00/00/0000,SD,SD,9999
3065,1,MYPS,"PLAYSTUDIOS, Inc.  - Class A Common Stock",SD,SD,00/00/0000,SD,SD,9999
3066,1,MYPSW,"PLAYSTUDIOS, Inc.  - Warrant",SD,SD,00/00/0000,SD,SD,9999
3067,1,MYRG,"MYR Group, Inc. - Common Stock",SD,SD,00/00/0000,SD,SD,9999
3068,1,MYSE,"Myseum, Inc. - Common Stock",SD,SD,00/00/0000,SD,SD,9999
3069,1,MYSEW,"Myseum, Inc. - Series A Warrant",SD,SD,00/00/0000,SD,SD,9999
3070,1,MYSZ,"My Size, Inc. - Common Stock",SD,SD,00/00/0000,SD,SD,9999
3071,1,MZTI,The Marzetti Company - Common Stock,SD,SD,00/00/0000,SD,SD,9999
3072,1,NA,Nano Labs Ltd - Class A Ordinary Shares,SD,SD,00/00/0000,SD,SD,9999
3073,1,NAAS,NaaS Technology Inc. - American Depositary Shares,SD,SD,00/00/0000,SD,SD,9999
3074,1,NAGE,"Niagen Bioscience, Inc. - Common Stock",SD,SD,00/00/0000,SD,SD,9999
3075,1,NAII,"Natural Alternatives International, Inc. - Common Stock",SD,SD,00/00/0000,SD,SD,9999
3076,1,NAKA,"Kindly MD, Inc. - Common Stock",SD,SD,00/00/0000,SD,SD,9999
3077,1,NAMI,Jinxin Technology Holding Company - American Depositary Shares,SD,SD,00/00/0000,SD,SD,9999
3078,1,NAMM,Namib Minerals - Ordinary Shares,SD,SD,00/00/0000,SD,SD,9999
3079,1,NAMMW,Namib Minerals - Warrants,SD,SD,00/00/0000,SD,SD,9999
3080,1,NAMS,NewAmsterdam Pharma Company N.V. - Ordinary Shares,SD,SD,00/00/0000,SD,SD,9999
3081,1,NAMSW,NewAmsterdam Pharma Company N.V. - Warrant,SD,SD,00/00/0000,SD,SD,9999
3082,1,NAOV,"NanoVibronix, Inc. - Common Stock",SD,SD,00/00/0000,SD,SD,9999
3083,1,NATH,"Nathan's Famous, Inc. - Common Stock",SD,SD,00/00/0000,SD,SD,9999
3084,1,NATO,Themes Transatlantic Defense ETF,SD,SD,00/00/0000,SD,SD,9999
3085,1,NATR,"Nature's Sunshine Products, Inc. - Common Stock",SD,SD,00/00/0000,SD,SD,9999
3086,1,NAUT,"Nautilus Biotechnology, Inc. - Common Stock",SD,SD,00/00/0000,SD,SD,9999
3087,1,NAVI,Navient Corporation - Common Stock,SD,SD,00/00/0000,SD,SD,9999
3088,1,NB,NioCorp Developments Ltd. - Common Stock,SD,SD,00/00/0000,SD,SD,9999
3089,1,NBBK,"NB Bancorp, Inc. - Common Stock",SD,SD,00/00/0000,SD,SD,9999
3090,1,NBIL,GraniteShares 2x Long NBIS Daily ETF,SD,SD,00/00/0000,SD,SD,9999
3091,1,NBIS,Nebius Group N.V. - Class A Ordinary Shares,SD,SD,00/00/0000,SD,SD,9999
3092,1,NBIX,"Neurocrine Biosciences, Inc. - Common Stock",SD,SD,00/00/0000,SD,SD,9999
3093,1,NBN,Northeast Bank - Common Stock,SD,SD,00/00/0000,SD,SD,9999
3094,1,NBTB,NBT Bancorp Inc. - Common Stock,SD,SD,00/00/0000,SD,SD,9999
3095,1,NBTX,Nanobiotix S.A. - ADSs,SD,SD,00/00/0000,SD,SD,9999
3096,1,NCEW,New Century Logistics (BVI) Limited - Ordinary Shares,SD,SD,00/00/0000,SD,SD,9999
3097,1,NCI,Neo-Concept International Group Holdings Limited - Class A Ordinary Shares,SD,SD,00/00/0000,SD,SD,9999
3098,1,NCIQ,Hashdex Nasdaq Crypto Index US ETF - Hashdex Nasdaq Crypto Index US ETF,SD,SD,00/00/0000,SD,SD,9999
3099,1,NCMI,"National CineMedia, Inc. - Common Stock",SD,SD,00/00/0000,SD,SD,9999
3100,1,NCNA,NuCana plc - American Depositary Shares,SD,SD,00/00/0000,SD,SD,9999
3101,1,NCNO,"nCino, Inc. - Common Stock",SD,SD,00/00/0000,SD,SD,9999
3102,1,NCPB,Nuveen Core Plus Bond ETF,SD,SD,00/00/0000,SD,SD,9999
3103,1,NCPL,Netcapital Inc. - Common Stock,SD,SD,00/00/0000,SD,SD,9999
3104,1,NCPLW,Netcapital Inc. - warrants,SD,SD,00/00/0000,SD,SD,9999
3105,1,NCRA,"Nocera, Inc. - common stock",SD,SD,00/00/0000,SD,SD,9999
3106,1,NCSM,"NCS Multistage Holdings, Inc. - Common Stock",SD,SD,00/00/0000,SD,SD,9999
3107,1,NCT,Intercont (Cayman) Limited - Ordinary shares,SD,SD,00/00/0000,SD,SD,9999
3108,1,NCTY,The9 Limited - American Depository Shares,SD,SD,00/00/0000,SD,SD,9999
3109,1,NDAA,Ned Davis Research 360 Dynamic Allocation ETF,SD,SD,00/00/0000,SD,SD,9999
3110,1,NDAQ,"Nasdaq, Inc. - Common Stock",SD,SD,00/00/0000,SD,SD,9999
3111,1,NDLS,Noodles & Company - Common Stock,SD,SD,00/00/0000,SD,SD,9999
3112,1,NDRA,ENDRA Life Sciences Inc. - Common Stock,SD,SD,00/00/0000,SD,SD,9999
3113,1,NDSN,Nordson Corporation - Common Stock,SD,SD,00/00/0000,SD,SD,9999
3114,1,NECB,"NorthEast Community Bancorp, Inc. - Common Stock",SD,SD,00/00/0000,SD,SD,9999
3115,1,NEGG,"Newegg Commerce, Inc. - Common Shares",SD,SD,00/00/0000,SD,SD,9999
3116,1,NEO,"NeoGenomics, Inc. - Common Stock",SD,SD,00/00/0000,SD,SD,9999
3117,1,NEOG,Neogen Corporation - Common Stock,SD,SD,00/00/0000,SD,SD,9999
3118,1,NEON,Neonode Inc. - Common Stock,SD,SD,00/00/0000,SD,SD,9999
3119,1,NEOV,NeoVolta Inc. - Common Stock,SD,SD,00/00/0000,SD,SD,9999
3120,1,NEOVW,NeoVolta Inc. - Warrant,SD,SD,00/00/0000,SD,SD,9999
3121,1,NEPH,"Nephros, Inc. - Common Stock",SD,SD,00/00/0000,SD,SD,9999
3122,1,NERV,"Minerva Neurosciences, Inc - Common Stock",SD,SD,00/00/0000,SD,SD,9999
3123,1,NESR,National Energy Services Reunited Corp - Ordinary Shares,SD,SD,00/00/0000,SD,SD,9999
3124,1,NETD,Nabors Energy Transition Corp. II - Class A Ordinary Shares,SD,SD,00/00/0000,SD,SD,9999
3125,1,NETDU,Nabors Energy Transition Corp. II - Unit,SD,SD,00/00/0000,SD,SD,9999
3126,1,NETDW,Nabors Energy Transition Corp. II - Warrant,SD,SD,00/00/0000,SD,SD,9999
3127,1,NEUP,Neuphoria Therapeutics Inc. - Common Stock,SD,SD,00/00/0000,SD,SD,9999
3128,1,NEWT,"NewtekOne, Inc. - Common Stock",SD,SD,00/00/0000,SD,SD,9999
3129,1,NEWTG,"NewtekOne, Inc. - 8.50% Fixed Rate Senior Notes due 2029",SD,SD,00/00/0000,SD,SD,9999
3130,1,NEWTH,"NewtekOne, Inc. - 8.625% Fixed Rate Senior Notes due 2029",SD,SD,00/00/0000,SD,SD,9999
3131,1,NEWTI,"NewtekOne, Inc. - 8.00% Fixed Rate Senior Notes due 2028",SD,SD,00/00/0000,SD,SD,9999
3132,1,NEWTP,"NewtekOne, Inc. - Depositary Shares, Each Representing a 1/40th Interest in a Share of 8.500% Fixed Rate Reset Non-Cumulative Perpetual Preferred Stock, Series B",SD,SD,00/00/0000,SD,SD,9999
3133,1,NEWTZ,"NewtekOne, Inc. - 5.50% Notes Due 2026",SD,SD,00/00/0000,SD,SD,9999
3134,1,NEWZ,StockSnips AI-Powered Sentiment US All Cap ETF,SD,SD,00/00/0000,SD,SD,9999
3135,1,NEXM,NexMetals Mining Corp. - Common Stock,SD,SD,00/00/0000,SD,SD,9999
3136,1,NEXN,Nexxen International Ltd. - Ordinary Shares,SD,SD,00/00/0000,SD,SD,9999
3137,1,NEXT,NextDecade Corporation - Common Stock,SD,SD,00/00/0000,SD,SD,9999
3138,1,NFBK,"Northfield Bancorp, Inc. - Common Stock",SD,SD,00/00/0000,SD,SD,9999
3139,1,NFE,New Fortress Energy Inc. - Class A Common Stock,SD,SD,00/00/0000,SD,SD,9999
3140,1,NFLX,"Netflix, Inc. - Common Stock",SD,SD,00/00/0000,SD,SD,9999
3141,1,NFTY,First Trust India Nifty 50 Equal Weight ETF,SD,SD,00/00/0000,SD,SD,9999
3142,1,NFXL,Direxion Daily NFLX Bull 2X Shares,SD,SD,00/00/0000,SD,SD,9999
3143,1,NFXS,Direxion Daily NFLX Bear 1X Shares,SD,SD,00/00/0000,SD,SD,9999
3144,1,NGNE,Neurogene Inc. - Common Stock,SD,SD,00/00/0000,SD,SD,9999
3145,1,NHIC,NewHold Investment Corp III - Class A Ordinary shares,SD,SD,00/00/0000,SD,SD,9999
3146,1,NHICU,NewHold Investment Corp III - Units,SD,SD,00/00/0000,SD,SD,9999
3147,1,NHICW,NewHold Investment Corp III - Warrants,SD,SD,00/00/0000,SD,SD,9999
3148,1,NHPAP,"National Healthcare Properties, Inc. - 7.375% Series A Cumulative Redeemable Perpetual Preferred Stock",SD,SD,00/00/0000,SD,SD,9999
3149,1,NHPBP,"National Healthcare Properties, Inc. - 7.125% Series B Cumulative Redeemable Perpetual Preferred Stock",SD,SD,00/00/0000,SD,SD,9999
3150,1,NHTC,Natural Health Trends Corp. - Commn Stock,SD,SD,00/00/0000,SD,SD,9999
3151,1,NICE,NICE Ltd - American Depositary Shares each representing one Ordinary Share,SD,SD,00/00/0000,SD,SD,9999
3152,1,NIKL,Sprott Nickel Miners ETF,SD,SD,00/00/0000,SD,SD,9999
3153,1,NIOBW,NioCorp Developments Ltd. - Warrant,SD,SD,00/00/0000,SD,SD,9999
3154,1,NIPG,NIP Group Inc. - American Depositary Shares,SD,SD,00/00/0000,SD,SD,9999
3155,1,NISN,"NiSun Intl Enterprise Development Group Co, Ltd - Class A Common Shares",SD,SD,00/00/0000,SD,SD,9999
3156,1,NITO,"N2OFF, Inc. - Common Stock",SD,SD,00/00/0000,SD,SD,9999
3157,1,NIU,Niu Technologies - American Depositary Shares,SD,SD,00/00/0000,SD,SD,9999
3158,1,NIVF,NewGenIvf Group Limited - Class A Ordinary Shares,SD,SD,00/00/0000,SD,SD,9999
3159,1,NIVFW,NewGenIvf Group Limited - Warrants,SD,SD,00/00/0000,SD,SD,9999
3160,1,NIXT,Research Affiliates Deletions ETF,SD,SD,00/00/0000,SD,SD,9999
3161,1,NIXX,"Nixxy, Inc. - Common Stock",SD,SD,00/00/0000,SD,SD,9999
3162,1,NIXXW,"Nixxy, Inc. - Warrant",SD,SD,00/00/0000,SD,SD,9999
3163,1,NKLR,Terra Innovatum Global N.V. - Ordinary shares,SD,SD,00/00/0000,SD,SD,9999
3164,1,NKSH,"National Bankshares, Inc. - Common Stock",SD,SD,00/00/0000,SD,SD,9999
3165,1,NKTR,Nektar Therapeutics - Common Stock,SD,SD,00/00/0000,SD,SD,9999
3166,1,NKTX,"Nkarta, Inc. - Common Stock",SD,SD,00/00/0000,SD,SD,9999
3167,1,NLSP,NLS Pharmaceutics Ltd. - Common Shares,SD,SD,00/00/0000,SD,SD,9999
3168,1,NLSPW,NLS Pharmaceutics Ltd. - Warrant,SD,SD,00/00/0000,SD,SD,9999
3169,1,NMFC,New Mountain Finance Corporation - Common Stock,SD,SD,00/00/0000,SD,SD,9999
3170,1,NMFCZ,New Mountain Finance Corporation - 8.250% Notes due 2028,SD,SD,00/00/0000,SD,SD,9999
3171,1,NMIH,NMI Holdings Inc - Common Stock,SD,SD,00/00/0000,SD,SD,9999
3172,1,NMP,NMP Acquisition Corp. - Class A Ordinary Shares,SD,SD,00/00/0000,SD,SD,9999
3173,1,NMPAR,NMP Acquisition Corp. - Right,SD,SD,00/00/0000,SD,SD,9999
3174,1,NMPAU,NMP Acquisition Corp. - Units,SD,SD,00/00/0000,SD,SD,9999
3175,1,NMRA,"Neumora Therapeutics, Inc. - Common Stock",SD,SD,00/00/0000,SD,SD,9999
3176,1,NMRK,"Newmark Group, Inc. - Class A Common Stock",SD,SD,00/00/0000,SD,SD,9999
3177,1,NMTC,NeuroOne Medical Technologies Corporation - Common Stock,SD,SD,00/00/0000,SD,SD,9999
3178,1,NN,NextNav Inc. - Common stock,SD,SD,00/00/0000,SD,SD,9999
3179,1,NNAVW,NextNav Inc. - Warrant,SD,SD,00/00/0000,SD,SD,9999
3180,1,NNBR,"NN, Inc. - Common Stock",SD,SD,00/00/0000,SD,SD,9999
3181,1,NNDM,Nano Dimension Ltd. - American Depositary Shares,SD,SD,00/00/0000,SD,SD,9999
3182,1,NNE,Nano Nuclear Energy Inc. - common stock,SD,SD,00/00/0000,SD,SD,9999
3183,1,NNNN,Anbio Biotechnology - Class A Ordinary Shares,SD,SD,00/00/0000,SD,SD,9999
3184,1,NNOX,NANO-X IMAGING LTD - Ordinary Shares,SD,SD,00/00/0000,SD,SD,9999
3185,1,NODK,"NI Holdings, Inc. - Common Stock",SD,SD,00/00/0000,SD,SD,9999
3186,1,NOEM,CO2 Energy Transition Corp. - Common Stock,SD,SD,00/00/0000,SD,SD,9999
3187,1,NOEMR,CO2 Energy Transition Corp. - Right,SD,SD,00/00/0000,SD,SD,9999
3188,1,NOEMU,CO2 Energy Transition Corp. - Unit,SD,SD,00/00/0000,SD,SD,9999
3189,1,NOEMW,CO2 Energy Transition Corp. - Warrant,SD,SD,00/00/0000,SD,SD,9999
3190,1,NOTV,"Inotiv, Inc. - Common Stock",SD,SD,00/00/0000,SD,SD,9999
3191,1,NOVT,Novanta Inc. - Common Shares,SD,SD,00/00/0000,SD,SD,9999
3192,1,NOWL,GraniteShares 2x Long NOW Daily ETF,SD,SD,00/00/0000,SD,SD,9999
3193,1,NPAC,New Providence Acquisition Corp. III - Ordinary Shares,SD,SD,00/00/0000,SD,SD,9999
3194,1,NPACU,New Providence Acquisition Corp. III - Units,SD,SD,00/00/0000,SD,SD,9999
3195,1,NPACW,New Providence Acquisition Corp. III - Warrants,SD,SD,00/00/0000,SD,SD,9999
3196,1,NPCE,"Neuropace, Inc. - Common Stock",SD,SD,00/00/0000,SD,SD,9999
3197,1,NPFI,Nuveen Preferred and Income ETF,SD,SD,00/00/0000,SD,SD,9999
3198,1,NPT,Texxon Holding Limited - Ordinary shares,SD,SD,00/00/0000,SD,SD,9999
3199,1,NRC,National Research Corporation - Common Stock,SD,SD,00/00/0000,SD,SD,9999
3200,1,NRDS,"NerdWallet, Inc. - Class A Common Stock",SD,SD,00/00/0000,SD,SD,9999
3201,1,NRES,Xtrackers RREEF Global Natural Resources ETF,SD,SD,00/00/0000,SD,SD,9999
3202,1,NRIM,Northrim BanCorp Inc - Common Stock,SD,SD,00/00/0000,SD,SD,9999
3203,1,NRIX,"Nurix Therapeutics, Inc. - Common stock",SD,SD,00/00/0000,SD,SD,9999
3204,1,NRSN,NeuroSense Therapeutics Ltd. - Ordinary Shares,SD,SD,00/00/0000,SD,SD,9999
3205,1,NRSNW,NeuroSense Therapeutics Ltd. - Warrant,SD,SD,00/00/0000,SD,SD,9999
3206,1,NRXP,"NRX Pharmaceuticals, Inc. - Common Stock",SD,SD,00/00/0000,SD,SD,9999
3207,1,NRXPW,"NRX Pharmaceuticals, Inc. - Warrant",SD,SD,00/00/0000,SD,SD,9999
3208,1,NSCR,Nuveen Sustainable Core ETF,SD,SD,00/00/0000,SD,SD,9999
3209,1,NSI,National Security Emerging Markets Index ETF,SD,SD,00/00/0000,SD,SD,9999
3210,1,NSIT,"Insight Enterprises, Inc. - Common Stock",SD,SD,00/00/0000,SD,SD,9999
3211,1,NSPR,InspireMD Inc. - Common Stock,SD,SD,00/00/0000,SD,SD,9999
3212,1,NSSC,"NAPCO Security Technologies, Inc. - Common Stock",SD,SD,00/00/0000,SD,SD,9999
3213,1,NSTS,"NSTS Bancorp, Inc. - Common Stock",SD,SD,00/00/0000,SD,SD,9999
3214,1,NSYS,Nortech Systems Incorporated - Common Stock,SD,SD,00/00/0000,SD,SD,9999
3215,1,NTAP,"NetApp, Inc. - Common Stock",SD,SD,00/00/0000,SD,SD,9999
3216,1,NTCL,NETCLASS TECHNOLOGY INC - Class A Ordinary Shares,SD,SD,00/00/0000,SD,SD,9999
3217,1,NTCT,"NetScout Systems, Inc. - Common Stock",SD,SD,00/00/0000,SD,SD,9999
3218,1,NTES,"NetEase, Inc. - American Depositary Shares, each representing 5 ordinary shares",SD,SD,00/00/0000,SD,SD,9999
3219,1,NTGR,"NETGEAR, Inc. - Common Stock",SD,SD,00/00/0000,SD,SD,9999
3220,1,NTHI,"NeOnc Technologies Holdings, Inc. - Common Stock",SD,SD,00/00/0000,SD,SD,9999
3221,1,NTIC,Northern Technologies International Corporation - Common Stock,SD,SD,00/00/0000,SD,SD,9999
3222,1,NTLA,"Intellia Therapeutics, Inc. - Common Stock",SD,SD,00/00/0000,SD,SD,9999
3223,1,NTNX,"Nutanix, Inc. - Class A Common Stock",SD,SD,00/00/0000,SD,SD,9999
3224,1,NTRA,"Natera, Inc. - Common Stock",SD,SD,00/00/0000,SD,SD,9999
3225,1,NTRB,Nutriband Inc. - Common Stock,SD,SD,00/00/0000,SD,SD,9999
3226,1,NTRBW,Nutriband Inc. - Warrant,SD,SD,00/00/0000,SD,SD,9999
3227,1,NTRP,"NextTrip, Inc. - Common Stock",SD,SD,00/00/0000,SD,SD,9999
3228,1,NTRS,Northern Trust Corporation - Common Stock,SD,SD,00/00/0000,SD,SD,9999
3229,1,NTRSO,"Northern Trust Corporation - Depositary Shares Each Representing a 1/1,000th Interest in a Share of Series E Non-Cumulative Perpetual Preferred Stock",SD,SD,00/00/0000,SD,SD,9999
3230,1,NTSK,"Netskope, Inc. - Class A Common Stock",SD,SD,00/00/0000,SD,SD,9999
3231,1,NTWK,NETSOL Technologies Inc. - Common Stock,SD,SD,00/00/0000,SD,SD,9999
3232,1,NTWO,Newbury Street II Acquisition Corp - Class A Ordinary Shares,SD,SD,00/00/0000,SD,SD,9999
3233,1,NTWOU,Newbury Street II Acquisition Corp - Unit,SD,SD,00/00/0000,SD,SD,9999
3234,1,NTWOW,Newbury Street II Acquisition Corp - Warrant,SD,SD,00/00/0000,SD,SD,9999
3235,1,NUAI,"New Era Energy & Digital, Inc. - Common Stock",SD,SD,00/00/0000,SD,SD,9999
3236,1,NUAIW,"New Era Energy & Digital, Inc. - Warrants",SD,SD,00/00/0000,SD,SD,9999
3237,1,NUKK,Nukkleus Inc. - Ordinary Shares,SD,SD,00/00/0000,SD,SD,9999
3238,1,NUKKW,Nukkleus Inc. - Warrants,SD,SD,00/00/0000,SD,SD,9999
3239,1,NUSB,Nuveen Ultra Short Income ETF,SD,SD,00/00/0000,SD,SD,9999
3240,1,NUTR,Nusatrip Incorporated - Common Stock,SD,SD,00/00/0000,SD,SD,9999
3241,1,NUTX,Nutex Health Inc. - Common Stock,SD,SD,00/00/0000,SD,SD,9999
3242,1,NUVL,"Nuvalent, Inc. - Class A Common Stock",SD,SD,00/00/0000,SD,SD,9999
3243,1,NUWE,"Nuwellis, Inc. - Common Stock",SD,SD,00/00/0000,SD,SD,9999
3244,1,NVA,Nova Minerals Limited - American Depositary Shares,SD,SD,00/00/0000,SD,SD,9999
3245,1,NVAWW,Nova Minerals Limited - Warrant,SD,SD,00/00/0000,SD,SD,9999
3246,1,NVAX,"Novavax, Inc. - Common Stock",SD,SD,00/00/0000,SD,SD,9999
3247,1,NVCR,NovoCure Limited - Ordinary Shares,SD,SD,00/00/0000,SD,SD,9999
3248,1,NVCT,"Nuvectis Pharma, Inc. - Common Stock",SD,SD,00/00/0000,SD,SD,9999
3249,1,NVD,GraniteShares 2x Short NVDA Daily ETF,SD,SD,00/00/0000,SD,SD,9999
3250,1,NVDA,NVIDIA Corporation - Common Stock,SD,SD,00/00/0000,SD,SD,9999
3251,1,NVDD,Direxion Daily NVDA Bear 1X Shares,SD,SD,00/00/0000,SD,SD,9999
3252,1,NVDG,Leverage Shares 2X Long NVDA Daily ETF,SD,SD,00/00/0000,SD,SD,9999
3253,1,NVDL,GraniteShares 2x Long NVDA Daily ETF,SD,SD,00/00/0000,SD,SD,9999
3254,1,NVDS,Tradr 1.5X Short NVDA Daily ETF,SD,SD,00/00/0000,SD,SD,9999
3255,1,NVDU,Direxion Daily NVDA Bull 2X Shares,SD,SD,00/00/0000,SD,SD,9999
3256,1,NVEC,NVE Corporation - Common Stock,SD,SD,00/00/0000,SD,SD,9999
3257,1,NVFY,"Nova Lifestyle, Inc - Common Stock",SD,SD,00/00/0000,SD,SD,9999
3258,1,NVMI,Nova Ltd. - Ordinary Shares,SD,SD,00/00/0000,SD,SD,9999
3259,1,NVNI,Nvni Group Limited - Ordinary Shares,SD,SD,00/00/0000,SD,SD,9999
3260,1,NVNIW,Nvni Group Limited - Warrants,SD,SD,00/00/0000,SD,SD,9999
3261,1,NVNO,enVVeno Medical Corporation - Common Stock,SD,SD,00/00/0000,SD,SD,9999
3262,1,NVTS,Navitas Semiconductor Corporation - Common Stock,SD,SD,00/00/0000,SD,SD,9999
3263,1,NVVE,Nuvve Holding Corp. - Common Stock,SD,SD,00/00/0000,SD,SD,9999
3264,1,NVVEW,Nuvve Holding Corp. - Warrant,SD,SD,00/00/0000,SD,SD,9999
3265,1,NVX,NOVONIX Limited - American Depository Shares,SD,SD,00/00/0000,SD,SD,9999
3266,1,NVYY,GraniteShares YieldBOOST NVDA ETF,SD,SD,00/00/0000,SD,SD,9999
3267,1,NWBI,"Northwest Bancshares, Inc. - Common Stock",SD,SD,00/00/0000,SD,SD,9999
3268,1,NWE,"NorthWestern Energy Group, Inc.  - Common Stock",SD,SD,00/00/0000,SD,SD,9999
3269,1,NWFL,Norwood Financial Corp. - Common Stock,SD,SD,00/00/0000,SD,SD,9999
3270,1,NWGL,Nature Wood Group Limited - American Depositary Shares,SD,SD,00/00/0000,SD,SD,9999
3271,1,NWL,Newell Brands Inc. - Common Stock,SD,SD,00/00/0000,SD,SD,9999
3272,1,NWPX,"NWPX Infrastructure, Inc. - Common Stock",SD,SD,00/00/0000,SD,SD,9999
3273,1,NWS,News Corporation - Class B Common Stock,SD,SD,00/00/0000,SD,SD,9999
3274,1,NWSA,News Corporation - Class A Common Stock,SD,SD,00/00/0000,SD,SD,9999
3275,1,NWTG,"Newton Golf Company, Inc. - Common Stock",SD,SD,00/00/0000,SD,SD,9999
3276,1,NXGL,"NexGel, Inc - Common Stock",SD,SD,00/00/0000,SD,SD,9999
3277,1,NXGLW,"NexGel, Inc - Warrant",SD,SD,00/00/0000,SD,SD,9999
3278,1,NXL,"Nexalin Technology, Inc. - Common Stock",SD,SD,00/00/0000,SD,SD,9999
3279,1,NXPI,NXP Semiconductors N.V. - Common Stock,SD,SD,00/00/0000,SD,SD,9999
3280,1,NXPL,NextPlat Corp - Common Stock,SD,SD,00/00/0000,SD,SD,9999
3281,1,NXPLW,NextPlat Corp - Warrants,SD,SD,00/00/0000,SD,SD,9999
3282,1,NXST,"Nexstar Media Group, Inc. - Common Stock",SD,SD,00/00/0000,SD,SD,9999
3283,1,NXT,Nextracker Inc. - Class A Common Stock,SD,SD,00/00/0000,SD,SD,9999
3284,1,NXTC,"NextCure, Inc. - Common Stock",SD,SD,00/00/0000,SD,SD,9999
3285,1,NXTG,First Trust Indxx NextG ETF,SD,SD,00/00/0000,SD,SD,9999
3286,1,NXTT,Next Technology Holding Inc. - Ordinary Shares,SD,SD,00/00/0000,SD,SD,9999
3287,1,NXXT,"NextNRG, Inc. - Common Stock",SD,SD,00/00/0000,SD,SD,9999
3288,1,NYAX,Nayax Ltd. - Ordinary Shares,SD,SD,00/00/0000,SD,SD,9999
3289,1,NYXH,Nyxoah SA - Ordinary Shares,SD,SD,00/00/0000,SD,SD,9999
3290,1,NZAC,SPDR MSCI ACWI Climate Paris Aligned ETF,SD,SD,00/00/0000,SD,SD,9999
3291,1,NZUS,SPDR MSCI USA Climate Paris Aligned ETF,SD,SD,00/00/0000,SD,SD,9999
3292,1,OABI,"OmniAb, Inc. - Common Stock",SD,SD,00/00/0000,SD,SD,9999
3293,1,OABIW,"OmniAb, Inc. - Warrant",SD,SD,00/00/0000,SD,SD,9999
3294,1,OACC,Oaktree Acquisition Corp. III Life Sciences - Class A Ordinary Share,SD,SD,00/00/0000,SD,SD,9999
3295,1,OACCU,Oaktree Acquisition Corp. III Life Sciences - Unit,SD,SD,00/00/0000,SD,SD,9999
3296,1,OACCW,Oaktree Acquisition Corp. III Life Sciences - Warrant,SD,SD,00/00/0000,SD,SD,9999
3297,1,OAKU,Oak Woods Acquisition Corporation - Class A Ordinary Shares,SD,SD,00/00/0000,SD,SD,9999
3298,1,OAKUR,Oak Woods Acquisition Corporation - Right,SD,SD,00/00/0000,SD,SD,9999
3299,1,OAKUU,Oak Woods Acquisition Corporation - Unit,SD,SD,00/00/0000,SD,SD,9999
3300,1,OAKUW,Oak Woods Acquisition Corporation - Warrant,SD,SD,00/00/0000,SD,SD,9999
3301,1,OBA,Oxley Bridge Acquisition Limited - Class A Ordinary Shares,SD,SD,00/00/0000,SD,SD,9999
3302,1,OBAWU,Oxley Bridge Acquisition Limited - Unit,SD,SD,00/00/0000,SD,SD,9999
3303,1,OBAWW,Oxley Bridge Acquisition Limited - Warrants,SD,SD,00/00/0000,SD,SD,9999
3304,1,OBIL,US Treasury 12 Month Bill ETF,SD,SD,00/00/0000,SD,SD,9999
3305,1,OBIO,"Orchestra BioMed Holdings, Inc. - Ordinary Shares",SD,SD,00/00/0000,SD,SD,9999
3306,1,OBLG,Oblong Inc. - Common Stock,SD,SD,00/00/0000,SD,SD,9999
3307,1,OBT,"Orange County Bancorp, Inc. - Common Stock",SD,SD,00/00/0000,SD,SD,9999
3308,1,OCC,Optical Cable Corporation - Common Stock,SD,SD,00/00/0000,SD,SD,9999
3309,1,OCCI,"OFS Credit Company, Inc. - Closed End Fund",SD,SD,00/00/0000,SD,SD,9999
3310,1,OCCIM,"OFS Credit Company, Inc. - 7.875% Series F Term Preferred Stock",SD,SD,00/00/0000,SD,SD,9999
3311,1,OCCIN,"OFS Credit Company, Inc. - 5.25% Series E Term Preferred Stock Due 2026",SD,SD,00/00/0000,SD,SD,9999
3312,1,OCCIO,"OFS Credit Company, Inc. - 6.125% Series C Term Preferred Stock",SD,SD,00/00/0000,SD,SD,9999
3313,1,OCFC,OceanFirst Financial Corp. - Common Stock,SD,SD,00/00/0000,SD,SD,9999
3314,1,OCG,Oriental Culture Holding LTD - Ordinary Shares,SD,SD,00/00/0000,SD,SD,9999
3315,1,OCGN,"Ocugen, Inc. - Common Stock",SD,SD,00/00/0000,SD,SD,9999
3316,1,OCS,Oculis Holding AG - Ordinary shares,SD,SD,00/00/0000,SD,SD,9999
3317,1,OCSAW,Oculis Holding AG - Warrants,SD,SD,00/00/0000,SD,SD,9999
3318,1,OCSL,Oaktree Specialty Lending Corporation - Closed End Fund,SD,SD,00/00/0000,SD,SD,9999
3319,1,OCUL,"Ocular Therapeutix, Inc. - Common Stock",SD,SD,00/00/0000,SD,SD,9999
3320,1,ODD,ODDITY Tech Ltd. - Class A Ordinary Shares,SD,SD,00/00/0000,SD,SD,9999
3321,1,ODDS,Pacer BlueStar Digital Entertainment ETF,SD,SD,00/00/0000,SD,SD,9999
3322,1,ODFL,"Old Dominion Freight Line, Inc. - Common Stock",SD,SD,00/00/0000,SD,SD,9999
3323,1,ODP,The ODP Corporation - Common Stock,SD,SD,00/00/0000,SD,SD,9999
3324,1,ODVWZ,Osisko Development Corp. - Warrant,SD,SD,00/00/0000,SD,SD,9999
3325,1,ODYS,Odysight.ai Inc. - Common Stock,SD,SD,00/00/0000,SD,SD,9999
3326,1,OESX,"Orion Energy Systems, Inc. - Common Stock",SD,SD,00/00/0000,SD,SD,9999
3327,1,OFAL,OFA Group - Ordinary shares,SD,SD,00/00/0000,SD,SD,9999
3328,1,OFIX,Orthofix Medical Inc.  - Common Stock,SD,SD,00/00/0000,SD,SD,9999
3329,1,OFLX,"Omega Flex, Inc. - Common Stock",SD,SD,00/00/0000,SD,SD,9999
3330,1,OFS,OFS Capital Corporation - Closed End Fund,SD,SD,00/00/0000,SD,SD,9999
3331,1,OFSSH,OFS Capital Corporation - 4.95% Notes due 2028,SD,SD,00/00/0000,SD,SD,9999
3332,1,OFSSO,OFS Capital Corporation - 7.50% Notes due 2028,SD,SD,00/00/0000,SD,SD,9999
3333,1,OGI,Organigram Global Inc. - Common Shares,SD,SD,00/00/0000,SD,SD,9999
3334,1,OKLL,Defiance Daily Target 2x Long OKLO ETF,SD,SD,00/00/0000,SD,SD,9999
3335,1,OKTA,"Okta, Inc. - Class A Common Stock",SD,SD,00/00/0000,SD,SD,9999
3336,1,OKUR,"OnKure Therapeutics, Inc. - Class A Common Stock",SD,SD,00/00/0000,SD,SD,9999
3337,1,OKYO,OKYO Pharma Limited - Ordinary Shares,SD,SD,00/00/0000,SD,SD,9999
3338,1,OLB,"The OLB Group, Inc. - Common Stock",SD,SD,00/00/0000,SD,SD,9999
3339,1,OLED,Universal Display Corporation - Common Stock,SD,SD,00/00/0000,SD,SD,9999
3340,1,OLLI,"Ollie's Bargain Outlet Holdings, Inc. - Common Stock",SD,SD,00/00/0000,SD,SD,9999
3341,1,OLMA,"Olema Pharmaceuticals, Inc. - Common Stock",SD,SD,00/00/0000,SD,SD,9999
3342,1,OLPX,"Olaplex Holdings, Inc. - Common Stock",SD,SD,00/00/0000,SD,SD,9999
3343,1,OM,"Outset Medical, Inc. - Common Stock",SD,SD,00/00/0000,SD,SD,9999
3344,1,OMAB,Grupo Aeroportuario del Centro Norte S.A.B. de C.V. - American Depositary Shares each representing 8 Series B shares,SD,SD,00/00/0000,SD,SD,9999
3345,1,OMCC,Old Market Capital Corporation - Common Stock,SD,SD,00/00/0000,SD,SD,9999
3346,1,OMCL,"Omnicell, Inc. - Common Stock",SD,SD,00/00/0000,SD,SD,9999
3347,1,OMDA,"Omada Health, Inc. - Common Stock",SD,SD,00/00/0000,SD,SD,9999
3348,1,OMER,Omeros Corporation - Common Stock,SD,SD,00/00/0000,SD,SD,9999
3349,1,OMEX,"Odyssey Marine Exploration, Inc. - Common Stock",SD,SD,00/00/0000,SD,SD,9999
3350,1,OMH,Ohmyhome Limited - Class A Ordinary Shares,SD,SD,00/00/0000,SD,SD,9999
3351,1,OMSE,OMS Energy Technologies Inc. - Ordinary Shares,SD,SD,00/00/0000,SD,SD,9999
3352,1,ON,ON Semiconductor Corporation - Common Stock,SD,SD,00/00/0000,SD,SD,9999
3353,1,ONB,Old National Bancorp - Common Stock,SD,SD,00/00/0000,SD,SD,9999
3354,1,ONBPO,"Old National Bancorp - Depositary Shares, Each Representing a 1/40th Interest in a Share of Series C Preferred Stock",SD,SD,00/00/0000,SD,SD,9999
3355,1,ONBPP,"Old National Bancorp - Depositary Shares, Each Representing a 1/40th Interest in a Share of Series A Preferred Stock",SD,SD,00/00/0000,SD,SD,9999
3356,1,ONC,BeOne Medicines Ltd. - American Depositary Shares,SD,SD,00/00/0000,SD,SD,9999
3357,1,ONCH,1RT Acquisition Corp. - Class A Ordinary Share,SD,SD,00/00/0000,SD,SD,9999
3358,1,ONCHU,1RT Acquisition Corp. - Units,SD,SD,00/00/0000,SD,SD,9999
3359,1,ONCHW,1RT Acquisition Corp. - Warrant,SD,SD,00/00/0000,SD,SD,9999
3360,1,ONCO,"Onconetix, Inc.  - Common Stock",SD,SD,00/00/0000,SD,SD,9999
3361,1,ONCY,Oncolytics Biotech Inc. - Common Shares,SD,SD,00/00/0000,SD,SD,9999
3362,1,ONDS,Ondas Holdings Inc. - Common Stock,SD,SD,00/00/0000,SD,SD,9999
3363,1,ONEG,OneConstruction Group Limited - Ordinary Shares,SD,SD,00/00/0000,SD,SD,9999
3364,1,ONEQ,Fidelity Nasdaq Composite Index ETF,SD,SD,00/00/0000,SD,SD,9999
3365,1,ONEW,OneWater Marine Inc. - Class A Common Stock,SD,SD,00/00/0000,SD,SD,9999
3366,1,ONFO,Onfolio Holdings Inc. - Common Stock,SD,SD,00/00/0000,SD,SD,9999
3367,1,ONFOW,Onfolio Holdings Inc. - Warrant,SD,SD,00/00/0000,SD,SD,9999
3368,1,ONMD,OneMedNet Corp - Class A Common Stock,SD,SD,00/00/0000,SD,SD,9999
3369,1,ONMDW,OneMedNet Corp - Warrant,SD,SD,00/00/0000,SD,SD,9999
3370,1,OOQB,One One Nasdaq-100 and Bitcoin ETF,SD,SD,00/00/0000,SD,SD,9999
3371,1,OOSB,One One S&P 500 and Bitcoin ETF,SD,SD,00/00/0000,SD,SD,9999
3372,1,OP,OceanPal Inc. - Common Stock,SD,SD,00/00/0000,SD,SD,9999
3373,1,OPAL,OPAL Fuels Inc. - Class A Common Stock,SD,SD,00/00/0000,SD,SD,9999
3374,1,OPBK,OP Bancorp - Common Stock,SD,SD,00/00/0000,SD,SD,9999
3375,1,OPCH,"Option Care Health, Inc. - Common Stock",SD,SD,00/00/0000,SD,SD,9999
3376,1,OPEN,Opendoor Technologies Inc  - Common Stock,SD,SD,00/00/0000,SD,SD,9999
3377,1,OPK,"Opko Health, Inc. - Common Stock",SD,SD,00/00/0000,SD,SD,9999
3378,1,OPPJ,WisdomTree Japan Opportunities Fund,SD,SD,00/00/0000,SD,SD,9999
3379,1,OPRA,Opera Limited - American Depositary Shares,SD,SD,00/00/0000,SD,SD,9999
3380,1,OPRT,Oportun Financial Corporation - common stock,SD,SD,00/00/0000,SD,SD,9999
3381,1,OPRX,OptimizeRx Corporation - Common Stock,SD,SD,00/00/0000,SD,SD,9999
3382,1,OPT,Opthea Limited - American Depositary Shares,SD,SD,00/00/0000,SD,SD,9999
3383,1,OPTX,"Syntec Optics Holdings, Inc. - Class A Common Stock",SD,SD,00/00/0000,SD,SD,9999
3384,1,OPTXW,"Syntec Optics Holdings, Inc. - Warrant",SD,SD,00/00/0000,SD,SD,9999
3385,1,OPTZ,Optimize Strategy Index ETF,SD,SD,00/00/0000,SD,SD,9999
3386,1,OPXS,"Optex Systems Holdings, Inc. - Common Stock",SD,SD,00/00/0000,SD,SD,9999
3387,1,ORBS,Eightco Holdings Inc. - Common Stock,SD,SD,00/00/0000,SD,SD,9999
3388,1,ORCX,Defiance Daily Target 2X Long ORCL ETF,SD,SD,00/00/0000,SD,SD,9999
3389,1,ORGN,"Origin Materials, Inc. - Class A Common Stock",SD,SD,00/00/0000,SD,SD,9999
3390,1,ORGNW,"Origin Materials, Inc. - Warrant",SD,SD,00/00/0000,SD,SD,9999
3391,1,ORGO,Organogenesis Holdings Inc.  - Class A ,SD,SD,00/00/0000,SD,SD,9999
3392,1,ORIC,"Oric Pharmaceuticals, Inc. - Common Stock",SD,SD,00/00/0000,SD,SD,9999
3393,1,ORIQ,Origin Investment Corp I - Ordinary Shares,SD,SD,00/00/0000,SD,SD,9999
3394,1,ORIQU,Origin Investment Corp I - Units,SD,SD,00/00/0000,SD,SD,9999
3395,1,ORIQW,Origin Investment Corp I - Redeemable Warrant,SD,SD,00/00/0000,SD,SD,9999
3396,1,ORIS,Oriental Rise Holdings Limited - Ordinary Shares,SD,SD,00/00/0000,SD,SD,9999
3397,1,ORKA,"Oruka Therapeutics, Inc. - Common Stock",SD,SD,00/00/0000,SD,SD,9999
3398,1,ORKT,Orangekloud Technology Inc. - Class A Ordinary Shares,SD,SD,00/00/0000,SD,SD,9999
3399,1,ORLY,"O'Reilly Automotive, Inc. - Common Stock",SD,SD,00/00/0000,SD,SD,9999
3400,1,ORMP,Oramed Pharmaceuticals Inc. - Common Stock,SD,SD,00/00/0000,SD,SD,9999
3401,1,ORR,Militia Long/Short Equity ETF,SD,SD,00/00/0000,SD,SD,9999
3402,1,ORRF,"Orrstown Financial Services, Inc. - Common Stock",SD,SD,00/00/0000,SD,SD,9999
3403,1,OS,"OneStream, Inc. - Class A Common Stock",SD,SD,00/00/0000,SD,SD,9999
3404,1,OSBC,"Old Second Bancorp, Inc. - Common Stock",SD,SD,00/00/0000,SD,SD,9999
3405,1,OSCX,Defiance Daily Target 2x Long OSCR ETF,SD,SD,00/00/0000,SD,SD,9999
3406,1,OSIS,"OSI Systems, Inc. - Common Stock",SD,SD,00/00/0000,SD,SD,9999
3407,1,OSPN,OneSpan Inc. - Common Stock,SD,SD,00/00/0000,SD,SD,9999
3408,1,OSRH,"OSR Holdings, Inc. - Common Stock",SD,SD,00/00/0000,SD,SD,9999
3409,1,OSRHW,"OSR Holdings, Inc. - Warrant",SD,SD,00/00/0000,SD,SD,9999
3410,1,OSS,"One Stop Systems, Inc. - Common Stock",SD,SD,00/00/0000,SD,SD,9999
3411,1,OST,"Ostin Technology Group Co., Ltd. - Class A Ordinary Shares",SD,SD,00/00/0000,SD,SD,9999
3412,1,OSUR,"OraSure Technologies, Inc. - Common Stock",SD,SD,00/00/0000,SD,SD,9999
3413,1,OSW,OneSpaWorld Holdings Limited - Common Shares,SD,SD,00/00/0000,SD,SD,9999
3414,1,OTEX,Open Text Corporation - Common Shares,SD,SD,00/00/0000,SD,SD,9999
3415,1,OTGAU,OTG Acquisition Corp. I - Unit,SD,SD,00/00/0000,SD,SD,9999
3416,1,OTGL,OTG Latin America ETF,SD,SD,00/00/0000,SD,SD,9999
3417,1,OTLK,"Outlook Therapeutics, Inc. - Common Stock",SD,SD,00/00/0000,SD,SD,9999
3418,1,OTLY,Oatly Group AB - American Depositary Shares,SD,SD,00/00/0000,SD,SD,9999
3419,1,OTTR,Otter Tail Corporation - Common Stock,SD,SD,00/00/0000,SD,SD,9999
3420,1,OUST,"Ouster, Inc. - Common Stock",SD,SD,00/00/0000,SD,SD,9999
3421,1,OUSTZ,"Ouster, Inc. - Warrants",SD,SD,00/00/0000,SD,SD,9999
3422,1,OVBC,Ohio Valley Banc Corp. - Common Stock,SD,SD,00/00/0000,SD,SD,9999
3423,1,OVID,Ovid Therapeutics Inc. - Common Stock,SD,SD,00/00/0000,SD,SD,9999
3424,1,OVLY,Oak Valley Bancorp (CA) - Common Stock,SD,SD,00/00/0000,SD,SD,9999
3425,1,OWLS,OBOOK Holdings Inc. - Class A Common Shares,SD,SD,00/00/0000,SD,SD,9999
3426,1,OXBR,Oxbridge Re Holdings Limited - Ordinary Shares,SD,SD,00/00/0000,SD,SD,9999
3427,1,OXBRW,Oxbridge Re Holdings Limited - Warrant,SD,SD,00/00/0000,SD,SD,9999
3428,1,OXLC,Oxford Lane Capital Corp. - Closed End Fund,SD,SD,00/00/0000,SD,SD,9999
3429,1,OXLCG,Oxford Lane Capital Corp. - 7.95% Notes due 2032,SD,SD,00/00/0000,SD,SD,9999
3430,1,OXLCI,Oxford Lane Capital Corp. - 8.75% Notes due 2030,SD,SD,00/00/0000,SD,SD,9999
3431,1,OXLCL,Oxford Lane Capital Corp. - 6.75% Notes due 2031,SD,SD,00/00/0000,SD,SD,9999
3432,1,OXLCN,Oxford Lane Capital Corp. - 7.125% Series 2029 Term Preferred Stock,SD,SD,00/00/0000,SD,SD,9999
3433,1,OXLCO,"Oxford Lane Capital Corp. - Preferred Stock Shares, 6.00% Series 2029",SD,SD,00/00/0000,SD,SD,9999
3434,1,OXLCP,Oxford Lane Capital Corp. - 6.25% Series 2027 Term Preferred Shares,SD,SD,00/00/0000,SD,SD,9999
3435,1,OXLCZ,Oxford Lane Capital Corp. - 5.00% Notes due 2027,SD,SD,00/00/0000,SD,SD,9999
3436,1,OXSQ,Oxford Square Capital Corp. - Closed End Fund,SD,SD,00/00/0000,SD,SD,9999
3437,1,OXSQG,Oxford Square Capital Corp. - 5.50% Notes due 2028,SD,SD,00/00/0000,SD,SD,9999
3438,1,OXSQH,Oxford Square Capital Corp. - 7.75% Notes due 2030,SD,SD,00/00/0000,SD,SD,9999
3439,1,OYSE,Oyster Enterprises II Acquisition Corp - Class A Ordinary Shares,SD,SD,00/00/0000,SD,SD,9999
3440,1,OYSER,Oyster Enterprises II Acquisition Corp - Rights,SD,SD,00/00/0000,SD,SD,9999
3441,1,OYSEU,Oyster Enterprises II Acquisition Corp - Units,SD,SD,00/00/0000,SD,SD,9999
3442,1,OZEM,Roundhill GLP-1 & Weight Loss ETF,SD,SD,00/00/0000,SD,SD,9999
3443,1,OZK,Bank OZK - Common Stock,SD,SD,00/00/0000,SD,SD,9999
3444,1,OZKAP,Bank OZK - 4.625% Series A Non-Cumulative Perpetual Preferred Stock,SD,SD,00/00/0000,SD,SD,9999
3445,1,PAA,"Plains All American Pipeline, L.P. - Common Units representing Limited Partner Interests",SD,SD,00/00/0000,SD,SD,9999
3446,1,PABD,iShares Paris-Aligned Climate Optimized MSCI World ex USA ETF,SD,SD,00/00/0000,SD,SD,9999
3447,1,PABU,iShares Paris-Aligned Climate Optimized MSCI USA ETF,SD,SD,00/00/0000,SD,SD,9999
3448,1,PACB,"Pacific Biosciences of California, Inc. - Common Stock",SD,SD,00/00/0000,SD,SD,9999
3449,1,PACH,Pioneer Acquisition I Corp - Class A Ordinary Shares,SD,SD,00/00/0000,SD,SD,9999
3450,1,PACHU,Pioneer Acquisition I Corp - Units,SD,SD,00/00/0000,SD,SD,9999
3451,1,PACHW,Pioneer Acquisition I Corp - Warrants,SD,SD,00/00/0000,SD,SD,9999
3452,1,PAGP,"Plains GP Holdings, L.P. - Class A Shares representing limited partner interests",SD,SD,00/00/0000,SD,SD,9999
3453,1,PAHC,Phibro Animal Health Corporation - Class A Common Stock,SD,SD,00/00/0000,SD,SD,9999
3454,1,PAL,"Proficient Auto Logistics, Inc. - Common Stock",SD,SD,00/00/0000,SD,SD,9999
3455,1,PALD,Direxion Daily PANW Bear 1X Shares,SD,SD,00/00/0000,SD,SD,9999
3456,1,PALI,"Palisade Bio, Inc. - Common Stock",SD,SD,00/00/0000,SD,SD,9999
3457,1,PALU,Direxion Daily PANW Bull 2X Shares,SD,SD,00/00/0000,SD,SD,9999
3458,1,PAMT,PAMT CORP - Common Stock,SD,SD,00/00/0000,SD,SD,9999
3459,1,PANG,Leverage Shares 2X Long PANW Daily ETF,SD,SD,00/00/0000,SD,SD,9999
3460,1,PANL,Pangaea Logistics Solutions Ltd. - Common Stock,SD,SD,00/00/0000,SD,SD,9999
3461,1,PANW,"Palo Alto Networks, Inc. - Common Stock",SD,SD,00/00/0000,SD,SD,9999
3462,1,PASG,"Passage Bio, Inc. - Common Stock",SD,SD,00/00/0000,SD,SD,9999
3463,1,PASW,"Ping An Biomedical Co., Ltd. - Ordinary Shares",SD,SD,00/00/0000,SD,SD,9999
3464,1,PATK,"Patrick Industries, Inc. - Common Stock",SD,SD,00/00/0000,SD,SD,9999
3465,1,PATN,Pacer Nasdaq International Patent Leaders ETF,SD,SD,00/00/0000,SD,SD,9999
3466,1,PAVM,PAVmed Inc. - Common Stock,SD,SD,00/00/0000,SD,SD,9999
3467,1,PAVS,Paranovus Entertainment Technology Ltd. - Class A Ordinary Shares,SD,SD,00/00/0000,SD,SD,9999
3468,1,PAX,Patria Investments Limited - Class A Common Shares,SD,SD,00/00/0000,SD,SD,9999
3469,1,PAYO,Payoneer Global Inc. - Common Stock,SD,SD,00/00/0000,SD,SD,9999
3470,1,PAYS,"Paysign, Inc. - Common Stock",SD,SD,00/00/0000,SD,SD,9999
3471,1,PAYX,"Paychex, Inc. - Common Stock",SD,SD,00/00/0000,SD,SD,9999
3472,1,PBBK,"PB Bankshares, Inc. - Common Stock",SD,SD,00/00/0000,SD,SD,9999
3473,1,PBFS,"Pioneer Bancorp, Inc. - Common Stock",SD,SD,00/00/0000,SD,SD,9999
3474,1,PBHC,"Pathfinder Bancorp, Inc. - Common Stock",SD,SD,00/00/0000,SD,SD,9999
3475,1,PBM,Psyence Biomedical Ltd. - Ordinary Shares,SD,SD,00/00/0000,SD,SD,9999
3476,1,PBMWW,Psyence Biomedical Ltd. - Warrant,SD,SD,00/00/0000,SD,SD,9999
3477,1,PBPB,Potbelly Corporation - Common Stock,SD,SD,00/00/0000,SD,SD,9999
3478,1,PBQQ,PGIM Laddered Nasdaq-100 Buffer 12 ETF,SD,SD,00/00/0000,SD,SD,9999
3479,1,PBYI,Puma Biotechnology Inc - Common Stock,SD,SD,00/00/0000,SD,SD,9999
3480,1,PC,Premium Catering (Holdings) Limited - Ordinary Shares,SD,SD,00/00/0000,SD,SD,9999
3481,1,PCAP,ProCap Acquisition Corp - Class A Ordinary Shares,SD,SD,00/00/0000,SD,SD,9999
3482,1,PCAPU,ProCap Acquisition Corp - Unit,SD,SD,00/00/0000,SD,SD,9999
3483,1,PCAPW,ProCap Acquisition Corp - Warrant,SD,SD,00/00/0000,SD,SD,9999
3484,1,PCAR,PACCAR Inc. - Common Stock,SD,SD,00/00/0000,SD,SD,9999
3485,1,PCB,PCB Bancorp - Common Stock,SD,SD,00/00/0000,SD,SD,9999
3486,1,PCH,PotlatchDeltic Corporation - Common Stock,SD,SD,00/00/0000,SD,SD,9999
3487,1,PCLA,PicoCELA Inc. - American Depositary Shares,SD,SD,00/00/0000,SD,SD,9999
3488,1,PCMM,BondBloxx Private Credit CLO ETF,SD,SD,00/00/0000,SD,SD,9999
3489,1,PCRX,"Pacira BioSciences, Inc. - Common Stock",SD,SD,00/00/0000,SD,SD,9999
3490,1,PCSA,"Processa Pharmaceuticals, Inc. - Common Stock",SD,SD,00/00/0000,SD,SD,9999
3491,1,PCSC,Perceptive Capital Solutions Corp - Class A Ordinary Shares,SD,SD,00/00/0000,SD,SD,9999
3492,1,PCT,"PureCycle Technologies, Inc. - Common stock",SD,SD,00/00/0000,SD,SD,9999
3493,1,PCTTU,"PureCycle Technologies, Inc. - Unit",SD,SD,00/00/0000,SD,SD,9999
3494,1,PCTTW,"PureCycle Technologies, Inc. - Warrant",SD,SD,00/00/0000,SD,SD,9999
3495,1,PCTY,Paylocity Holding Corporation - Common Stock,SD,SD,00/00/0000,SD,SD,9999
3496,1,PCVX,"Vaxcyte, Inc. - Common Stock",SD,SD,00/00/0000,SD,SD,9999
3497,1,PCYO,Pure Cycle Corporation - Common Stock,SD,SD,00/00/0000,SD,SD,9999
3498,1,PDBA,Invesco Agriculture Commodity Strategy No K-1 ETF,SD,SD,00/00/0000,SD,SD,9999
3499,1,PDBC,Invesco Optimum Yield Diversified Commodity Strategy No K-1 ETF,SD,SD,00/00/0000,SD,SD,9999
3500,1,PDD,PDD Holdings Inc. - American Depositary Shares,SD,SD,00/00/0000,SD,SD,9999
3501,1,PDDL,GraniteShares 2x Long PDD Daily ETF,SD,SD,00/00/0000,SD,SD,9999
3502,1,PDEX,"Pro-Dex, Inc. - Common Stock",SD,SD,00/00/0000,SD,SD,9999
3503,1,PDFS,"PDF Solutions, Inc. - Common Stock",SD,SD,00/00/0000,SD,SD,9999
3504,1,PDLB,"Ponce Financial Group, Inc. - Common Stock",SD,SD,00/00/0000,SD,SD,9999
3505,1,PDP,Invesco Dorsey Wright Momentum ETF,SD,SD,00/00/0000,SD,SD,9999
3506,1,PDSB,PDS Biotechnology Corporation - Common Stock,SD,SD,00/00/0000,SD,SD,9999
3507,1,PDYN,Palladyne AI Corp. - Common stock,SD,SD,00/00/0000,SD,SD,9999
3508,1,PDYNW,Palladyne AI Corp. - Warrant,SD,SD,00/00/0000,SD,SD,9999
3509,1,PEBK,"Peoples Bancorp of North Carolina, Inc. - Common Stock",SD,SD,00/00/0000,SD,SD,9999
3510,1,PEBO,Peoples Bancorp Inc. - Common Stock,SD,SD,00/00/0000,SD,SD,9999
3511,1,PECO,"Phillips Edison & Company, Inc. - Common Stock",SD,SD,00/00/0000,SD,SD,9999
3512,1,PEGA,Pegasystems Inc. - Common Stock,SD,SD,00/00/0000,SD,SD,9999
3513,1,PELI,Pelican Acquisition Corporation - Ordinary Shares,SD,SD,00/00/0000,SD,SD,9999
3514,1,PELIR,Pelican Acquisition Corporation - Right,SD,SD,00/00/0000,SD,SD,9999
3515,1,PELIU,Pelican Acquisition Corporation - Unit,SD,SD,00/00/0000,SD,SD,9999
3516,1,PENG,"Penguin Solutions, Inc. - Common Stock",SD,SD,00/00/0000,SD,SD,9999
3517,1,PENN,"PENN Entertainment, Inc. - Common Stock",SD,SD,00/00/0000,SD,SD,9999
3518,1,PEP,"PepsiCo, Inc. - Common Stock",SD,SD,00/00/0000,SD,SD,9999
3519,1,PEPG,PepGen Inc. - Common Stock,SD,SD,00/00/0000,SD,SD,9999
3520,1,PEPS,Parametric Equity Plus ETF,SD,SD,00/00/0000,SD,SD,9999
3521,1,PERI,Perion Network Ltd - Ordinary Shares,SD,SD,00/00/0000,SD,SD,9999
3522,1,PESI,"Perma-Fix Environmental Services, Inc. - Common Stock",SD,SD,00/00/0000,SD,SD,9999
3523,1,PETS,"PetMed Express, Inc. - Common Stock",SD,SD,00/00/0000,SD,SD,9999
3524,1,PETZ,"TDH Holdings, Inc. - Common Shares",SD,SD,00/00/0000,SD,SD,9999
3525,1,PEY,Invesco High Yield Equity Dividend Achievers ETF,SD,SD,00/00/0000,SD,SD,9999
3526,1,PEZ,Invesco Dorsey Wright Consumer Cyclicals Momentum ETF,SD,SD,00/00/0000,SD,SD,9999
3527,1,PFAI,Pinnacle Food Group Limited - Class A Common Shares,SD,SD,00/00/0000,SD,SD,9999
3528,1,PFBC,Preferred Bank - Common Stock,SD,SD,00/00/0000,SD,SD,9999
3529,1,PFF,iShares Preferred and Income Securities ETF,SD,SD,00/00/0000,SD,SD,9999
3530,1,PFG,Principal Financial Group Inc - Common Stock,SD,SD,00/00/0000,SD,SD,9999
3531,1,PFI,Invesco Dorsey Wright Financial Momentum ETF,SD,SD,00/00/0000,SD,SD,9999
3532,1,PFIS,Peoples Financial Services Corp.  - Common Stock,SD,SD,00/00/0000,SD,SD,9999
3533,1,PFM,Invesco Dividend Achievers ETF,SD,SD,00/00/0000,SD,SD,9999
3534,1,PFSA,"Profusa, Inc. - Common Stock",SD,SD,00/00/0000,SD,SD,9999
3535,1,PFX,PhenixFIN Corporation  - Common Stock,SD,SD,00/00/0000,SD,SD,9999
3536,1,PFXNZ,PhenixFIN Corporation  - 5.25% Notes due 2028,SD,SD,00/00/0000,SD,SD,9999
3537,1,PGAC,Pantages Capital Acquisition Corporation - Class A Ordinary Shares,SD,SD,00/00/0000,SD,SD,9999
3538,1,PGACR,Pantages Capital Acquisition Corporation - Right,SD,SD,00/00/0000,SD,SD,9999
3539,1,PGACU,Pantages Capital Acquisition Corporation - Unit,SD,SD,00/00/0000,SD,SD,9999
3540,1,PGC,Peapack-Gladstone Financial Corporation - Common Stock,SD,SD,00/00/0000,SD,SD,9999
3541,1,PGEN,"Precigen, Inc. - Common Stock",SD,SD,00/00/0000,SD,SD,9999
3542,1,PGJ,Invesco Golden Dragon China ETF,SD,SD,00/00/0000,SD,SD,9999
3543,1,PGNY,"Progyny, Inc. - Common Stock",SD,SD,00/00/0000,SD,SD,9999
3544,1,PGY,Pagaya Technologies Ltd. - Class A Ordinary Shares,SD,SD,00/00/0000,SD,SD,9999
3545,1,PGYWW,Pagaya Technologies Ltd. - Warrants,SD,SD,00/00/0000,SD,SD,9999
3546,1,PHAR,"Pharming Group N.V. - ADS, each representing 10 ordinary shares",SD,SD,00/00/0000,SD,SD,9999
3547,1,PHAT,"Phathom Pharmaceuticals, Inc. - Common Stock",SD,SD,00/00/0000,SD,SD,9999
3548,1,PHH,"Park Ha Biological Technology Co., Ltd. - ordinary shares",SD,SD,00/00/0000,SD,SD,9999
3549,1,PHIO,Phio Pharmaceuticals Corp. - Common Stock,SD,SD,00/00/0000,SD,SD,9999
3550,1,PHO,Invesco Water Resources ETF,SD,SD,00/00/0000,SD,SD,9999
3551,1,PHOE,Phoenix Asia Holdings Limited - Ordinary Shares,SD,SD,00/00/0000,SD,SD,9999
3552,1,PHUN,"Phunware, Inc. - Common Stock",SD,SD,00/00/0000,SD,SD,9999
3553,1,PHVS,Pharvaris N.V. - Ordinary Shares,SD,SD,00/00/0000,SD,SD,9999
3554,1,PI,"Impinj, Inc. - Common Stock",SD,SD,00/00/0000,SD,SD,9999
3555,1,PID,Invesco International Dividend Achievers ETF,SD,SD,00/00/0000,SD,SD,9999
3556,1,PIE,Invesco Dorsey Wright Emerging Markets Momentum ETF,SD,SD,00/00/0000,SD,SD,9999
3557,1,PIII,P3 Health Partners Inc. - Class A Common Stock,SD,SD,00/00/0000,SD,SD,9999
3558,1,PIIIW,P3 Health Partners Inc. - Warrant,SD,SD,00/00/0000,SD,SD,9999
3559,1,PINC,"Premier, Inc. - Class A Common Stock",SD,SD,00/00/0000,SD,SD,9999
3560,1,PIO,Invesco Global Water ETF,SD,SD,00/00/0000,SD,SD,9999
3561,1,PIZ,Invesco Dorsey Wright Developed Markets Momentum ETF,SD,SD,00/00/0000,SD,SD,9999
3562,1,PKBK,"Parke Bancorp, Inc. - Common Stock",SD,SD,00/00/0000,SD,SD,9999
3563,1,PKOH,Park-Ohio Holdings Corp. - Common Stock,SD,SD,00/00/0000,SD,SD,9999
3564,1,PKW,Invesco BuyBack Achievers ETF,SD,SD,00/00/0000,SD,SD,9999
3565,1,PLAB,"Photronics, Inc. - Common Stock",SD,SD,00/00/0000,SD,SD,9999
3566,1,PLAY,"Dave & Buster's Entertainment, Inc. - Common Stock",SD,SD,00/00/0000,SD,SD,9999
3567,1,PLBC,Plumas Bancorp - Common Stock,SD,SD,00/00/0000,SD,SD,9999
3568,1,PLBL,Polibeli Group Ltd - Class A Ordinary Shares,SD,SD,00/00/0000,SD,SD,9999
3569,1,PLBY,"Playboy, Inc. - Common Stock",SD,SD,00/00/0000,SD,SD,9999
3570,1,PLCE,"Children's Place, Inc. (The) - Common Stock",SD,SD,00/00/0000,SD,SD,9999
3571,1,PLMK,Plum Acquisition Corp. IV - Class A Ordinary Shares,SD,SD,00/00/0000,SD,SD,9999
3572,1,PLMKU,Plum Acquisition Corp. IV - Unit,SD,SD,00/00/0000,SD,SD,9999
3573,1,PLMKW,Plum Acquisition Corp. IV - Warrants,SD,SD,00/00/0000,SD,SD,9999
3574,1,PLMR,"Palomar Holdings, Inc. - Common stock",SD,SD,00/00/0000,SD,SD,9999
3575,1,PLPC,Preformed Line Products Company - Common Stock,SD,SD,00/00/0000,SD,SD,9999
3576,1,PLRX,"Pliant Therapeutics, Inc. - Common Stock",SD,SD,00/00/0000,SD,SD,9999
3577,1,PLRZ,Polyrizon Ltd. - Ordinary Shares,SD,SD,00/00/0000,SD,SD,9999
3578,1,PLSE,"Pulse Biosciences, Inc - Common Stock",SD,SD,00/00/0000,SD,SD,9999
3579,1,PLT,Defiance Leveraged Long Income PLTR ETF,SD,SD,00/00/0000,SD,SD,9999
3580,1,PLTD,Direxion Daily PLTR Bear 1X Shares,SD,SD,00/00/0000,SD,SD,9999
3581,1,PLTG,Leverage Shares 2X Long PLTR Daily ETF,SD,SD,00/00/0000,SD,SD,9999
3582,1,PLTK,Playtika Holding Corp. - Common Stock,SD,SD,00/00/0000,SD,SD,9999
3583,1,PLTR,Palantir Technologies Inc. - Class A Common Stock,SD,SD,00/00/0000,SD,SD,9999
3584,1,PLTS,Platinum Analytics Cayman Limited - Class A Ordinary Shares,SD,SD,00/00/0000,SD,SD,9999
3585,1,PLTU,Direxion Daily PLTR Bull 2X Shares,SD,SD,00/00/0000,SD,SD,9999
3586,1,PLTZ,Defiance Daily Target 2x Short PLTR ETF,SD,SD,00/00/0000,SD,SD,9999
3587,1,PLUG,"Plug Power, Inc. - Common Stock",SD,SD,00/00/0000,SD,SD,9999
3588,1,PLUR,Pluri Inc. - Common Stock,SD,SD,00/00/0000,SD,SD,9999
3589,1,PLUS,ePlus inc. - Common Stock,SD,SD,00/00/0000,SD,SD,9999
3590,1,PLUT,Plutus Financial Group Limited - Ordinary Shares,SD,SD,00/00/0000,SD,SD,9999
3591,1,PLXS,Plexus Corp. - Common Stock,SD,SD,00/00/0000,SD,SD,9999
3592,1,PLYY,GraniteShares YieldBOOST PLTR ETF,SD,SD,00/00/0000,SD,SD,9999
3593,1,PMAX,Powell Max Limited - Class A Ordinary Shares,SD,SD,00/00/0000,SD,SD,9999
3594,1,PMBS,PIMCO Mortgage-Backed Securities Active Exchange-Traded Fund,SD,SD,00/00/0000,SD,SD,9999
3595,1,PMCB,"PharmaCyte  Biotech, Inc. - Common Stock",SD,SD,00/00/0000,SD,SD,9999
3596,1,PMEC,Primech Holdings Ltd. - Ordinary Shares,SD,SD,00/00/0000,SD,SD,9999
3597,1,PMN,ProMIS Neurosciences Inc. - Common Shares,SD,SD,00/00/0000,SD,SD,9999
3598,1,PMTR,Perimeter Acquisition Corp. I - Class A Ordinary Shares,SD,SD,00/00/0000,SD,SD,9999
3599,1,PMTRU,Perimeter Acquisition Corp. I - Unit,SD,SD,00/00/0000,SD,SD,9999
3600,1,PMTRW,Perimeter Acquisition Corp. I - Warrant,SD,SD,00/00/0000,SD,SD,9999
3601,1,PMTS,CPI Card Group Inc. - Common Stock,SD,SD,00/00/0000,SD,SD,9999
3602,1,PMVP,"PMV Pharmaceuticals, Inc. - Common Stock",SD,SD,00/00/0000,SD,SD,9999
3603,1,PN,Skycorp Solar Group Limited - Ordinary Shares,SD,SD,00/00/0000,SD,SD,9999
3604,1,PNBK,Patriot National Bancorp Inc. - Common Stock,SD,SD,00/00/0000,SD,SD,9999
3605,1,PNFP,"Pinnacle Financial Partners, Inc. - Common Stock",SD,SD,00/00/0000,SD,SD,9999
3606,1,PNFPP,"Pinnacle Financial Partners, Inc. - Depositary shares of Pinnacle Financial Partners, Inc., each representing a 1/40th Interest in a share of its 6.75% Fixed-Rate Non-Cumulative Perpetual Preferred Stock, Series B",SD,SD,00/00/0000,SD,SD,9999
3607,1,PNQI,Invesco Nasdaq Internet ETF,SD,SD,00/00/0000,SD,SD,9999
3608,1,PNRG,PrimeEnergy Resources Corporation - Common Stock,SD,SD,00/00/0000,SD,SD,9999
3609,1,PNTG,"The Pennant Group, Inc. - Common Stock",SD,SD,00/00/0000,SD,SD,9999
3610,1,POAI,Predictive Oncology Inc. - Common Stock,SD,SD,00/00/0000,SD,SD,9999
3611,1,POCI,"Precision Optics Corporation, Inc. - Common stock",SD,SD,00/00/0000,SD,SD,9999
3612,1,PODC,"PodcastOne, Inc. - Common Stock",SD,SD,00/00/0000,SD,SD,9999
3613,1,PODD,Insulet Corporation - Common Stock,SD,SD,00/00/0000,SD,SD,9999
3614,1,POET,POET Technologies Inc. - Common Shares,SD,SD,00/00/0000,SD,SD,9999
3615,1,POLA,"Polar Power, Inc. - Common Stock",SD,SD,00/00/0000,SD,SD,9999
3616,1,POLE,Andretti Acquisition Corp. II - Class A Ordinary Shares,SD,SD,00/00/0000,SD,SD,9999
3617,1,POLEU,Andretti Acquisition Corp. II - Unit,SD,SD,00/00/0000,SD,SD,9999
3618,1,POLEW,Andretti Acquisition Corp. II - Warrant,SD,SD,00/00/0000,SD,SD,9999
3619,1,POM,POMDOCTOR LIMITED - American Depositary Shares,SD,SD,00/00/0000,SD,SD,9999
3620,1,PONY,Pony AI Inc. - American Depositary Shares,SD,SD,00/00/0000,SD,SD,9999
3621,1,POOL,Pool Corporation - Common Stock,SD,SD,00/00/0000,SD,SD,9999
3622,1,POWI,"Power Integrations, Inc. - Common Stock",SD,SD,00/00/0000,SD,SD,9999
3623,1,POWL,"Powell Industries, Inc. - Common Stock",SD,SD,00/00/0000,SD,SD,9999
3624,1,POWW,Outdoor Holding Company - Common Stock,SD,SD,00/00/0000,SD,SD,9999
3625,1,POWWP,Outdoor Holding Company - 8.75% Series A Cumulative Redeemable Perpetual Preferred Stock,SD,SD,00/00/0000,SD,SD,9999
3626,1,PPBT,Purple Biotech Ltd. - American Depositary Shares,SD,SD,00/00/0000,SD,SD,9999
3627,1,PPC,Pilgrim's Pride Corporation - Common Stock,SD,SD,00/00/0000,SD,SD,9999
3628,1,PPCB,"Propanc Biopharma, Inc. - Common Stock",SD,SD,00/00/0000,SD,SD,9999
3629,1,PPH,VanEck Pharmaceutical ETF,SD,SD,00/00/0000,SD,SD,9999
3630,1,PPI,Astoria Real Assets ETF,SD,SD,00/00/0000,SD,SD,9999
3631,1,PPIH,"Perma-Pipe International Holdings, Inc. - Common Stock",SD,SD,00/00/0000,SD,SD,9999
3632,1,PPSI,"Pioneer Power Solutions, Inc. - Common Stock",SD,SD,00/00/0000,SD,SD,9999
3633,1,PPTA,Perpetua Resources Corp. - Common Shares,SD,SD,00/00/0000,SD,SD,9999
3634,1,PQAP,PGIM Nasdaq-100 Buffer 12 ETF - April,SD,SD,00/00/0000,SD,SD,9999
3635,1,PQJA,PGIM Nasdaq-100 Buffer 12 ETF - January,SD,SD,00/00/0000,SD,SD,9999
3636,1,PQJL,PGIM Nasdaq-100 Buffer 12 ETF - July,SD,SD,00/00/0000,SD,SD,9999
3637,1,PQOC,PGIM Nasdaq-100 Buffer 12 ETF - October,SD,SD,00/00/0000,SD,SD,9999
3638,1,PRAA,"PRA Group, Inc. - Common Stock",SD,SD,00/00/0000,SD,SD,9999
3639,1,PRAX,"Praxis Precision Medicines, Inc. - Common Stock",SD,SD,00/00/0000,SD,SD,9999
3640,1,PRCH,"Porch Group, Inc. - Common Stock",SD,SD,00/00/0000,SD,SD,9999
3641,1,PRCT,PROCEPT BioRobotics Corporation - Common Stock,SD,SD,00/00/0000,SD,SD,9999
3642,1,PRDO,Perdoceo Education Corporation - Common Stock,SD,SD,00/00/0000,SD,SD,9999
3643,1,PRE,Prenetics Global Limited - Class A Ordinary Share,SD,SD,00/00/0000,SD,SD,9999
3644,1,PRENW,Prenetics Global Limited - Warrant,SD,SD,00/00/0000,SD,SD,9999
3645,1,PRFX,PainReform Ltd. - Ordinary Shares,SD,SD,00/00/0000,SD,SD,9999
3646,1,PRFZ,Invesco RAFI US 1500 Small-Mid ETF,SD,SD,00/00/0000,SD,SD,9999
3647,1,PRGS,Progress Software Corporation - Common Stock,SD,SD,00/00/0000,SD,SD,9999
3648,1,PRHI,"Presurance Holdings, Inc. - Common Stock",SD,SD,00/00/0000,SD,SD,9999
3649,1,PRHIZ,"Presurance Holdings, Inc. - 9.75% Senior Unsecured Notes due 2028",SD,SD,00/00/0000,SD,SD,9999
3650,1,PRLD,Prelude Therapeutics Incorporated - Common Stock,SD,SD,00/00/0000,SD,SD,9999
3651,1,PRME,"Prime Medicine, Inc. - Common Stock",SD,SD,00/00/0000,SD,SD,9999
3652,1,PRN,Invesco Dorsey Wright Industrials Momentum ETF,SD,SD,00/00/0000,SD,SD,9999
3653,1,PROF,Profound Medical Corp. - common stock,SD,SD,00/00/0000,SD,SD,9999
3654,1,PROK,ProKidney Corp. - Class A Ordinary Shares,SD,SD,00/00/0000,SD,SD,9999
3655,1,PROP,Prairie Operating Co. - Common Stock,SD,SD,00/00/0000,SD,SD,9999
3656,1,PROV,"Provident Financial Holdings, Inc. - Common Stock",SD,SD,00/00/0000,SD,SD,9999
3657,1,PRPH,"ProPhase Labs, Inc. - Common Stock",SD,SD,00/00/0000,SD,SD,9999
3658,1,PRPL,"Purple Innovation, Inc. - Common Stock",SD,SD,00/00/0000,SD,SD,9999
3659,1,PRPO,"Precipio, Inc. - Common Stock",SD,SD,00/00/0000,SD,SD,9999
3660,1,PRQR,ProQR Therapeutics N.V. - Ordinary Shares,SD,SD,00/00/0000,SD,SD,9999
3661,1,PRSO,Peraso Inc. - Common Stock,SD,SD,00/00/0000,SD,SD,9999
3662,1,PRTA,Prothena Corporation plc - Ordinary Shares,SD,SD,00/00/0000,SD,SD,9999
3663,1,PRTC,PureTech Health plc - American Depositary Shares,SD,SD,00/00/0000,SD,SD,9999
3664,1,PRTH,"Priority Technology Holdings, Inc. - Common Stock",SD,SD,00/00/0000,SD,SD,9999
3665,1,PRTS,"CarParts.com, Inc. - Common Stock",SD,SD,00/00/0000,SD,SD,9999
3666,1,PRVA,"Privia Health Group, Inc. - Common Stock",SD,SD,00/00/0000,SD,SD,9999
3667,1,PRZO,ParaZero Technologies Ltd. - Ordinary Shares,SD,SD,00/00/0000,SD,SD,9999
3668,1,PSC,Principal U.S. Small-Cap ETF,SD,SD,00/00/0000,SD,SD,9999
3669,1,PSCC,Invesco S&P SmallCap Consumer Staples ETF,SD,SD,00/00/0000,SD,SD,9999
3670,1,PSCD,Invesco S&P SmallCap Consumer Discretionary ETF,SD,SD,00/00/0000,SD,SD,9999
3671,1,PSCE,Invesco S&P SmallCap Energy ETF,SD,SD,00/00/0000,SD,SD,9999
3672,1,PSCF,Invesco S&P SmallCap Financials ETF,SD,SD,00/00/0000,SD,SD,9999
3673,1,PSCH,Invesco S&P SmallCap Health Care ETF,SD,SD,00/00/0000,SD,SD,9999
3674,1,PSCI,Invesco S&P SmallCap Industrials ETF,SD,SD,00/00/0000,SD,SD,9999
3675,1,PSCM,Invesco S&P SmallCap Materials ETF,SD,SD,00/00/0000,SD,SD,9999
3676,1,PSCT,Invesco S&P SmallCap Information Technology ETF,SD,SD,00/00/0000,SD,SD,9999
3677,1,PSCU,Invesco S&P SmallCap Utilities & Communication Services ETF,SD,SD,00/00/0000,SD,SD,9999
3678,1,PSEC,Prospect Capital Corporation - Closed End Fund,SD,SD,00/00/0000,SD,SD,9999
3679,1,PSET,Principal Quality ETF,SD,SD,00/00/0000,SD,SD,9999
3680,1,PSHG,Performance Shipping Inc. - Common Shares,SD,SD,00/00/0000,SD,SD,9999
3681,1,PSIG,PS International Group Ltd. - Ordinary Shares,SD,SD,00/00/0000,SD,SD,9999
3682,1,PSIX,"Power Solutions International, Inc. - Common Stock",SD,SD,00/00/0000,SD,SD,9999
3683,1,PSKY,Paramount Skydance Corporation - Class B Common Stock,SD,SD,00/00/0000,SD,SD,9999
3684,1,PSL,Invesco Dorsey Wright Consumer Staples Momentum ETF,SD,SD,00/00/0000,SD,SD,9999
3685,1,PSMT,"PriceSmart, Inc. - Common Stock",SD,SD,00/00/0000,SD,SD,9999
3686,1,PSNL,"Personalis, Inc. - Common Stock",SD,SD,00/00/0000,SD,SD,9999
3687,1,PSNY,Polestar Automotive Holding UK Limited - Class A ADS,SD,SD,00/00/0000,SD,SD,9999
3688,1,PSNYW,Polestar Automotive Holding UK Limited - Class C-1 ADS (ADW),SD,SD,00/00/0000,SD,SD,9999
3689,1,PSTR,PeakShares Sector Rotation ETF,SD,SD,00/00/0000,SD,SD,9999
3690,1,PSTV,"PLUS THERAPEUTICS, Inc. - Common Stock",SD,SD,00/00/0000,SD,SD,9999
3691,1,PSWD,Xtrackers Cybersecurity Select Equity ETF,SD,SD,00/00/0000,SD,SD,9999
3692,1,PT,Pintec Technology Holdings Limited - American Depositary Shares,SD,SD,00/00/0000,SD,SD,9999
3693,1,PTC,PTC Inc. - Common Stock,SD,SD,00/00/0000,SD,SD,9999
3694,1,PTCT,"PTC Therapeutics, Inc. - Common Stock",SD,SD,00/00/0000,SD,SD,9999
3695,1,PTEN,"Patterson-UTI Energy, Inc. - Common Stock",SD,SD,00/00/0000,SD,SD,9999
3696,1,PTF,Invesco Dorsey Wright Technology Momentum ETF,SD,SD,00/00/0000,SD,SD,9999
3697,1,PTGX,"Protagonist Therapeutics, Inc. - Common Stock",SD,SD,00/00/0000,SD,SD,9999
3698,1,PTH,Invesco Dorsey Wright Healthcare Momentum ETF,SD,SD,00/00/0000,SD,SD,9999
3699,1,PTHL,Pheton Holdings Ltd - Class A Ordinary Shares,SD,SD,00/00/0000,SD,SD,9999
3700,1,PTIR,GraniteShares 2x Long PLTR Daily ETF,SD,SD,00/00/0000,SD,SD,9999
3701,1,PTIX,"Protagenic Therapeutics, Inc. - Common Stock",SD,SD,00/00/0000,SD,SD,9999
3702,1,PTIXW,"Protagenic Therapeutics, Inc. - Warrant",SD,SD,00/00/0000,SD,SD,9999
3703,1,PTLE,PTL LTD - Class A Ordinary Shares,SD,SD,00/00/0000,SD,SD,9999
3704,1,PTLO,Portillo's Inc. - Class A Common Stock,SD,SD,00/00/0000,SD,SD,9999
3705,1,PTNM,Pitanium Limited - Class A Ordinary Shares,SD,SD,00/00/0000,SD,SD,9999
3706,1,PTNQ,Pacer Trendpilot 100 ETF,SD,SD,00/00/0000,SD,SD,9999
3707,1,PTON,"Peloton Interactive, Inc. - Common Stock",SD,SD,00/00/0000,SD,SD,9999
3708,1,PTRN,Pattern Group Inc. - Series A Common Stock,SD,SD,00/00/0000,SD,SD,9999
3709,1,PUBM,"PubMatic, Inc. - Class A Common Stock",SD,SD,00/00/0000,SD,SD,9999
3710,1,PUI,Invesco Dorsey Wright Utilities Momentum ETF,SD,SD,00/00/0000,SD,SD,9999
3711,1,PULM,"Pulmatrix, Inc. - Common Stock",SD,SD,00/00/0000,SD,SD,9999
3712,1,PVBC,"Provident Bancorp, Inc. - Common Stock",SD,SD,00/00/0000,SD,SD,9999
3713,1,PVLA,"Palvella Therapeutics, Inc. - Common Stock",SD,SD,00/00/0000,SD,SD,9999
3714,1,PWP,Perella Weinberg Partners - Class A Common Stock,SD,SD,00/00/0000,SD,SD,9999
3715,1,PWRD,TCW Transform Systems ETF,SD,SD,00/00/0000,SD,SD,9999
3716,1,PXI,Invesco Dorsey Wright Energy Momentum ETF,SD,SD,00/00/0000,SD,SD,9999
3717,1,PXLW,"Pixelworks, Inc. - Common Stock",SD,SD,00/00/0000,SD,SD,9999
3718,1,PXS,Pyxis Tankers Inc. - Common Stock,SD,SD,00/00/0000,SD,SD,9999
3719,1,PY,Principal Value ETF,SD,SD,00/00/0000,SD,SD,9999
3720,1,PYPD,PolyPid Ltd. - Ordinary Shares,SD,SD,00/00/0000,SD,SD,9999
3721,1,PYPG,Leverage Shares 2X Long PYPL Daily ETF,SD,SD,00/00/0000,SD,SD,9999
3722,1,PYPL,"PayPal Holdings, Inc. - Common Stock",SD,SD,00/00/0000,SD,SD,9999
3723,1,PYXS,"Pyxis Oncology, Inc. - Common Stock",SD,SD,00/00/0000,SD,SD,9999
3724,1,PYZ,Invesco Dorsey Wright Basic Materials Momentum ETF,SD,SD,00/00/0000,SD,SD,9999
3725,1,PZZA,"Papa John's International, Inc. - Common Stock",SD,SD,00/00/0000,SD,SD,9999
3726,1,QABA,First Trust NASDAQ ABA Community Bank Index Fund,SD,SD,00/00/0000,SD,SD,9999
3727,1,QALT,SEI DBi Multi-Strategy Alternative ETF,SD,SD,00/00/0000,SD,SD,9999
3728,1,QAT,iShares MSCI Qatar ETF,SD,SD,00/00/0000,SD,SD,9999
3729,1,QB,ProShares Nasdaq-100 Dynamic Buffer ETF,SD,SD,00/00/0000,SD,SD,9999
3730,1,QBIG,Invesco Top QQQ ETF,SD,SD,00/00/0000,SD,SD,9999
3731,1,QBTZ,Defiance Daily Target 2x Short QBTS ETF,SD,SD,00/00/0000,SD,SD,9999
3732,1,QBUF,Innovator Nasdaq-100 10 Buffer ETF Quarterly,SD,SD,00/00/0000,SD,SD,9999
3733,1,QCLN,First Trust NASDAQ Clean Edge Green Energy Index Fund,SD,SD,00/00/0000,SD,SD,9999
3734,1,QCLR,Global X NASDAQ 100 Collar 95-110 ETF,SD,SD,00/00/0000,SD,SD,9999
3735,1,QCLS,"Q/C Technologies, Inc. - Common Stock",SD,SD,00/00/0000,SD,SD,9999
3736,1,QCMD,Direxion Daily QCOM Bear 1X ETF,SD,SD,00/00/0000,SD,SD,9999
3737,1,QCML,GraniteShares 2x Long QCOM Daily ETF,SD,SD,00/00/0000,SD,SD,9999
3738,1,QCMU,Direxion Daily QCOM Bull 2X ETF,SD,SD,00/00/0000,SD,SD,9999
3739,1,QCOM,QUALCOMM Incorporated - Common Stock,SD,SD,00/00/0000,SD,SD,9999
3740,1,QCRH,"QCR Holdings, Inc. - Common Stock",SD,SD,00/00/0000,SD,SD,9999
3741,1,QDEL,QuidelOrtho Corporation - Common Stock,SD,SD,00/00/0000,SD,SD,9999
3742,1,QDTY,YieldMax Nasdaq 100 0DTE Covered Call Strategy ETF,SD,SD,00/00/0000,SD,SD,9999
3743,1,QETA,Quetta Acquisition Corporation - Common Stock,SD,SD,00/00/0000,SD,SD,9999
3744,1,QETAR,Quetta Acquisition Corporation - Right,SD,SD,00/00/0000,SD,SD,9999
3745,1,QETAU,Quetta Acquisition Corporation - Unit,SD,SD,00/00/0000,SD,SD,9999
3746,1,QFIN,"Qfin Holdings, Inc.  - American Depositary Shares",SD,SD,00/00/0000,SD,SD,9999
3747,1,QGRD,Horizon Nasdaq-100 Defined Risk ETF,SD,SD,00/00/0000,SD,SD,9999
3748,1,QH,Quhuo Limited - American Depository Shares,SD,SD,00/00/0000,SD,SD,9999
3749,1,QHDG,Innovator Hedged Nasdaq-100 ETF,SD,SD,00/00/0000,SD,SD,9999
3750,1,QIPT,Quipt Home Medical Corp. - Common Shares,SD,SD,00/00/0000,SD,SD,9999
3751,1,QLDY,Defiance Nasdaq 100 LightningSpread Income ETF,SD,SD,00/00/0000,SD,SD,9999
3752,1,QLGN,"Qualigen Therapeutics, Inc. - Common Stock",SD,SD,00/00/0000,SD,SD,9999
3753,1,QLYS,"Qualys, Inc. - Common Stock",SD,SD,00/00/0000,SD,SD,9999
3754,1,QMCO,Quantum Corporation - Common Stock,SD,SD,00/00/0000,SD,SD,9999
3755,1,QMID,WisdomTree U.S. MidCap Quality Growth Fund,SD,SD,00/00/0000,SD,SD,9999
3756,1,QMMM,QMMM Holdings Limited - Class A Ordinary Shares,SD,SD,00/00/0000,SD,SD,9999
3757,1,QMOM,Alpha Architect U.S. Quantitative Momentum ETF,SD,SD,00/00/0000,SD,SD,9999
3758,1,QNCX,"Quince Therapeutics, Inc. - Common Stock",SD,SD,00/00/0000,SD,SD,9999
3759,1,QNRX,"Quoin Pharmaceuticals, Ltd. - American Depositary Shares",SD,SD,00/00/0000,SD,SD,9999
3760,1,QNST,"QuinStreet, Inc. - Common Stock",SD,SD,00/00/0000,SD,SD,9999
3761,1,QNTM,Quantum Biopharma Ltd. - Class B Subordinate Voting Shares,SD,SD,00/00/0000,SD,SD,9999
3762,1,QNXT,iShares Nasdaq-100 ex Top 30 ETF,SD,SD,00/00/0000,SD,SD,9999
3763,1,QOWZ,Invesco Nasdaq Free Cash Flow Achievers ETF,SD,SD,00/00/0000,SD,SD,9999
3764,1,QPUX,Defiance 2X Daily Long Pure Quantum ETF,SD,SD,00/00/0000,SD,SD,9999
3765,1,QQA,Invesco QQQ Income Advantage ETF,SD,SD,00/00/0000,SD,SD,9999
3766,1,QQDN,ProShares UltraShort Top QQQ,SD,SD,00/00/0000,SD,SD,9999
3767,1,QQEW,First Trust NASDAQ-100 Equal Weighted Index Fund,SD,SD,00/00/0000,SD,SD,9999
3768,1,QQHG,Invesco QQQ Hedged Advantage ETF,SD,SD,00/00/0000,SD,SD,9999
3769,1,QQJG,Invesco ESG NASDAQ Next Gen 100 ETF,SD,SD,00/00/0000,SD,SD,9999
3770,1,QQLV,Invesco QQQ Low Volatility ETF,SD,SD,00/00/0000,SD,SD,9999
3771,1,QQMG,Invesco ESG NASDAQ 100 ETF,SD,SD,00/00/0000,SD,SD,9999
3772,1,QQQ,"Invesco QQQ Trust, Series 1",SD,SD,00/00/0000,SD,SD,9999
3773,1,QQQA,ProShares Nasdaq-100 Dorsey Wright Momentum ETF,SD,SD,00/00/0000,SD,SD,9999
3774,1,QQQE,Direxion NASDAQ-100 Equal Weighted Index Shares,SD,SD,00/00/0000,SD,SD,9999
3775,1,QQQG,Pacer Nasdaq 100 Top 50 Cash Cows Growth Leaders ETF,SD,SD,00/00/0000,SD,SD,9999
3776,1,QQQH,NEOS Nasdaq-100 Hedged Equity Income ETF,SD,SD,00/00/0000,SD,SD,9999
3777,1,QQQI,NEOS Nasdaq 100 High Income ETF,SD,SD,00/00/0000,SD,SD,9999
3778,1,QQQJ,Invesco NASDAQ Next Gen 100 ETF,SD,SD,00/00/0000,SD,SD,9999
3779,1,QQQM,Invesco NASDAQ 100 ETF,SD,SD,00/00/0000,SD,SD,9999
3780,1,QQQP,Tradr 2X Long Innovation 100 Quarterly ETF,SD,SD,00/00/0000,SD,SD,9999
3781,1,QQQS,Invesco NASDAQ Future Gen 200 ETF,SD,SD,00/00/0000,SD,SD,9999
3782,1,QQQT,Defiance Nasdaq 100 Income Target ETF,SD,SD,00/00/0000,SD,SD,9999
3783,1,QQQX,Nuveen NASDAQ 100 Dynamic Overwrite Fund - Closed End Fund,SD,SD,00/00/0000,SD,SD,9999
3784,1,QQQY,Defiance Nasdaq 100 Target 30 Income ETF,SD,SD,00/00/0000,SD,SD,9999
3785,1,QQUP,ProShares Ultra Top QQQ,SD,SD,00/00/0000,SD,SD,9999
3786,1,QQWZ,Pacer Cash COWZ 100-Nasdaq 100 Rotator ETF,SD,SD,00/00/0000,SD,SD,9999
3787,1,QQXL,ProShares Ultra QQQ Top 30,SD,SD,00/00/0000,SD,SD,9999
3788,1,QQXT,First Trust NASDAQ-100 Ex-Technology Sector Index Fund,SD,SD,00/00/0000,SD,SD,9999
3789,1,QRHC,Quest Resource Holding Corporation - Common Stock,SD,SD,00/00/0000,SD,SD,9999
3790,1,QRMI,Global X NASDAQ 100 Risk Managed Income ETF,SD,SD,00/00/0000,SD,SD,9999
3791,1,QRVO,"Qorvo, Inc. - Common Stock",SD,SD,00/00/0000,SD,SD,9999
3792,1,QSEA,Quartzsea Acquisition Corporation - Ordinary Shares,SD,SD,00/00/0000,SD,SD,9999
3793,1,QSEAR,Quartzsea Acquisition Corporation - Rights,SD,SD,00/00/0000,SD,SD,9999
3794,1,QSEAU,Quartzsea Acquisition Corporation - Units,SD,SD,00/00/0000,SD,SD,9999
3795,1,QSG,QuantaSing Group Limited - American Depositary Shares,SD,SD,00/00/0000,SD,SD,9999
3796,1,QSI,Quantum-Si Incorporated - Class A Common Stock,SD,SD,00/00/0000,SD,SD,9999
3797,1,QSIAW,Quantum-Si Incorporated - Warrant,SD,SD,00/00/0000,SD,SD,9999
3798,1,QSIX,Pacer Metaurus Nasdaq 100 Dividend Multiplier 600 ETF,SD,SD,00/00/0000,SD,SD,9999
3799,1,QSML,WisdomTree U.S. SmallCap Quality Growth Fund,SD,SD,00/00/0000,SD,SD,9999
3800,1,QTEC,First Trust NASDAQ-100-Technology Sector Index Fund,SD,SD,00/00/0000,SD,SD,9999
3801,1,QTOP,iShares Nasdaq Top 30 Stocks ETF,SD,SD,00/00/0000,SD,SD,9999
3802,1,QTR,Global X NASDAQ 100 Tail Risk ETF,SD,SD,00/00/0000,SD,SD,9999
3803,1,QTRX,Quanterix Corporation - Common Stock,SD,SD,00/00/0000,SD,SD,9999
3804,1,QTTB,Q32 Bio Inc. - Common Stock,SD,SD,00/00/0000,SD,SD,9999
3805,1,QTUM,Defiance Quantum ETF,SD,SD,00/00/0000,SD,SD,9999
3806,1,QUBT,Quantum Computing Inc. - Common Stock,SD,SD,00/00/0000,SD,SD,9999
3807,1,QUIK,QuickLogic Corporation - Common Stock,SD,SD,00/00/0000,SD,SD,9999
3808,1,QUMS,Quantumsphere Acquisition Corp. - Ordinary Shares,SD,SD,00/00/0000,SD,SD,9999
3809,1,QUMSR,Quantumsphere Acquisition Corp. - Rights,SD,SD,00/00/0000,SD,SD,9999
3810,1,QUMSU,Quantumsphere Acquisition Corp. - Units,SD,SD,00/00/0000,SD,SD,9999
3811,1,QURE,uniQure N.V. - Ordinary Shares,SD,SD,00/00/0000,SD,SD,9999
3812,1,QVAL,Alpha Architect U.S. Quantitative Value ETF,SD,SD,00/00/0000,SD,SD,9999
3813,1,QVCGA,"QVC Group, Inc. - Series A Common Stock",SD,SD,00/00/0000,SD,SD,9999
3814,1,QVCGP,"QVC Group, Inc. - 8.0% Fixed Rate Cumulative Redeemable Preferred Stock",SD,SD,00/00/0000,SD,SD,9999
3815,1,QXQ,SGI Enhanced Nasdaq-100 ETF,SD,SD,00/00/0000,SD,SD,9999
3816,1,QYLD,Global X NASDAQ 100 Covered Call ETF,SD,SD,00/00/0000,SD,SD,9999
3817,1,QYLG,Global X Nasdaq 100 Covered Call & Growth ETF,SD,SD,00/00/0000,SD,SD,9999
3818,1,RAA,SMI 3Fourteen REAL Asset Allocation ETF,SD,SD,00/00/0000,SD,SD,9999
3819,1,RAAQ,Real Asset Acquisition Corp. - Class A Ordinary Share,SD,SD,00/00/0000,SD,SD,9999
3820,1,RAAQU,Real Asset Acquisition Corp. - Unit,SD,SD,00/00/0000,SD,SD,9999
3821,1,RAAQW,Real Asset Acquisition Corp. - Warrants,SD,SD,00/00/0000,SD,SD,9999
3822,1,RADX,Radiopharm Theranostics Limited - American Depositary Shares,SD,SD,00/00/0000,SD,SD,9999
3823,1,RAIL,"Freightcar America, Inc. - Common Stock",SD,SD,00/00/0000,SD,SD,9999
3824,1,RAIN,"Rain Enhancement Technologies Holdco, Inc. - Class A Common Stock",SD,SD,00/00/0000,SD,SD,9999
3825,1,RAINW,"Rain Enhancement Technologies Holdco, Inc. - Warrants",SD,SD,00/00/0000,SD,SD,9999
3826,1,RAND,Rand Capital Corporation - Closed End Fund,SD,SD,00/00/0000,SD,SD,9999
3827,1,RANG,Range Capital Acquisition Corp. - Ordinary Shares,SD,SD,00/00/0000,SD,SD,9999
3828,1,RANGR,Range Capital Acquisition Corp. - Rights,SD,SD,00/00/0000,SD,SD,9999
3829,1,RANGU,Range Capital Acquisition Corp. - Units,SD,SD,00/00/0000,SD,SD,9999
3830,1,RANI,"Rani Therapeutics Holdings, Inc. - Class A Common Stock",SD,SD,00/00/0000,SD,SD,9999
3831,1,RAPP,"Rapport Therapeutics, Inc. - Common Stock",SD,SD,00/00/0000,SD,SD,9999
3832,1,RAPT,"RAPT Therapeutics, Inc. - Common Stock",SD,SD,00/00/0000,SD,SD,9999
3833,1,RARE,Ultragenyx Pharmaceutical Inc. - Common Stock,SD,SD,00/00/0000,SD,SD,9999
3834,1,RAUS,RACWI US ETF,SD,SD,00/00/0000,SD,SD,9999
3835,1,RAVE,"Rave Restaurant Group, Inc. - Common Stock",SD,SD,00/00/0000,SD,SD,9999
3836,1,RAY,Raytech Holding Limited - ordinary shares,SD,SD,00/00/0000,SD,SD,9999
3837,1,RAYA,Erayak Power Solution Group Inc. - Class A Ordinary Shares,SD,SD,00/00/0000,SD,SD,9999
3838,1,RBB,RBB Bancorp - Common Stock,SD,SD,00/00/0000,SD,SD,9999
3839,1,RBBN,Ribbon Communications Inc.  - Common Stock,SD,SD,00/00/0000,SD,SD,9999
3840,1,RBCAA,"Republic Bancorp, Inc. - Class A Common Stock",SD,SD,00/00/0000,SD,SD,9999
3841,1,RBIL,F/m Ultrashort Treasury Inflation-Protected Security (TIPS) ETF,SD,SD,00/00/0000,SD,SD,9999
3842,1,RBKB,"Rhinebeck Bancorp, Inc. - Common Stock",SD,SD,00/00/0000,SD,SD,9999
3843,1,RBNE,Robin Energy Ltd. - Common Stock,SD,SD,00/00/0000,SD,SD,9999
3844,1,RCAT,"Red Cat Holdings, Inc. - Common Stock",SD,SD,00/00/0000,SD,SD,9999
3845,1,RCEL,"Avita Medical, Inc. - Common Stock",SD,SD,00/00/0000,SD,SD,9999
3846,1,RCGE,RockCreek Global Equality ETF,SD,SD,00/00/0000,SD,SD,9999
3847,1,RCKT,"Rocket Pharmaceuticals, Inc. - Common Stock",SD,SD,00/00/0000,SD,SD,9999
3848,1,RCKTW,"Rocket Pharmaceuticals, Inc. - Warrant",SD,SD,00/00/0000,SD,SD,9999
3849,1,RCKY,"Rocky Brands, Inc. - Common Stock",SD,SD,00/00/0000,SD,SD,9999
3850,1,RCMT,"RCM Technologies, Inc. - Common Stock",SD,SD,00/00/0000,SD,SD,9999
3851,1,RCON,"Recon Technology, Ltd. - Class A Ordinary Shares",SD,SD,00/00/0000,SD,SD,9999
3852,1,RCT,RedCloud Holdings plc - Ordinary Shares,SD,SD,00/00/0000,SD,SD,9999
3853,1,RDAC,Rising Dragon Acquisition Corp. - Ordinary Shares,SD,SD,00/00/0000,SD,SD,9999
3854,1,RDACR,Rising Dragon Acquisition Corp. - Rights,SD,SD,00/00/0000,SD,SD,9999
3855,1,RDACU,Rising Dragon Acquisition Corp. - Unit,SD,SD,00/00/0000,SD,SD,9999
3856,1,RDAG,Republic Digital Acquisition Company - Class A Ordinary Shares,SD,SD,00/00/0000,SD,SD,9999
3857,1,RDAGU,Republic Digital Acquisition Company - Unit,SD,SD,00/00/0000,SD,SD,9999
3858,1,RDAGW,Republic Digital Acquisition Company - Warrants,SD,SD,00/00/0000,SD,SD,9999
3859,1,RDCM,Radcom Ltd. - Ordinary Shares,SD,SD,00/00/0000,SD,SD,9999
3860,1,RDGT,"Ridgetech, Inc. - Ordinary Shares",SD,SD,00/00/0000,SD,SD,9999
3861,1,RDHL,Redhill Biopharma Ltd. - American Depositary Shares,SD,SD,00/00/0000,SD,SD,9999
3862,1,RDI,Reading International Inc - Class A Non-voting Common Stock,SD,SD,00/00/0000,SD,SD,9999
3863,1,RDIB,Reading International Inc - Class B Voting Common Stock,SD,SD,00/00/0000,SD,SD,9999
3864,1,RDNT,"RadNet, Inc. - Common Stock",SD,SD,00/00/0000,SD,SD,9999
3865,1,RDNW,"RideNow Group, Inc. - Class B Common Stock",SD,SD,00/00/0000,SD,SD,9999
3866,1,RDTL,GraniteShares 2x Long RDDT Daily ETF,SD,SD,00/00/0000,SD,SD,9999
3867,1,RDTY,YieldMax R2000 0DTE Covered Strategy ETF,SD,SD,00/00/0000,SD,SD,9999
3868,1,RDVT,"Red Violet, Inc. - Common Stock ",SD,SD,00/00/0000,SD,SD,9999
3869,1,RDVY,First Trust Rising Dividend Achievers ETF,SD,SD,00/00/0000,SD,SD,9999
3870,1,RDWR,Radware Ltd. - Ordinary Shares,SD,SD,00/00/0000,SD,SD,9999
3871,1,RDZN,"Roadzen, Inc. - Ordinary Shares",SD,SD,00/00/0000,SD,SD,9999
3872,1,RDZNW,"Roadzen, Inc. - Warrants",SD,SD,00/00/0000,SD,SD,9999
3873,1,REAI,Intelligent Real Estate ETF,SD,SD,00/00/0000,SD,SD,9999
3874,1,REAL,"The RealReal, Inc. - Common Stock",SD,SD,00/00/0000,SD,SD,9999
3875,1,REAX,"The Real Brokerage, Inc. - Common Shares",SD,SD,00/00/0000,SD,SD,9999
3876,1,REBN,"Reborn Coffee, Inc. - Common Stock",SD,SD,00/00/0000,SD,SD,9999
3877,1,RECT,Rectitude Holdings Ltd - Ordinary Shares,SD,SD,00/00/0000,SD,SD,9999
3878,1,REE,REE Automotive Ltd. - Class A Ordinary Shares,SD,SD,00/00/0000,SD,SD,9999
3879,1,REFI,"Chicago Atlantic Real Estate Finance, Inc. - Common Stock",SD,SD,00/00/0000,SD,SD,9999
3880,1,REFR,Research Frontiers Incorporated - Common Stock,SD,SD,00/00/0000,SD,SD,9999
3881,1,REG,Regency Centers Corporation - Common Stock,SD,SD,00/00/0000,SD,SD,9999
3882,1,REGCO,Regency Centers Corporation - 5.875% Series B Cumulative Redeemable Preferred Stock,SD,SD,00/00/0000,SD,SD,9999
3883,1,REGCP,Regency Centers Corporation - 6.25% Series A Cumulative Redeemable Preferred Stock,SD,SD,00/00/0000,SD,SD,9999
3884,1,REGN,"Regeneron Pharmaceuticals, Inc. - Common Stock",SD,SD,00/00/0000,SD,SD,9999
3885,1,REIT,ALPS Active REIT ETF,SD,SD,00/00/0000,SD,SD,9999
3886,1,REKR,"Rekor Systems, Inc. - Common Stock",SD,SD,00/00/0000,SD,SD,9999
3887,1,RELI,"Reliance Global Group, Inc. - Common Stock",SD,SD,00/00/0000,SD,SD,9999
3888,1,RELIW,"Reliance Global Group, Inc. - Series A Warrants",SD,SD,00/00/0000,SD,SD,9999
3889,1,RELL,"Richardson Electronics, Ltd. - Common Stock",SD,SD,00/00/0000,SD,SD,9999
3890,1,RELY,"Remitly Global, Inc. - Common stock",SD,SD,00/00/0000,SD,SD,9999
3891,1,REMG,Russell Investments Emerging Markets Equity ETF,SD,SD,00/00/0000,SD,SD,9999
3892,1,RENT,"Rent the Runway, Inc. - Class A Common Stock",SD,SD,00/00/0000,SD,SD,9999
3893,1,REPL,"Replimune Group, Inc. - Common Stock",SD,SD,00/00/0000,SD,SD,9999
3894,1,RETO,"ReTo Eco-Solutions, Inc. - Class A Shares",SD,SD,00/00/0000,SD,SD,9999
3895,1,REVB,"Revelation Biosciences, Inc. - Common Stock",SD,SD,00/00/0000,SD,SD,9999
3896,1,REVBW,"Revelation Biosciences, Inc. - Warrant",SD,SD,00/00/0000,SD,SD,9999
3897,1,REYN,Reynolds Consumer Products Inc. - Common Stock,SD,SD,00/00/0000,SD,SD,9999
3898,1,RFAI,RF Acquisition Corp II - Ordinary Shares,SD,SD,00/00/0000,SD,SD,9999
3899,1,RFAIR,RF Acquisition Corp II - Right,SD,SD,00/00/0000,SD,SD,9999
3900,1,RFAIU,RF Acquisition Corp II - Unit,SD,SD,00/00/0000,SD,SD,9999
3901,1,RFDI,First Trust RiverFront Dynamic Developed International ETF,SD,SD,00/00/0000,SD,SD,9999
3902,1,RFEM,First Trust RiverFront Dynamic Emerging Markets ETF,SD,SD,00/00/0000,SD,SD,9999
3903,1,RFEU,First Trust RiverFront Dynamic Europe ETF,SD,SD,00/00/0000,SD,SD,9999
3904,1,RFIL,"RF Industries, Ltd. - Common Stock",SD,SD,00/00/0000,SD,SD,9999
3905,1,RGC,Regencell Bioscience Holdings Limited - Ordinary Shares,SD,SD,00/00/0000,SD,SD,9999
3906,1,RGCO,RGC Resources Inc. - Common Stock,SD,SD,00/00/0000,SD,SD,9999
3907,1,RGEN,Repligen Corporation - Common Stock,SD,SD,00/00/0000,SD,SD,9999
3908,1,RGLD,"Royal Gold, Inc. - Common Stock",SD,SD,00/00/0000,SD,SD,9999
3909,1,RGLO,Russell Investments Global Equity ETF,SD,SD,00/00/0000,SD,SD,9999
3910,1,RGNX,REGENXBIO Inc. - Common Stock,SD,SD,00/00/0000,SD,SD,9999
3911,1,RGP,"Resources Connection, Inc. - Common Stock",SD,SD,00/00/0000,SD,SD,9999
3912,1,RGS,Regis Corporation - Common Stock,SD,SD,00/00/0000,SD,SD,9999
3913,1,RGTI,"Rigetti Computing, Inc.  - Common stock",SD,SD,00/00/0000,SD,SD,9999
3914,1,RGTIW,"Rigetti Computing, Inc.  - Redeemable warrants, each whole warrant exercisable for one Class A ordinary share at an exercise price of $11.50",SD,SD,00/00/0000,SD,SD,9999
3915,1,RGTX,Defiance Daily Target 2X Long RGTI ETF,SD,SD,00/00/0000,SD,SD,9999
3916,1,RGTZ,Defiance Daily Target 2x Short RGTI ETF,SD,SD,00/00/0000,SD,SD,9999
3917,1,RIBB,Ribbon Acquisition Corp - Class A Ordinary Shares,SD,SD,00/00/0000,SD,SD,9999
3918,1,RIBBR,Ribbon Acquisition Corp - Rights,SD,SD,00/00/0000,SD,SD,9999
3919,1,RIBBU,Ribbon Acquisition Corp - Unit,SD,SD,00/00/0000,SD,SD,9999
3920,1,RICK,"RCI Hospitality Holdings, Inc. - Common Stock",SD,SD,00/00/0000,SD,SD,9999
3921,1,RIFR,Russell Investments Global Infrastructure ETF,SD,SD,00/00/0000,SD,SD,9999
3922,1,RIGL,"Rigel Pharmaceuticals, Inc. - Common Stock",SD,SD,00/00/0000,SD,SD,9999
3923,1,RILY,"B. Riley Financial, Inc. - Common Stock",SD,SD,00/00/0000,SD,SD,9999
3924,1,RILYG,"B. Riley Financial, Inc. - 5.00% Senior Notes due 2026",SD,SD,00/00/0000,SD,SD,9999
3925,1,RILYK,"B. Riley Financial, Inc. - 5.50% Senior Notes Due 2026",SD,SD,00/00/0000,SD,SD,9999
3926,1,RILYL,"B. Riley Financial, Inc. - Depositary Shares, each representing a 1/1000th fractional interest in a share of Series B Cumulative Perpetual Preferred Stock",SD,SD,00/00/0000,SD,SD,9999
3927,1,RILYN,"B. Riley Financial, Inc. - 6.50% Senior Notes Due 2026",SD,SD,00/00/0000,SD,SD,9999
3928,1,RILYP,"B. Riley Financial, Inc. - Depositary Shares, each representing a 1/1000th fractional interest in a share of Series A Cumulative Perpetual Preferred Stock",SD,SD,00/00/0000,SD,SD,9999
3929,1,RILYT,"B. Riley Financial, Inc. - 6.00% Senior Notes Due 2028",SD,SD,00/00/0000,SD,SD,9999
3930,1,RILYZ,"B. Riley Financial, Inc. - 5.25% Senior Notes due 2028",SD,SD,00/00/0000,SD,SD,9999
3931,1,RIME,"Algorhythm Holdings, Inc. - Common Stock",SD,SD,00/00/0000,SD,SD,9999
3932,1,RING,iShares MSCI Global Gold Miners ETF,SD,SD,00/00/0000,SD,SD,9999
3933,1,RINT,Russell Investments International Developed Equity ETF,SD,SD,00/00/0000,SD,SD,9999
3934,1,RIOT,"Riot Platforms, Inc. - Common Stock",SD,SD,00/00/0000,SD,SD,9999
3935,1,RITR,Reitar Logtech Holdings Limited - Ordinary shares,SD,SD,00/00/0000,SD,SD,9999
3936,1,RIVN,"Rivian Automotive, Inc. - Class A Common Stock",SD,SD,00/00/0000,SD,SD,9999
3937,1,RKDA,"Arcadia Biosciences, Inc. - Common Stock",SD,SD,00/00/0000,SD,SD,9999
3938,1,RKLB,Rocket Lab Corporation - Common Stock,SD,SD,00/00/0000,SD,SD,9999
3939,1,RKLX,Defiance Daily Target 2X Long RKLB ETF,SD,SD,00/00/0000,SD,SD,9999
3940,1,RLAY,"Relay Therapeutics, Inc. - Common Stock",SD,SD,00/00/0000,SD,SD,9999
3941,1,RLMD,"Relmada Therapeutics, Inc. - Common Stock",SD,SD,00/00/0000,SD,SD,9999
3942,1,RLYB,Rallybio Corporation - Common Stock,SD,SD,00/00/0000,SD,SD,9999
3943,1,RMBI,"Richmond Mutual Bancorporation, Inc. - Common Stock",SD,SD,00/00/0000,SD,SD,9999
3944,1,RMBS,"Rambus, Inc. - Common Stock",SD,SD,00/00/0000,SD,SD,9999
3945,1,RMCF,"Rocky Mountain Chocolate Factory, Inc. - Common Stock",SD,SD,00/00/0000,SD,SD,9999
3946,1,RMCO,Royalty Management Holding Corporation - Class A Common Stock,SD,SD,00/00/0000,SD,SD,9999
3947,1,RMCOW,Royalty Management Holding Corporation - Warrant,SD,SD,00/00/0000,SD,SD,9999
3948,1,RMNI,"Rimini Street, Inc. - Common Stock",SD,SD,00/00/0000,SD,SD,9999
3949,1,RMR,The RMR Group Inc. - Class A Common Stock,SD,SD,00/00/0000,SD,SD,9999
3950,1,RMSG,Real Messenger Corporation - Ordinary Shares,SD,SD,00/00/0000,SD,SD,9999
3951,1,RMSGW,Real Messenger Corporation - Warrants,SD,SD,00/00/0000,SD,SD,9999
3952,1,RMTI,"Rockwell Medical, Inc. - Common Stock",SD,SD,00/00/0000,SD,SD,9999
3953,1,RNA,"Avidity Biosciences, Inc. - Common Stock",SD,SD,00/00/0000,SD,SD,9999
3954,1,RNAC,"Cartesian Therapeutics, Inc. - Common Stock",SD,SD,00/00/0000,SD,SD,9999
3955,1,RNAZ,"TransCode Therapeutics, Inc. - Common Stock",SD,SD,00/00/0000,SD,SD,9999
3956,1,RNEM,Emerging Markets Equity Select ETF,SD,SD,00/00/0000,SD,SD,9999
3957,1,RNGTU,Range Capital Acquisition Corp II - Units,SD,SD,00/00/0000,SD,SD,9999
3958,1,RNIN,Bushido Capital US SMID Cap Equity ETF,SD,SD,00/00/0000,SD,SD,9999
3959,1,RNRG,Global X Renewable Energy Producers ETF,SD,SD,00/00/0000,SD,SD,9999
3960,1,RNTX,"Rein Therapeutics, Inc. - Common Stock",SD,SD,00/00/0000,SD,SD,9999
3961,1,RNW,ReNew Energy Global plc - Class A Shares,SD,SD,00/00/0000,SD,SD,9999
3962,1,RNWWW,ReNew Energy Global plc - Warrant,SD,SD,00/00/0000,SD,SD,9999
3963,1,RNXT,"RenovoRx, Inc. - Common Stock",SD,SD,00/00/0000,SD,SD,9999
3964,1,ROAD,"Construction Partners, Inc. - Common Stock",SD,SD,00/00/0000,SD,SD,9999
3965,1,ROBT,First Trust Nasdaq Artificial Intelligence and Robotics ETF,SD,SD,00/00/0000,SD,SD,9999
3966,1,ROCK,"Gibraltar Industries, Inc. - Common Stock",SD,SD,00/00/0000,SD,SD,9999
3967,1,ROE,Astoria US Equal Weight Quality Kings ETF,SD,SD,00/00/0000,SD,SD,9999
3968,1,ROIV,Roivant Sciences Ltd. - Common Shares,SD,SD,00/00/0000,SD,SD,9999
3969,1,ROKU,"Roku, Inc. - Class A Common Stock",SD,SD,00/00/0000,SD,SD,9999
3970,1,ROMA,Roma Green Finance Limited - Ordinary Shares,SD,SD,00/00/0000,SD,SD,9999
3971,1,ROOT,"Root, Inc. - Common Stock",SD,SD,00/00/0000,SD,SD,9999
3972,1,ROP,"Roper Technologies, Inc. - Common Stock",SD,SD,00/00/0000,SD,SD,9999
3973,1,ROST,"Ross Stores, Inc. - Common Stock",SD,SD,00/00/0000,SD,SD,9999
3974,1,RPAY,Repay Holdings Corporation - Class A Common Stock,SD,SD,00/00/0000,SD,SD,9999
3975,1,RPD,"Rapid7, Inc. - Common Stock",SD,SD,00/00/0000,SD,SD,9999
3976,1,RPGL,Republic Power Group Limited - Class A Ordinary Shares,SD,SD,00/00/0000,SD,SD,9999
3977,1,RPID,"Rapid Micro Biosystems, Inc. - Class A Common Stock",SD,SD,00/00/0000,SD,SD,9999
3978,1,RPRX,Royalty Pharma plc - Class A Ordinary Shares,SD,SD,00/00/0000,SD,SD,9999
3979,1,RPTX,Repare Therapeutics Inc. - Common Shares,SD,SD,00/00/0000,SD,SD,9999
3980,1,RR,Richtech Robotics Inc. - Class B Common Stock,SD,SD,00/00/0000,SD,SD,9999
3981,1,RRBI,"Red River Bancshares, Inc. - Common Stock",SD,SD,00/00/0000,SD,SD,9999
3982,1,RRGB,"Red Robin Gourmet Burgers, Inc. - Common Stock",SD,SD,00/00/0000,SD,SD,9999
3983,1,RRR,"Red Rock Resorts, Inc. - Class A Common Stock",SD,SD,00/00/0000,SD,SD,9999
3984,1,RSSS,"Research Solutions, Inc - Common Stock",SD,SD,00/00/0000,SD,SD,9999
3985,1,RSVR,"Reservoir Media, Inc.. - Common Stock",SD,SD,00/00/0000,SD,SD,9999
3986,1,RSVRW,"Reservoir Media, Inc.. - Warrant",SD,SD,00/00/0000,SD,SD,9999
3987,1,RTAC,Renatus Tactical Acquisition Corp I - Class A Ordinary Shares,SD,SD,00/00/0000,SD,SD,9999
3988,1,RTACU,Renatus Tactical Acquisition Corp I - Unit,SD,SD,00/00/0000,SD,SD,9999
3989,1,RTACW,Renatus Tactical Acquisition Corp I - Warrant,SD,SD,00/00/0000,SD,SD,9999
3990,1,RTH,VanEck Retail ETF,SD,SD,00/00/0000,SD,SD,9999
3991,1,RTXG,Leverage Shares 2X Long RTX Daily ETF,SD,SD,00/00/0000,SD,SD,9999
3992,1,RUBI,Rubico Inc. - Common Stock,SD,SD,00/00/0000,SD,SD,9999
3993,1,RUM,Rumble Inc. - Class A Common Stock,SD,SD,00/00/0000,SD,SD,9999
3994,1,RUMBW,Rumble Inc. - Warrant,SD,SD,00/00/0000,SD,SD,9999
3995,1,RUN,Sunrun Inc. - Common Stock,SD,SD,00/00/0000,SD,SD,9999
3996,1,RUNN,Running Oak Efficient Growth ETF,SD,SD,00/00/0000,SD,SD,9999
3997,1,RUSC,Russell Investments U.S. Small Cap Equity ETF,SD,SD,00/00/0000,SD,SD,9999
3998,1,RUSHA,"Rush Enterprises, Inc. - Class A Common Stock",SD,SD,00/00/0000,SD,SD,9999
3999,1,RUSHB,"Rush Enterprises, Inc. - Class B Common Stock",SD,SD,00/00/0000,SD,SD,9999
4000,1,RVMD,"Revolution Medicines, Inc. - Common Stock",SD,SD,00/00/0000,SD,SD,9999
4001,1,RVMDW,"Revolution Medicines, Inc. - Warrant",SD,SD,00/00/0000,SD,SD,9999
4002,1,RVNL,GraniteShares 2x Long RIVN Daily ETF,SD,SD,00/00/0000,SD,SD,9999
4003,1,RVPH,"Reviva Pharmaceuticals Holdings, Inc. - Common Stock",SD,SD,00/00/0000,SD,SD,9999
4004,1,RVPHW,"Reviva Pharmaceuticals Holdings, Inc. - Warrants",SD,SD,00/00/0000,SD,SD,9999
4005,1,RVSB,Riverview Bancorp Inc - Common Stock,SD,SD,00/00/0000,SD,SD,9999
4006,1,RVSN,Rail Vision Ltd. - Ordinary Shares,SD,SD,00/00/0000,SD,SD,9999
4007,1,RVSNW,Rail Vision Ltd. - Warrant,SD,SD,00/00/0000,SD,SD,9999
4008,1,RVYL,Ryvyl Inc. - Common Stock,SD,SD,00/00/0000,SD,SD,9999
4009,1,RWAY,Runway Growth Finance Corp. - Common Stock,SD,SD,00/00/0000,SD,SD,9999
4010,1,RWAYL,Runway Growth Finance Corp. - 7.50% Notes due 2027,SD,SD,00/00/0000,SD,SD,9999
4011,1,RWAYZ,Runway Growth Finance Corp. - 8.00% Notes due 2027,SD,SD,00/00/0000,SD,SD,9999
4012,1,RXRX,"Recursion Pharmaceuticals, Inc. - Class A Common Stock",SD,SD,00/00/0000,SD,SD,9999
4013,1,RXST,"RxSight, Inc. - Common Stock",SD,SD,00/00/0000,SD,SD,9999
4014,1,RXT,"Rackspace Technology, Inc. - Common Stock",SD,SD,00/00/0000,SD,SD,9999
4015,1,RYAAY,"Ryanair Holdings plc - American Depositary Shares, each representing five Ordinary Shares",SD,SD,00/00/0000,SD,SD,9999
4016,1,RYET,Ruanyun Edai Technology Inc. - Ordinary shares,SD,SD,00/00/0000,SD,SD,9999
4017,1,RYM,"RYTHM, Inc. - Common Stock",SD,SD,00/00/0000,SD,SD,9999
4018,1,RYOJ,"rYojbaba Co., Ltd. - Common Shares",SD,SD,00/00/0000,SD,SD,9999
4019,1,RYTM,"Rhythm Pharmaceuticals, Inc. - Common Stock",SD,SD,00/00/0000,SD,SD,9999
4020,1,RZLT,"Rezolute, Inc. - Common Stock (NV)",SD,SD,00/00/0000,SD,SD,9999
4021,1,RZLV,Rezolve AI PLC - Ordinary Shares,SD,SD,00/00/0000,SD,SD,9999
4022,1,RZLVW,Rezolve AI PLC - Warrants,SD,SD,00/00/0000,SD,SD,9999
4023,1,SABR,Sabre Corporation - Common Stock,SD,SD,00/00/0000,SD,SD,9999
4024,1,SABS,"SAB Biotherapeutics, Inc. - Common Stock",SD,SD,00/00/0000,SD,SD,9999
4025,1,SABSW,"SAB Biotherapeutics, Inc. - Warrant",SD,SD,00/00/0000,SD,SD,9999
4026,1,SAFT,"Safety Insurance Group, Inc. - Common Stock",SD,SD,00/00/0000,SD,SD,9999
4027,1,SAFX,"XCF Global, Inc. - Class A Common Stock",SD,SD,00/00/0000,SD,SD,9999
4028,1,SAGT,SAGTEC GLOBAL LIMITED - Ordinary shares,SD,SD,00/00/0000,SD,SD,9999
4029,1,SAIA,"Saia, Inc. - Common Stock",SD,SD,00/00/0000,SD,SD,9999
4030,1,SAIC,Science Applications International Corporation - Common Stock,SD,SD,00/00/0000,SD,SD,9999
4031,1,SAIH,SAIHEAT Limited - Class A Ordinary Shares,SD,SD,00/00/0000,SD,SD,9999
4032,1,SAIHW,SAIHEAT Limited - Warrant,SD,SD,00/00/0000,SD,SD,9999
4033,1,SAIL,"SailPoint, Inc. - Common Stock",SD,SD,00/00/0000,SD,SD,9999
4034,1,SAMG,Silvercrest Asset Management Group Inc. - Common Stock,SD,SD,00/00/0000,SD,SD,9999
4035,1,SANA,"Sana Biotechnology, Inc. - Common Stock",SD,SD,00/00/0000,SD,SD,9999
4036,1,SANG,Sangoma Technologies Corporation - Common Shares,SD,SD,00/00/0000,SD,SD,9999
4037,1,SANM,Sanmina Corporation - Common Stock,SD,SD,00/00/0000,SD,SD,9999
4038,1,SARK,Tradr 1X Short Innovation Daily ETF,SD,SD,00/00/0000,SD,SD,9999
4039,1,SATL,Satellogic Inc. - Class A Common Stock,SD,SD,00/00/0000,SD,SD,9999
4040,1,SATLW,Satellogic Inc. - Warrant,SD,SD,00/00/0000,SD,SD,9999
4041,1,SATS,EchoStar Corporation - Common stock,SD,SD,00/00/0000,SD,SD,9999
4042,1,SAVA,"Cassava Sciences, Inc. - Common Stock",SD,SD,00/00/0000,SD,SD,9999
4043,1,SBAC,SBA Communications Corporation - Class A Common Stock,SD,SD,00/00/0000,SD,SD,9999
4044,1,SBC,SBC Medical Group Holdings Incorporated - Common Stock,SD,SD,00/00/0000,SD,SD,9999
4045,1,SBCF,Seacoast Banking Corporation of Florida - Common Stock,SD,SD,00/00/0000,SD,SD,9999
4046,1,SBCWW,SBC Medical Group Holdings Incorporated - Warrants,SD,SD,00/00/0000,SD,SD,9999
4047,1,SBET,"SharpLink Gaming, Inc. - Common Stock",SD,SD,00/00/0000,SD,SD,9999
4048,1,SBFG,"SB Financial Group, Inc. - Common Stock",SD,SD,00/00/0000,SD,SD,9999
4049,1,SBFM,Sunshine Biopharma Inc. - Common stock,SD,SD,00/00/0000,SD,SD,9999
4050,1,SBFMW,Sunshine Biopharma Inc. - Warrant,SD,SD,00/00/0000,SD,SD,9999
4051,1,SBGI,"Sinclair, Inc. - Class A Common Stock",SD,SD,00/00/0000,SD,SD,9999
4052,1,SBLK,Star Bulk Carriers Corp. - Common Shares,SD,SD,00/00/0000,SD,SD,9999
4053,1,SBLX,"StableX Technologies, Inc. - Common Stock",SD,SD,00/00/0000,SD,SD,9999
4054,1,SBRA,"Sabra Health Care REIT, Inc. - Common Stock",SD,SD,00/00/0000,SD,SD,9999
4055,1,SBUX,Starbucks Corporation - Common Stock,SD,SD,00/00/0000,SD,SD,9999
4056,1,SCAG,Scage Future - American Depositary Shares,SD,SD,00/00/0000,SD,SD,9999
4057,1,SCAGW,Scage Future - Warrants,SD,SD,00/00/0000,SD,SD,9999
4058,1,SCDS,JPMorgan Fundamental Data Science Small Core ETF,SD,SD,00/00/0000,SD,SD,9999
4059,1,SCHL,Scholastic Corporation - Common Stock,SD,SD,00/00/0000,SD,SD,9999
4060,1,SCKT,"Socket Mobile, Inc. - Common Stock",SD,SD,00/00/0000,SD,SD,9999
4061,1,SCLX,Scilex Holding Company - Common Stock,SD,SD,00/00/0000,SD,SD,9999
4062,1,SCLXW,Scilex Holding Company - Warrant,SD,SD,00/00/0000,SD,SD,9999
4063,1,SCNI,Scinai Immunotherapeutics Ltd. - American Depositary Shares,SD,SD,00/00/0000,SD,SD,9999
4064,1,SCNX,"Scienture Holdings, Inc. - Common Stock",SD,SD,00/00/0000,SD,SD,9999
4065,1,SCOR,"comScore, Inc. - Common Stock",SD,SD,00/00/0000,SD,SD,9999
4066,1,SCSC,"ScanSource, Inc. - Common Stock",SD,SD,00/00/0000,SD,SD,9999
4067,1,SCVL,"Shoe Carnival, Inc. - Common Stock",SD,SD,00/00/0000,SD,SD,9999
4068,1,SCWO,374Water Inc. - common stock,SD,SD,00/00/0000,SD,SD,9999
4069,1,SCYX,"SCYNEXIS, Inc. - Common Stock",SD,SD,00/00/0000,SD,SD,9999
4070,1,SCZ,iShares MSCI EAFE Small-Cap ETF,SD,SD,00/00/0000,SD,SD,9999
4071,1,SDA,SunCar Technology Group Inc. - Ordinary Shares,SD,SD,00/00/0000,SD,SD,9999
4072,1,SDAWW,SunCar Technology Group Inc. - Warrant,SD,SD,00/00/0000,SD,SD,9999
4073,1,SDG,iShares MSCI Global Sustainable Development Goals ETF,SD,SD,00/00/0000,SD,SD,9999
4074,1,SDGR,"Schrodinger, Inc. - Common Stock",SD,SD,00/00/0000,SD,SD,9999
4075,1,SDHI,Siddhi Acquisition Corp - Class A Common stock,SD,SD,00/00/0000,SD,SD,9999
4076,1,SDHIR,Siddhi Acquisition Corp - Right,SD,SD,00/00/0000,SD,SD,9999
4077,1,SDHIU,Siddhi Acquisition Corp - Unit,SD,SD,00/00/0000,SD,SD,9999
4078,1,SDM,Smart Digital Group Limited - Ordinary Shares,SD,SD,00/00/0000,SD,SD,9999
4079,1,SDOT,Sadot Group Inc. - Common Stock,SD,SD,00/00/0000,SD,SD,9999
4080,1,SDSI,American Century Short Duration Strategic Income ETF,SD,SD,00/00/0000,SD,SD,9999
4081,1,SDST,Stardust Power Inc. - Common Stock,SD,SD,00/00/0000,SD,SD,9999
4082,1,SDSTW,Stardust Power Inc. - Warrant,SD,SD,00/00/0000,SD,SD,9999
4083,1,SDTY,YieldMax S&P 500 0DTE Covered Call Strategy ETF,SD,SD,00/00/0000,SD,SD,9999
4084,1,SDVY,First Trust SMID Cap Rising Dividend Achievers ETF,SD,SD,00/00/0000,SD,SD,9999
4085,1,SEAT,Vivid Seats Inc. - Class A common stock,SD,SD,00/00/0000,SD,SD,9999
4086,1,SEATW,Vivid Seats Inc. - Warrant,SD,SD,00/00/0000,SD,SD,9999
4087,1,SEDG,"SolarEdge Technologies, Inc. - Common Stock",SD,SD,00/00/0000,SD,SD,9999
4088,1,SEED,Origin Agritech Limited - Ordinary Shares,SD,SD,00/00/0000,SD,SD,9999
4089,1,SEEM,SEI Select Emerging Markets Equity ETF,SD,SD,00/00/0000,SD,SD,9999
4090,1,SEER,"Seer, Inc. - Class A Common Stock",SD,SD,00/00/0000,SD,SD,9999
4091,1,SEGG,"Lottery.com, Inc. - Common Stock",SD,SD,00/00/0000,SD,SD,9999
4092,1,SEIC,SEI Investments Company - Common Stock,SD,SD,00/00/0000,SD,SD,9999
4093,1,SEIE,SEI Select International Equity ETF,SD,SD,00/00/0000,SD,SD,9999
4094,1,SEIS,SEI Select Small Cap ETF,SD,SD,00/00/0000,SD,SD,9999
4095,1,SELF,"Global Self Storage, Inc. - Common Stock",SD,SD,00/00/0000,SD,SD,9999
4096,1,SELX,Semilux International Ltd. - Ordinary Shares,SD,SD,00/00/0000,SD,SD,9999
4097,1,SENEA,Seneca Foods Corp. - Class A Common Stock,SD,SD,00/00/0000,SD,SD,9999
4098,1,SENEB,Seneca Foods Corp. - Class B Common Stock,SD,SD,00/00/0000,SD,SD,9999
4099,1,SEPN,"Septerna, Inc. - Common Stock",SD,SD,00/00/0000,SD,SD,9999
4100,1,SERA,"Sera Prognostics, Inc. - Class A Common Stock",SD,SD,00/00/0000,SD,SD,9999
4101,1,SERV,Serve Robotics Inc. - Common Stock,SD,SD,00/00/0000,SD,SD,9999
4102,1,SETM,Sprott Critical Materials ETF,SD,SD,00/00/0000,SD,SD,9999
4103,1,SEV,Aptera Motors Corp. - Class B Common Stock,SD,SD,00/00/0000,SD,SD,9999
4104,1,SEVN,Seven Hills Realty Trust  - Common Stock,SD,SD,00/00/0000,SD,SD,9999
4105,1,SEZL,Sezzle Inc. - Common Stock,SD,SD,00/00/0000,SD,SD,9999
4106,1,SFBC,"Sound Financial Bancorp, Inc. - Common Stock",SD,SD,00/00/0000,SD,SD,9999
4107,1,SFD,"Smithfield Foods, Inc. - Common Stock",SD,SD,00/00/0000,SD,SD,9999
4108,1,SFHG,Samfine Creation Holdings Group Limited - Class A Ordinary Share,SD,SD,00/00/0000,SD,SD,9999
4109,1,SFIX,"Stitch Fix, Inc. - Class A Common Stock",SD,SD,00/00/0000,SD,SD,9999
4110,1,SFLO,VictoryShares Small Cap Free Cash Flow ETF,SD,SD,00/00/0000,SD,SD,9999
4111,1,SFM,"Sprouts Farmers Market, Inc. - Common Stock",SD,SD,00/00/0000,SD,SD,9999
4112,1,SFNC,Simmons First National Corporation - Common Stock,SD,SD,00/00/0000,SD,SD,9999
4113,1,SFST,"Southern First Bancshares, Inc. - Common Stock",SD,SD,00/00/0000,SD,SD,9999
4114,1,SFWL,Shengfeng Development Limited - Class A Ordinary Shares,SD,SD,00/00/0000,SD,SD,9999
4115,1,SGA,"Saga Communications, Inc. - Class A Common Stock",SD,SD,00/00/0000,SD,SD,9999
4116,1,SGBX,Safe & Green Holdings Corp. - Common Stock,SD,SD,00/00/0000,SD,SD,9999
4117,1,SGC,"Superior Group of Companies, Inc. - Common Stock",SD,SD,00/00/0000,SD,SD,9999
4118,1,SGD,Safe and Green Development Corporation - Common Stock,SD,SD,00/00/0000,SD,SD,9999
4119,1,SGHT,"Sight Sciences, Inc. - Common Stock",SD,SD,00/00/0000,SD,SD,9999
4120,1,SGLY,Singularity Future Technology Ltd. - Common Stock,SD,SD,00/00/0000,SD,SD,9999
4121,1,SGML,Sigma Lithium Corporation - common shares,SD,SD,00/00/0000,SD,SD,9999
4122,1,SGMO,"Sangamo Therapeutics, Inc. - Common Stock",SD,SD,00/00/0000,SD,SD,9999
4123,1,SGMT,Sagimet Biosciences Inc. - Series A Common Stock,SD,SD,00/00/0000,SD,SD,9999
4124,1,SGRP,"SPAR Group, Inc. - Common Stock",SD,SD,00/00/0000,SD,SD,9999
4125,1,SGRY,"Surgery Partners, Inc. - Common Stock",SD,SD,00/00/0000,SD,SD,9999
4126,1,SHBI,"Shore Bancshares, Inc. - Common Stock",SD,SD,00/00/0000,SD,SD,9999
4127,1,SHC,Sotera Health Company - Common Stock,SD,SD,00/00/0000,SD,SD,9999
4128,1,SHEN,Shenandoah Telecommunications Co - Common Stock,SD,SD,00/00/0000,SD,SD,9999
4129,1,SHFS,"SHF Holdings, Inc. - Class A Common Stock",SD,SD,00/00/0000,SD,SD,9999
4130,1,SHFSW,"SHF Holdings, Inc. - Warrants",SD,SD,00/00/0000,SD,SD,9999
4131,1,SHIM,Shimmick Corporation - Common Stock,SD,SD,00/00/0000,SD,SD,9999
4132,1,SHIP,Seanergy Maritime Holdings Corp. - Common Stock,SD,SD,00/00/0000,SD,SD,9999
4133,1,SHLS,"Shoals Technologies Group, Inc. - Class A Common Stock",SD,SD,00/00/0000,SD,SD,9999
4134,1,SHMD,SCHMID Group N.V. - Class A Ordinary Shares,SD,SD,00/00/0000,SD,SD,9999
4135,1,SHMDW,SCHMID Group N.V. - Warrants,SD,SD,00/00/0000,SD,SD,9999
4136,1,SHOO,"Steven Madden, Ltd. - Common Stock",SD,SD,00/00/0000,SD,SD,9999
4137,1,SHOP,Shopify Inc. - Class A Subordinate Voting Shares,SD,SD,00/00/0000,SD,SD,9999
4138,1,SHPD,Direxion Daily SHOP Bear 1X ETF,SD,SD,00/00/0000,SD,SD,9999
4139,1,SHPH,"Shuttle Pharmaceuticals Holdings, Inc. - common stock",SD,SD,00/00/0000,SD,SD,9999
4140,1,SHPU,Direxion Daily SHOP Bull 2X ETF,SD,SD,00/00/0000,SD,SD,9999
4141,1,SHRY,First Trust Bloomberg Shareholder Yield ETF,SD,SD,00/00/0000,SD,SD,9999
4142,1,SHV,iShares Short Treasury Bond ETF,SD,SD,00/00/0000,SD,SD,9999
4143,1,SHY,iShares 1-3 Year Treasury Bond ETF,SD,SD,00/00/0000,SD,SD,9999
4144,1,SIBN,"SI-BONE, Inc. - Common Stock",SD,SD,00/00/0000,SD,SD,9999
4145,1,SIDU,"Sidus Space, Inc. - Class A Common Stock",SD,SD,00/00/0000,SD,SD,9999
4146,1,SIEB,Siebert Financial Corp. - Common Stock,SD,SD,00/00/0000,SD,SD,9999
4147,1,SIFY,Sify Technologies Limited - American Depository Shares,SD,SD,00/00/0000,SD,SD,9999
4148,1,SIGA,SIGA Technologies Inc. - Common Stock,SD,SD,00/00/0000,SD,SD,9999
4149,1,SIGI,"Selective Insurance Group, Inc. - Common Stock",SD,SD,00/00/0000,SD,SD,9999
4150,1,SIGIP,"Selective Insurance Group, Inc. - Depositary Shares, each representing a 1/1,000th interest in a share of 4.60% Non-Cumulative Preferred Stock, Series B",SD,SD,00/00/0000,SD,SD,9999
4151,1,SILC,Silicom Ltd - Ordinary Shares,SD,SD,00/00/0000,SD,SD,9999
4152,1,SILO,"Silo Pharma, Inc. - Common Stock",SD,SD,00/00/0000,SD,SD,9999
4153,1,SIMA,SIM Acquisition Corp. I - Class A Ordinary Shares,SD,SD,00/00/0000,SD,SD,9999
4154,1,SIMAU,SIM Acquisition Corp. I - Unit,SD,SD,00/00/0000,SD,SD,9999
4155,1,SIMAW,SIM Acquisition Corp. I - Warrant,SD,SD,00/00/0000,SD,SD,9999
4156,1,SIMO,"Silicon Motion Technology Corporation - American Depositary Shares, each representing four ordinary shares",SD,SD,00/00/0000,SD,SD,9999
4157,1,SINT,"SiNtx Technologies, Inc. - Common Stock",SD,SD,00/00/0000,SD,SD,9999
4158,1,SION,"Sionna Therapeutics, Inc. - Common Stock",SD,SD,00/00/0000,SD,SD,9999
4159,1,SIRI,SiriusXM Holdings Inc. - Common Stock,SD,SD,00/00/0000,SD,SD,9999
4160,1,SITM,SiTime Corporation - Common Stock,SD,SD,00/00/0000,SD,SD,9999
4161,1,SIXG,Defiance Connective Technologies ETF,SD,SD,00/00/0000,SD,SD,9999
4162,1,SJ,Scienjoy Holding Corporation - Class A Ordinary Shares,SD,SD,00/00/0000,SD,SD,9999
4163,1,SJCP,SanJac Alpha Core Plus Bond ETF,SD,SD,00/00/0000,SD,SD,9999
4164,1,SJLD,SanJac Alpha Low Duration ETF,SD,SD,00/00/0000,SD,SD,9999
4165,1,SKBL,Skyline Builders Group Holding Limited - Class A Ordinary Shares,SD,SD,00/00/0000,SD,SD,9999
4166,1,SKIN,The Beauty Health Company - Class A Common Stock,SD,SD,00/00/0000,SD,SD,9999
4167,1,SKK,SKK Holdings Limited - Ordinary Shares,SD,SD,00/00/0000,SD,SD,9999
4168,1,SKOR,FlexShares Credit-Scored US Corporate Bond Index Fund,SD,SD,00/00/0000,SD,SD,9999
4169,1,SKRE,Tuttle Capital Daily 2X Inverse Regional Banks ETF,SD,SD,00/00/0000,SD,SD,9999
4170,1,SKWD,"Skyward Specialty Insurance Group, Inc. - Common Stock",SD,SD,00/00/0000,SD,SD,9999
4171,1,SKYE,"Skye Bioscience, Inc. - Common Stock",SD,SD,00/00/0000,SD,SD,9999
4172,1,SKYQ,Sky Quarry Inc. - Common Stock,SD,SD,00/00/0000,SD,SD,9999
4173,1,SKYT,"SkyWater Technology, Inc. - Common Stock",SD,SD,00/00/0000,SD,SD,9999
4174,1,SKYU,ProShares Ultra Cloud Computing,SD,SD,00/00/0000,SD,SD,9999
4175,1,SKYW,"SkyWest, Inc. - Common Stock",SD,SD,00/00/0000,SD,SD,9999
4176,1,SKYX,SKYX Platforms Corp. - Common Stock,SD,SD,00/00/0000,SD,SD,9999
4177,1,SKYY,First Trust Cloud Computing ETF,SD,SD,00/00/0000,SD,SD,9999
4178,1,SLAB,"Silicon Laboratories, Inc. - Common Stock",SD,SD,00/00/0000,SD,SD,9999
4179,1,SLDB,Solid Biosciences Inc. - Common Stock,SD,SD,00/00/0000,SD,SD,9999
4180,1,SLDE,"Slide Insurance Holdings, Inc. - Common Stock",SD,SD,00/00/0000,SD,SD,9999
4181,1,SLDP,"Solid Power, Inc. - Class A Common Stock",SD,SD,00/00/0000,SD,SD,9999
4182,1,SLDPW,"Solid Power, Inc. - Warrant",SD,SD,00/00/0000,SD,SD,9999
4183,1,SLE,"Super League Enterprise, Inc. - Common Stock",SD,SD,00/00/0000,SD,SD,9999
4184,1,SLGB,Smart Logistics Global Limited - Ordinary Shares,SD,SD,00/00/0000,SD,SD,9999
4185,1,SLGL,Sol-Gel Technologies Ltd. - Ordinary Shares,SD,SD,00/00/0000,SD,SD,9999
4186,1,SLM,SLM Corporation - Common Stock,SD,SD,00/00/0000,SD,SD,9999
4187,1,SLMBP,"SLM Corporation - Floating Rate Non-Cumulative Preferred Stock, Series B",SD,SD,00/00/0000,SD,SD,9999
4188,1,SLMT,Brera Holdings PLC - Class B Ordinary Shares,SD,SD,00/00/0000,SD,SD,9999
4189,1,SLN,Silence Therapeutics Plc - American Depository Share,SD,SD,00/00/0000,SD,SD,9999
4190,1,SLNG,"Stabilis Solutions, Inc. - Common Stock",SD,SD,00/00/0000,SD,SD,9999
4191,1,SLNH,"Soluna Holdings, Inc. - Common Stock",SD,SD,00/00/0000,SD,SD,9999
4192,1,SLNHP,"Soluna Holdings, Inc. - 9.0% Series A Cumulative Perpetual Preferred Stock",SD,SD,00/00/0000,SD,SD,9999
4193,1,SLNO,"Soleno Therapeutics, Inc. - Common Stock",SD,SD,00/00/0000,SD,SD,9999
4194,1,SLP,"Simulations Plus, Inc. - Common Stock",SD,SD,00/00/0000,SD,SD,9999
4195,1,SLQD,iShares 0-5 Year Investment Grade Corporate Bond ETF,SD,SD,00/00/0000,SD,SD,9999
4196,1,SLRC,SLR Investment Corp. - Closed End Fund,SD,SD,00/00/0000,SD,SD,9999
4197,1,SLRX,"Salarius Pharmaceuticals, Inc. - Common Stock",SD,SD,00/00/0000,SD,SD,9999
4198,1,SLS,"SELLAS Life Sciences Group, Inc.  - Common Stock",SD,SD,00/00/0000,SD,SD,9999
4199,1,SLSN,"Solesence, Inc. - Common stock",SD,SD,00/00/0000,SD,SD,9999
4200,1,SLVO,"ETRACS Silver Shares Covered Call ETNs due April 21, 2033",SD,SD,00/00/0000,SD,SD,9999
4201,1,SLVR,Sprott Silver Miners & Physical Silver ETF,SD,SD,00/00/0000,SD,SD,9999
4202,1,SLXN,Silexion Therapeutics Corp - Ordinary Shares,SD,SD,00/00/0000,SD,SD,9999
4203,1,SLXNW,Silexion Therapeutics Corp - Warrant,SD,SD,00/00/0000,SD,SD,9999
4204,1,SMBC,"Southern Missouri Bancorp, Inc. - Common Stock",SD,SD,00/00/0000,SD,SD,9999
4205,1,SMCC,Defiance Leveraged Long + Income SMCI ETF,SD,SD,00/00/0000,SD,SD,9999
4206,1,SMCF,Themes US Small Cap Cash Flow Champions ETF,SD,SD,00/00/0000,SD,SD,9999
4207,1,SMCI,"Super Micro Computer, Inc. - Common Stock",SD,SD,00/00/0000,SD,SD,9999
4208,1,SMCL,GraniteShares 2x Long SMCI Daily ETF,SD,SD,00/00/0000,SD,SD,9999
4209,1,SMCO,Hilton Small-MidCap Opportunity ETF,SD,SD,00/00/0000,SD,SD,9999
4210,1,SMCX,Defiance Daily Target 2X Long SMCI ETF,SD,SD,00/00/0000,SD,SD,9999
4211,1,SMCZ,Defiance Daily Target 2X Short SMCI ETF,SD,SD,00/00/0000,SD,SD,9999
4212,1,SMH,VanEck Semiconductor ETF,SD,SD,00/00/0000,SD,SD,9999
4213,1,SMHX,VanEck Fabless Semiconductor ETF,SD,SD,00/00/0000,SD,SD,9999
4214,1,SMID,Smith-Midland Corporation - Common Stock,SD,SD,00/00/0000,SD,SD,9999
4215,1,SMLR,"Semler Scientific, Inc. - Common Stock",SD,SD,00/00/0000,SD,SD,9999
4216,1,SMMT,Summit Therapeutics Inc.  - Common Stock,SD,SD,00/00/0000,SD,SD,9999
4217,1,SMOM,Symmetry Panoramic Sector Momentum ETF,SD,SD,00/00/0000,SD,SD,9999
4218,1,SMPL,The Simply Good Foods Company - Common Stock,SD,SD,00/00/0000,SD,SD,9999
4219,1,SMRI,Bushido Capital US Equity ETF,SD,SD,00/00/0000,SD,SD,9999
4220,1,SMSI,"Smith Micro Software, Inc. - Common Stock",SD,SD,00/00/0000,SD,SD,9999
4221,1,SMST,Defiance Daily Target 2x Short MSTR ETF,SD,SD,00/00/0000,SD,SD,9999
4222,1,SMTC,Semtech Corporation - Common Stock,SD,SD,00/00/0000,SD,SD,9999
4223,1,SMTI,Sanara MedTech Inc. - Common Stock,SD,SD,00/00/0000,SD,SD,9999
4224,1,SMTK,"SmartKem, Inc. - Common Stock",SD,SD,00/00/0000,SD,SD,9999
4225,1,SMX,SMX (Security Matters) Public Limited Company - Ordinary Shares,SD,SD,00/00/0000,SD,SD,9999
4226,1,SMXT,Solarmax Technology Inc. - Common Stock,SD,SD,00/00/0000,SD,SD,9999
4227,1,SMXWW,SMX (Security Matters) Public Limited Company - Warrant,SD,SD,00/00/0000,SD,SD,9999
4228,1,SMYY,GraniteShares YieldBOOST SMCI ETF,SD,SD,00/00/0000,SD,SD,9999
4229,1,SNAL,"Snail, Inc. - Class A Common Stock",SD,SD,00/00/0000,SD,SD,9999
4230,1,SNBR,Sleep Number Corporation - Common Stock,SD,SD,00/00/0000,SD,SD,9999
4231,1,SNCR,"Synchronoss Technologies, Inc. - Common Stock",SD,SD,00/00/0000,SD,SD,9999
4232,1,SNCY,"Sun Country Airlines Holdings, Inc. - Common Stock",SD,SD,00/00/0000,SD,SD,9999
4233,1,SND,"Smart Sand, Inc. - Common Stock",SD,SD,00/00/0000,SD,SD,9999
4234,1,SNDK,Sandisk Corporation - Common Stock,SD,SD,00/00/0000,SD,SD,9999
4235,1,SNDL,SNDL Inc. - Common Shares,SD,SD,00/00/0000,SD,SD,9999
4236,1,SNDX,"Syndax Pharmaceuticals, Inc. - Common Stock",SD,SD,00/00/0000,SD,SD,9999
4237,1,SNES,"SenesTech, Inc. - Common Stock",SD,SD,00/00/0000,SD,SD,9999
4238,1,SNEX,StoneX Group Inc. - Common Stock,SD,SD,00/00/0000,SD,SD,9999
4239,1,SNFCA,Security National Financial Corporation - Class A Common Stock,SD,SD,00/00/0000,SD,SD,9999
4240,1,SNGX,"Soligenix, Inc. - Common Stock",SD,SD,00/00/0000,SD,SD,9999
4241,1,SNOA,"Sonoma Pharmaceuticals, Inc. - Common Stock",SD,SD,00/00/0000,SD,SD,9999
4242,1,SNPS,"Synopsys, Inc. - Common Stock",SD,SD,00/00/0000,SD,SD,9999
4243,1,SNSE,"Sensei Biotherapeutics, Inc. - Common Stock",SD,SD,00/00/0000,SD,SD,9999
4244,1,SNSR,Global X Internet of Things ETF,SD,SD,00/00/0000,SD,SD,9999
4245,1,SNT,Senstar Technologies Corporation - Common Shares,SD,SD,00/00/0000,SD,SD,9999
4246,1,SNTG,Sentage Holdings Inc. - Class A Ordinary Shares,SD,SD,00/00/0000,SD,SD,9999
4247,1,SNTI,"Senti Biosciences, Inc.  - Common Stock",SD,SD,00/00/0000,SD,SD,9999
4248,1,SNWV,"SANUWAVE Health, Inc. - Common Stock",SD,SD,00/00/0000,SD,SD,9999
4249,1,SNY,Sanofi - American Depositary Shares,SD,SD,00/00/0000,SD,SD,9999
4250,1,SNYR,Synergy CHC Corp. - Common Stock,SD,SD,00/00/0000,SD,SD,9999
4251,1,SOBR,"SOBR Safe, Inc. - Common Stock",SD,SD,00/00/0000,SD,SD,9999
4252,1,SOCA,Solarius Capital Acquisition Corp. - Class A Ordinary Share,SD,SD,00/00/0000,SD,SD,9999
4253,1,SOCAU,Solarius Capital Acquisition Corp. - Units,SD,SD,00/00/0000,SD,SD,9999
4254,1,SOCAW,Solarius Capital Acquisition Corp. - Warrant,SD,SD,00/00/0000,SD,SD,9999
4255,1,SOCL,Global X Social Media ETF,SD,SD,00/00/0000,SD,SD,9999
4256,1,SOFI,"SoFi Technologies, Inc.  - Common Stock",SD,SD,00/00/0000,SD,SD,9999
4257,1,SOFX,Defiance Daily Target 2X Long SOFI ETF,SD,SD,00/00/0000,SD,SD,9999
4258,1,SOGP,Sound Group Inc. - American Depositary Shares,SD,SD,00/00/0000,SD,SD,9999
4259,1,SOHO,Sotherly Hotels Inc. - Common Stock,SD,SD,00/00/0000,SD,SD,9999
4260,1,SOHOB,Sotherly Hotels Inc. - 8.0% Series B Cumulative Redeemable Perpetual Preferred Stock,SD,SD,00/00/0000,SD,SD,9999
4261,1,SOHON,Sotherly Hotels Inc. - 8.25% Series D Cumulative Redeemable Perpetual Preferred Stock,SD,SD,00/00/0000,SD,SD,9999
4262,1,SOHOO,Sotherly Hotels Inc. - 7.875% Series C Cumulative Redeemable Perpetual Preferred Stock,SD,SD,00/00/0000,SD,SD,9999
4263,1,SOHU,Sohu.com Limited  - American Depositary Shares,SD,SD,00/00/0000,SD,SD,9999
4264,1,SOLSV,Solstice Advanced Materials Inc. - Common Stock When Issued,SD,SD,00/00/0000,SD,SD,9999
4265,1,SOLT,2x Solana ETF,SD,SD,00/00/0000,SD,SD,9999
4266,1,SOLZ,Solana ETF,SD,SD,00/00/0000,SD,SD,9999
4267,1,SOND,Sonder Holdings Inc. - Class A Common Stock,SD,SD,00/00/0000,SD,SD,9999
4268,1,SONDW,Sonder Holdings Inc. - Warrants,SD,SD,00/00/0000,SD,SD,9999
4269,1,SONM,"Sonim Technologies, Inc. - Common Stock",SD,SD,00/00/0000,SD,SD,9999
4270,1,SONN,"Sonnet BioTherapeutics Holdings, Inc. - Common Stock",SD,SD,00/00/0000,SD,SD,9999
4271,1,SONO,"Sonos, Inc. - Common Stock",SD,SD,00/00/0000,SD,SD,9999
4272,1,SOPA,Society Pass Incorporated - Common Stock,SD,SD,00/00/0000,SD,SD,9999
4273,1,SOPH,SOPHiA GENETICS SA - Ordinary Shares,SD,SD,00/00/0000,SD,SD,9999
4274,1,SORA,AsiaStrategy - Ordinary Shares,SD,SD,00/00/0000,SD,SD,9999
4275,1,SOTK,Sono-Tek Corporation - Common Stock,SD,SD,00/00/0000,SD,SD,9999
4276,1,SOUN,"SoundHound AI, Inc. - Class A Common Stock",SD,SD,00/00/0000,SD,SD,9999
4277,1,SOUNW,"SoundHound AI, Inc. - Warrant",SD,SD,00/00/0000,SD,SD,9999
4278,1,SOUX,Defiance Daily Target 2X Long SOUN ETF,SD,SD,00/00/0000,SD,SD,9999
4279,1,SOWG,Sow Good Inc. - Common Stock,SD,SD,00/00/0000,SD,SD,9999
4280,1,SOXQ,Invesco PHLX Semiconductor ETF,SD,SD,00/00/0000,SD,SD,9999
4281,1,SOXX,iShares Semiconductor ETF,SD,SD,00/00/0000,SD,SD,9999
4282,1,SPAI,Safe Pro Group Inc. - Common Stock,SD,SD,00/00/0000,SD,SD,9999
4283,1,SPAM,Themes Cybersecurity ETF,SD,SD,00/00/0000,SD,SD,9999
4284,1,SPAQ,Horizon Kinetics SPAC Active ETF,SD,SD,00/00/0000,SD,SD,9999
4285,1,SPBC,Simplify US Equity PLUS Bitcoin Strategy ETF,SD,SD,00/00/0000,SD,SD,9999
4286,1,SPC,CrossingBridge Pre-Merger SPAC ETF,SD,SD,00/00/0000,SD,SD,9999
4287,1,SPCB,"SuperCom, Ltd. - Ordinary Shares",SD,SD,00/00/0000,SD,SD,9999
4288,1,SPCT,Liberty One Spectrum ETF,SD,SD,00/00/0000,SD,SD,9999
4289,1,SPCX,SPAC and New Issue ETF,SD,SD,00/00/0000,SD,SD,9999
4290,1,SPCY,STKd 100% SMCI & 100% NVDA ETF,SD,SD,00/00/0000,SD,SD,9999
4291,1,SPEG,Silver Pegasus Acquisition Corp - Class A Ordinary Shares,SD,SD,00/00/0000,SD,SD,9999
4292,1,SPEGR,Silver Pegasus Acquisition Corp - Rights,SD,SD,00/00/0000,SD,SD,9999
4293,1,SPEGU,Silver Pegasus Acquisition Corp - Unit,SD,SD,00/00/0000,SD,SD,9999
4294,1,SPFI,"South Plains Financial, Inc. - Common Stock",SD,SD,00/00/0000,SD,SD,9999
4295,1,SPHL,Springview Holdings Ltd - Ordinary shares,SD,SD,00/00/0000,SD,SD,9999
4296,1,SPIT,F/m Emerald Special Situations ETF,SD,SD,00/00/0000,SD,SD,9999
4297,1,SPKL,Spark I Acquisition Corp. - Class A Ordinary Share,SD,SD,00/00/0000,SD,SD,9999
4298,1,SPKLU,Spark I Acquisition Corp. - Unit,SD,SD,00/00/0000,SD,SD,9999
4299,1,SPKLW,Spark I Acquisition Corp. - Warrant,SD,SD,00/00/0000,SD,SD,9999
4300,1,SPNS,Sapiens International Corporation N.V. - Common Shares,SD,SD,00/00/0000,SD,SD,9999
4301,1,SPOK,"Spok Holdings, Inc. - Common Stock",SD,SD,00/00/0000,SD,SD,9999
4302,1,SPPL,SIMPPLE LTD. - Ordinary Shares,SD,SD,00/00/0000,SD,SD,9999
4303,1,SPRB,"Spruce Biosciences, Inc. - Common Stock",SD,SD,00/00/0000,SD,SD,9999
4304,1,SPRC,SciSparc Ltd. - Ordinary Shares,SD,SD,00/00/0000,SD,SD,9999
4305,1,SPRO,"Spero Therapeutics, Inc. - Common Stock",SD,SD,00/00/0000,SD,SD,9999
4306,1,SPRX,Spear Alpha ETF,SD,SD,00/00/0000,SD,SD,9999
4307,1,SPRY,"ARS Pharmaceuticals, Inc. - Common Stock",SD,SD,00/00/0000,SD,SD,9999
4308,1,SPSC,"SPS Commerce, Inc. - Common Stock",SD,SD,00/00/0000,SD,SD,9999
4309,1,SPT,"Sprout Social, Inc - Class A Common Stock",SD,SD,00/00/0000,SD,SD,9999
4310,1,SPWH,"Sportsman's Warehouse Holdings, Inc. - Common Stock",SD,SD,00/00/0000,SD,SD,9999
4311,1,SPWR,SunPower Inc. - Common Stock,SD,SD,00/00/0000,SD,SD,9999
4312,1,SPWRW,SunPower Inc. - Warrant,SD,SD,00/00/0000,SD,SD,9999
4313,1,SPXD,Xtrackers S&P 500 Diversified Sector Weight ETF,SD,SD,00/00/0000,SD,SD,9999
4314,1,SPYQ,Tradr 2X Long SPY Quarterly ETF,SD,SD,00/00/0000,SD,SD,9999
4315,1,SQFT,"Presidio Property Trust, Inc. - Class A Common Stock",SD,SD,00/00/0000,SD,SD,9999
4316,1,SQFTP,"Presidio Property Trust, Inc. - 9.375% Series D Cumulative Redeemable Perpetual Preferred Stock, $0.01 par value per share",SD,SD,00/00/0000,SD,SD,9999
4317,1,SQFTW,"Presidio Property Trust, Inc. - Series A Common Stock Purchase Warrants",SD,SD,00/00/0000,SD,SD,9999
4318,1,SQLV,Royce Quant Small-Cap Quality Value ETF,SD,SD,00/00/0000,SD,SD,9999
4319,1,SQQQ,ProShares UltraPro Short QQQ,SD,SD,00/00/0000,SD,SD,9999
4320,1,SRAD,Sportradar Group AG - Class A Ordinary Shares,SD,SD,00/00/0000,SD,SD,9999
4321,1,SRBK,"SR Bancorp, Inc. - Common stock",SD,SD,00/00/0000,SD,SD,9999
4322,1,SRCE,1st Source Corporation - Common Stock,SD,SD,00/00/0000,SD,SD,9999
4323,1,SRDX,"Surmodics, Inc. - Common Stock",SD,SD,00/00/0000,SD,SD,9999
4324,1,SRET,Global X SuperDividend REIT ETF,SD,SD,00/00/0000,SD,SD,9999
4325,1,SRPT,"Sarepta Therapeutics, Inc. - Common Stock",SD,SD,00/00/0000,SD,SD,9999
4326,1,SRRK,Scholar Rock Holding Corporation - Common Stock,SD,SD,00/00/0000,SD,SD,9999
4327,1,SRTA,"Strata Critical Medical, Inc. - Class A Common Stock",SD,SD,00/00/0000,SD,SD,9999
4328,1,SRTAW,"Strata Critical Medical, Inc. - Warrants",SD,SD,00/00/0000,SD,SD,9999
4329,1,SRTS,"Sensus Healthcare, Inc. - Common Stock",SD,SD,00/00/0000,SD,SD,9999
4330,1,SRZN,"Surrozen, Inc. - Common Stock",SD,SD,00/00/0000,SD,SD,9999
4331,1,SRZNW,"Surrozen, Inc. - Warrant",SD,SD,00/00/0000,SD,SD,9999
4332,1,SSBI,Summit State Bank - Common Stock,SD,SD,00/00/0000,SD,SD,9999
4333,1,SSEA,Starry Sea Acquisition Corp - Ordinary Shares,SD,SD,00/00/0000,SD,SD,9999
4334,1,SSEAR,Starry Sea Acquisition Corp - Rights,SD,SD,00/00/0000,SD,SD,9999
4335,1,SSEAU,Starry Sea Acquisition Corp - Unit,SD,SD,00/00/0000,SD,SD,9999
4336,1,SSII,SS Innovations International Inc. - Common Stock,SD,SD,00/00/0000,SD,SD,9999
4337,1,SSKN,"Strata Skin Sciences, Inc. - Common Stock",SD,SD,00/00/0000,SD,SD,9999
4338,1,SSM,Sono Group N.V. - Ordinary Shares,SD,SD,00/00/0000,SD,SD,9999
4339,1,SSNC,"SS&C Technologies Holdings, Inc. - Common Stock",SD,SD,00/00/0000,SD,SD,9999
4340,1,SSP,E.W. Scripps Company (The) - Class A Common Stock,SD,SD,00/00/0000,SD,SD,9999
4341,1,SSRM,SSR Mining Inc. - Common Stock,SD,SD,00/00/0000,SD,SD,9999
4342,1,SSSS,SuRo Capital Corp. - Closed End Fund,SD,SD,00/00/0000,SD,SD,9999
4343,1,SSSSL,SuRo Capital Corp. - 6.00% Notes due 2026,SD,SD,00/00/0000,SD,SD,9999
4344,1,SSTI,"SoundThinking, Inc. - Common Stock",SD,SD,00/00/0000,SD,SD,9999
4345,1,SSYS,"Stratasys, Ltd. - Common Stock",SD,SD,00/00/0000,SD,SD,9999
4346,1,STAA,STAAR Surgical Company - Common Stock,SD,SD,00/00/0000,SD,SD,9999
4347,1,STAI,ScanTech AI Systems Inc. - Common stock,SD,SD,00/00/0000,SD,SD,9999
4348,1,STAK,STAK Inc. - Class A Ordinary Shares,SD,SD,00/00/0000,SD,SD,9999
4349,1,STBA,"S&T Bancorp, Inc. - Common Stock",SD,SD,00/00/0000,SD,SD,9999
4350,1,STEC,Santech Holdings Limited - American Depositary Shares,SD,SD,00/00/0000,SD,SD,9999
4351,1,STEP,StepStone Group Inc. - Class A Common Stock,SD,SD,00/00/0000,SD,SD,9999
4352,1,STEX,Streamex Corp. - Common Stock,SD,SD,00/00/0000,SD,SD,9999
4353,1,STFS,Star Fashion Culture Holdings Limited - Class A Ordinary Shares,SD,SD,00/00/0000,SD,SD,9999
4354,1,STGW,Stagwell Inc. - Class A Common Stock,SD,SD,00/00/0000,SD,SD,9999
4355,1,STHO,Star Holdings - Shares of Beneficial Interest,SD,SD,00/00/0000,SD,SD,9999
4356,1,STI,"Solidion Technology, Inc. - Common Stock",SD,SD,00/00/0000,SD,SD,9999
4357,1,STIM,"Neuronetics, Inc. - Common Stock",SD,SD,00/00/0000,SD,SD,9999
4358,1,STKE,Sol Strategies Inc. - Common Shares,SD,SD,00/00/0000,SD,SD,9999
4359,1,STKH,Steakholder Foods Ltd. - American Depositary Shares,SD,SD,00/00/0000,SD,SD,9999
4360,1,STKL,"SunOpta, Inc. - Common Stock",SD,SD,00/00/0000,SD,SD,9999
4361,1,STKS,"The ONE Group Hospitality, Inc. - Common Stock",SD,SD,00/00/0000,SD,SD,9999
4362,1,STLD,"Steel Dynamics, Inc. - Common Stock",SD,SD,00/00/0000,SD,SD,9999
4363,1,STNC,Hennessy Sustainable ETF,SD,SD,00/00/0000,SD,SD,9999
4364,1,STNE,StoneCo Ltd. - Class A Common Share,SD,SD,00/00/0000,SD,SD,9999
4365,1,STOK,"Stoke Therapeutics, Inc. - Common Stock",SD,SD,00/00/0000,SD,SD,9999
4366,1,STRA,"Strategic Education, Inc. - Common Stock",SD,SD,00/00/0000,SD,SD,9999
4367,1,STRC,Strategy Inc - Variable Rate Series A Perpetual Stretch Preferred Stock,SD,SD,00/00/0000,SD,SD,9999
4368,1,STRD,Strategy Inc - 10.00% Series A Perpetual Stride Preferred Stock,SD,SD,00/00/0000,SD,SD,9999
4369,1,STRF,Strategy Inc - 10.00% Series A Perpetual Strife Preferred Stock,SD,SD,00/00/0000,SD,SD,9999
4370,1,STRK,Strategy Inc - 8.00% Series A Perpetual Strike Preferred Stock,SD,SD,00/00/0000,SD,SD,9999
4371,1,STRL,"Sterling Infrastructure, Inc. - Common Stock",SD,SD,00/00/0000,SD,SD,9999
4372,1,STRO,"Sutro Biopharma, Inc. - Common Stock",SD,SD,00/00/0000,SD,SD,9999
4373,1,STRR,"Star Equity Holdings, Inc. - Common Stock",SD,SD,00/00/0000,SD,SD,9999
4374,1,STRRP,"Star Equity Holdings, Inc. - 10% Series A Cumulative Perpetual Preferred Stock",SD,SD,00/00/0000,SD,SD,9999
4375,1,STRS,Stratus Properties Inc. - Common Stock,SD,SD,00/00/0000,SD,SD,9999
4376,1,STRT,STRATTEC SECURITY CORPORATION - Common Stock,SD,SD,00/00/0000,SD,SD,9999
4377,1,STRZ,Starz Entertainment Corp. - Common Shares,SD,SD,00/00/0000,SD,SD,9999
4378,1,STSS,Sharps Technology Inc. - Common Stock,SD,SD,00/00/0000,SD,SD,9999
4379,1,STSSW,Sharps Technology Inc. - Warrant,SD,SD,00/00/0000,SD,SD,9999
4380,1,STTK,"Shattuck Labs, Inc. - Common Stock",SD,SD,00/00/0000,SD,SD,9999
4381,1,STX,Seagate Technology Holdings PLC - Ordinary Shares (Ireland),SD,SD,00/00/0000,SD,SD,9999
4382,1,SUGP,SU Group Holdings Limited - Ordinary Shares,SD,SD,00/00/0000,SD,SD,9999
4383,1,SUIG,Sui Group Holdings Limited - Common Stock,SD,SD,00/00/0000,SD,SD,9999
4384,1,SUNE,"SUNation Energy, Inc. - Common Stock",SD,SD,00/00/0000,SD,SD,9999
4385,1,SUNS,"Sunrise Realty Trust, Inc. - Common Stock",SD,SD,00/00/0000,SD,SD,9999
4386,1,SUPN,"Supernus Pharmaceuticals, Inc. - Common Stock",SD,SD,00/00/0000,SD,SD,9999
4387,1,SUPP,TCW Transform Supply Chain ETF,SD,SD,00/00/0000,SD,SD,9999
4388,1,SUPX,SuperX AI Technology Limited - Ordinary Shares,SD,SD,00/00/0000,SD,SD,9999
4389,1,SURG,"SurgePays, Inc. - Common Stock",SD,SD,00/00/0000,SD,SD,9999
4390,1,SUSB,iShares ESG Aware 1-5 Year USD Corporate Bond ETF,SD,SD,00/00/0000,SD,SD,9999
4391,1,SUSC,iShares ESG Aware USD Corporate Bond ETF,SD,SD,00/00/0000,SD,SD,9999
4392,1,SUSL,iShares ESG MSCI USA Leaders ETF,SD,SD,00/00/0000,SD,SD,9999
4393,1,SUUN,PowerBank Corporation - Common Stock,SD,SD,00/00/0000,SD,SD,9999
4394,1,SVA,"Sinovac Biotech, Ltd. - Ordinary Shares (Antigua/Barbudo)",SD,SD,00/00/0000,SD,SD,9999
4395,1,SVAC,Spring Valley Acquisition Corp. III - Class A Ordinary Shares,SD,SD,00/00/0000,SD,SD,9999
4396,1,SVACU,Spring Valley Acquisition Corp. III - Unit,SD,SD,00/00/0000,SD,SD,9999
4397,1,SVACW,Spring Valley Acquisition Corp. III - Warrant,SD,SD,00/00/0000,SD,SD,9999
4398,1,SVC,Service Properties Trust - Shares of Beneficial Interest,SD,SD,00/00/0000,SD,SD,9999
4399,1,SVCC,Stellar V Capital Corp. - Class A Ordinary Shares,SD,SD,00/00/0000,SD,SD,9999
4400,1,SVCCU,Stellar V Capital Corp. - Unit,SD,SD,00/00/0000,SD,SD,9999
4401,1,SVCCW,Stellar V Capital Corp. - Warrant,SD,SD,00/00/0000,SD,SD,9999
4402,1,SVCO,"Silvaco Group, Inc. - Common Stock",SD,SD,00/00/0000,SD,SD,9999
4403,1,SVRA,"Savara, Inc. - Common Stock",SD,SD,00/00/0000,SD,SD,9999
4404,1,SVRE,SaverOne 2014 Ltd. - American Depositary Shares,SD,SD,00/00/0000,SD,SD,9999
4405,1,SVREW,SaverOne 2014 Ltd. - Warrant,SD,SD,00/00/0000,SD,SD,9999
4406,1,SWAG,"Stran & Company, Inc. - Common Stock",SD,SD,00/00/0000,SD,SD,9999
4407,1,SWAGW,"Stran & Company, Inc. - Warrant",SD,SD,00/00/0000,SD,SD,9999
4408,1,SWBI,"Smith & Wesson Brands, Inc. - Common Stock",SD,SD,00/00/0000,SD,SD,9999
4409,1,SWIM,"Latham Group, Inc. - Common Stock",SD,SD,00/00/0000,SD,SD,9999
4410,1,SWKH,SWK Holdings Corporation - Common Stock,SD,SD,00/00/0000,SD,SD,9999
4411,1,SWKHL,SWK Holdings Corporation - 9.00% Senior Notes due 2027,SD,SD,00/00/0000,SD,SD,9999
4412,1,SWKS,"Skyworks Solutions, Inc. - Common Stock",SD,SD,00/00/0000,SD,SD,9999
4413,1,SWP,SWP Growth & Income ETF,SD,SD,00/00/0000,SD,SD,9999
4414,1,SWVL,Swvl Holdings Corp - Ordinary Shares,SD,SD,00/00/0000,SD,SD,9999
4415,1,SWVLW,Swvl Holdings Corp - Warrant,SD,SD,00/00/0000,SD,SD,9999
4416,1,SXTC,"China SXT Pharmaceuticals, Inc. - Common Stock",SD,SD,00/00/0000,SD,SD,9999
4417,1,SXTP,"60 Degrees Pharmaceuticals, Inc. - Common Stock",SD,SD,00/00/0000,SD,SD,9999
4418,1,SXTPW,"60 Degrees Pharmaceuticals, Inc. - Warrant",SD,SD,00/00/0000,SD,SD,9999
4419,1,SY,So-Young International Inc. - American Depository Shares,SD,SD,00/00/0000,SD,SD,9999
4420,1,SYBT,"Stock Yards Bancorp, Inc. - Common Stock",SD,SD,00/00/0000,SD,SD,9999
4421,1,SYBX,"Synlogic, Inc. - Common Stock",SD,SD,00/00/0000,SD,SD,9999
4422,1,SYM,Symbotic Inc. - Class A Common Stock,SD,SD,00/00/0000,SD,SD,9999
4423,1,SYNA,Synaptics Incorporated - Common Stock,SD,SD,00/00/0000,SD,SD,9999
4424,1,SYPR,"Sypris Solutions, Inc. - Common Stock",SD,SD,00/00/0000,SD,SD,9999
4425,1,SYRE,"Spyre Therapeutics, Inc. - Common Stock",SD,SD,00/00/0000,SD,SD,9999
4426,1,SYZ,Lazard US Systematic Small Cap Equity ETF,SD,SD,00/00/0000,SD,SD,9999
4427,1,SZZL,Sizzle Acquisition Corp. II - Class A ordinary shares,SD,SD,00/00/0000,SD,SD,9999
4428,1,SZZLR,Sizzle Acquisition Corp. II - Right,SD,SD,00/00/0000,SD,SD,9999
4429,1,SZZLU,Sizzle Acquisition Corp. II - Unit,SD,SD,00/00/0000,SD,SD,9999
4430,1,TACH,Titan Acquisition Corp. - Class A Ordinary Shares,SD,SD,00/00/0000,SD,SD,9999
4431,1,TACHU,Titan Acquisition Corp. - Units,SD,SD,00/00/0000,SD,SD,9999
4432,1,TACHW,Titan Acquisition Corp. - Warrants,SD,SD,00/00/0000,SD,SD,9999
4433,1,TACO,Berto Acquisition Corp. - Ordinary Shares,SD,SD,00/00/0000,SD,SD,9999
4434,1,TACOU,Berto Acquisition Corp. - unit,SD,SD,00/00/0000,SD,SD,9999
4435,1,TACOW,Berto Acquisition Corp. - Warrant,SD,SD,00/00/0000,SD,SD,9999
4436,1,TACT,TransAct Technologies Incorporated - Common Stock,SD,SD,00/00/0000,SD,SD,9999
4437,1,TAIT,Taitron Components Incorporated - Class A Common Stock,SD,SD,00/00/0000,SD,SD,9999
4438,1,TALK,"Talkspace, Inc. - Common Stock",SD,SD,00/00/0000,SD,SD,9999
4439,1,TALKW,"Talkspace, Inc. - Warrant",SD,SD,00/00/0000,SD,SD,9999
4440,1,TANH,Tantech Holdings Ltd. - Common Shares,SD,SD,00/00/0000,SD,SD,9999
4441,1,TAOP,Taoping Inc. - Ordinary Shares,SD,SD,00/00/0000,SD,SD,9999
4442,1,TAOX,Tao Synergies Inc. - Common Stock,SD,SD,00/00/0000,SD,SD,9999
4443,1,TARA,"Protara Therapeutics, Inc.  - Common Stock",SD,SD,00/00/0000,SD,SD,9999
4444,1,TARK,Tradr 2X Long Innovation ETF,SD,SD,00/00/0000,SD,SD,9999
4445,1,TARS,"Tarsus Pharmaceuticals, Inc. - Common Stock",SD,SD,00/00/0000,SD,SD,9999
4446,1,TASK,"TaskUs, Inc. - Class A Common Stock",SD,SD,00/00/0000,SD,SD,9999
4447,1,TATT,TAT Technologies Ltd. - Ordinary Shares,SD,SD,00/00/0000,SD,SD,9999
4448,1,TAVI,Tavia Acquisition Corp. - Ordinary Shares,SD,SD,00/00/0000,SD,SD,9999
4449,1,TAVIR,Tavia Acquisition Corp. - Right,SD,SD,00/00/0000,SD,SD,9999
4450,1,TAVIU,Tavia Acquisition Corp. - Unit,SD,SD,00/00/0000,SD,SD,9999
4451,1,TAX,Cambria Tax Aware ETF,SD,SD,00/00/0000,SD,SD,9999
4452,1,TAXE,Intermediate Municipal Income ETF,SD,SD,00/00/0000,SD,SD,9999
4453,1,TAXI,Northern Trust Intermediate Tax-Exempt Bond ETF,SD,SD,00/00/0000,SD,SD,9999
4454,1,TAXS,Northern Trust Short-Term Tax-Exempt Bond ETF,SD,SD,00/00/0000,SD,SD,9999
4455,1,TAXT,Northern Trust Tax-Exempt Bond ETF,SD,SD,00/00/0000,SD,SD,9999
4456,1,TAYD,"Taylor Devices, Inc. - Common Stock",SD,SD,00/00/0000,SD,SD,9999
4457,1,TBBK,"The Bancorp, Inc. - Common Stock",SD,SD,00/00/0000,SD,SD,9999
4458,1,TBCH,Turtle Beach Corporation - Common Stock,SD,SD,00/00/0000,SD,SD,9999
4459,1,TBH,"Brag House Holdings, Inc. - Common Stock",SD,SD,00/00/0000,SD,SD,9999
4460,1,TBHC,"The Brand House Collective, Inc - Common Stock",SD,SD,00/00/0000,SD,SD,9999
4461,1,TBIL,US Treasury 3 Month Bill ETF,SD,SD,00/00/0000,SD,SD,9999
4462,1,TBLA,Taboola.com Ltd. - Ordinary Shares,SD,SD,00/00/0000,SD,SD,9999
4463,1,TBLAW,Taboola.com Ltd. - Warrant,SD,SD,00/00/0000,SD,SD,9999
4464,1,TBLD,Thornburg Income Builder Opportunities Trust - Closed End Fund,SD,SD,00/00/0000,SD,SD,9999
4465,1,TBMC,Trailblazer Merger Corporation I - Class A Common Stock,SD,SD,00/00/0000,SD,SD,9999
4466,1,TBMCR,Trailblazer Merger Corporation I - Rights,SD,SD,00/00/0000,SD,SD,9999
4467,1,TBPH,"Theravance Biopharma, Inc. - Ordinary Shares",SD,SD,00/00/0000,SD,SD,9999
4468,1,TBRG,"TruBridge, Inc. - Common Stock",SD,SD,00/00/0000,SD,SD,9999
4469,1,TC,Token Cat Limited - American Depositary Shares,SD,SD,00/00/0000,SD,SD,9999
4470,1,TCBI,"Texas Capital Bancshares, Inc. - Common Stock",SD,SD,00/00/0000,SD,SD,9999
4471,1,TCBIO,"Texas Capital Bancshares, Inc. - Depositary Shares 5.75% Fixed Rate Non-Cumulative Perpetual Preferred Stock Series B",SD,SD,00/00/0000,SD,SD,9999
4472,1,TCBK,TriCo Bancshares - Common Stock,SD,SD,00/00/0000,SD,SD,9999
4473,1,TCBS,"Texas Community Bancshares, Inc. - Common Stock",SD,SD,00/00/0000,SD,SD,9999
4474,1,TCHI,iShares MSCI China Multisector Tech ETF,SD,SD,00/00/0000,SD,SD,9999
4475,1,TCMD,"Tactile Systems Technology, Inc. - Common Stock",SD,SD,00/00/0000,SD,SD,9999
4476,1,TCOM,Trip.com Group Limited - American Depositary Shares,SD,SD,00/00/0000,SD,SD,9999
4477,1,TCPC,BlackRock TCP Capital Corp. - Closed End Fund,SD,SD,00/00/0000,SD,SD,9999
4478,1,TCRT,"Alaunos Therapeutics, Inc. - Common Stock",SD,SD,00/00/0000,SD,SD,9999
4479,1,TCRX,"TScan Therapeutics, Inc. - Common Stock",SD,SD,00/00/0000,SD,SD,9999
4480,1,TCX,Tucows Inc. - Common Stock,SD,SD,00/00/0000,SD,SD,9999
4481,1,TDAC,Translational Development Acquisition Corp. - Ordinary Shares,SD,SD,00/00/0000,SD,SD,9999
4482,1,TDACU,Translational Development Acquisition Corp. - Units,SD,SD,00/00/0000,SD,SD,9999
4483,1,TDACW,Translational Development Acquisition Corp. - Warrants,SD,SD,00/00/0000,SD,SD,9999
4484,1,TDI,Touchstone Dynamic International ETF,SD,SD,00/00/0000,SD,SD,9999
4485,1,TDIC,Dreamland Limited - Class A Ordinary Shares,SD,SD,00/00/0000,SD,SD,9999
4486,1,TDIV,First Trust NASDAQ Technology Dividend Index Fund,SD,SD,00/00/0000,SD,SD,9999
4487,1,TDSB,ETC Cabana Target Beta ETF,SD,SD,00/00/0000,SD,SD,9999
4488,1,TDSC,ETC Cabana Target Drawdown 10 ETF,SD,SD,00/00/0000,SD,SD,9999
4489,1,TDTH,Trident Digital Tech Holdings Ltd - American Depository Shares,SD,SD,00/00/0000,SD,SD,9999
4490,1,TDUP,ThredUp Inc. - Class A Common Stock,SD,SD,00/00/0000,SD,SD,9999
4491,1,TEAD,Teads Holding Co. - Common Stock,SD,SD,00/00/0000,SD,SD,9999
4492,1,TEAM,Atlassian Corporation  - Class A Common Stock,SD,SD,00/00/0000,SD,SD,9999
4493,1,TECH,Bio-Techne Corp - Common Stock,SD,SD,00/00/0000,SD,SD,9999
4494,1,TECTP,"Tectonic Financial, Inc. - 9.00% Fixed-to-Floating Rate Series B Non-Cumulative Perpetual Preferred Stock",SD,SD,00/00/0000,SD,SD,9999
4495,1,TECX,"Tectonic Therapeutic, Inc. - Common Stock",SD,SD,00/00/0000,SD,SD,9999
4496,1,TEKX,SPDR Galaxy Transformative Tech Accelerators ETF,SD,SD,00/00/0000,SD,SD,9999
4497,1,TEKY,Lazard Next Gen Technologies ETF,SD,SD,00/00/0000,SD,SD,9999
4498,1,TELA,"TELA Bio, Inc. - Common stock",SD,SD,00/00/0000,SD,SD,9999
4499,1,TELO,"Telomir Pharmaceuticals, Inc. - Common Stock",SD,SD,00/00/0000,SD,SD,9999
4500,1,TEM,"Tempus AI, Inc. - Class A Common Stock",SD,SD,00/00/0000,SD,SD,9999
4501,1,TENB,"Tenable Holdings, Inc. - Common Stock",SD,SD,00/00/0000,SD,SD,9999
4502,1,TENX,"Tenax Therapeutics, Inc. - Common Stock",SD,SD,00/00/0000,SD,SD,9999
4503,1,TER,"Teradyne, Inc. - Common Stock",SD,SD,00/00/0000,SD,SD,9999
4504,1,TERN,"Terns Pharmaceuticals, Inc. - Common Stock",SD,SD,00/00/0000,SD,SD,9999
4505,1,TEXN,iShares Texas Equity ETF,SD,SD,00/00/0000,SD,SD,9999
4506,1,TFNS,T. Rowe Price Financials ETF,SD,SD,00/00/0000,SD,SD,9999
4507,1,TFSL,TFS Financial Corporation - Common Stock,SD,SD,00/00/0000,SD,SD,9999
4508,1,TGHL,The GrowHub Limited - Class A Ordinary Shares,SD,SD,00/00/0000,SD,SD,9999
4509,1,TGL,Treasure Global Inc. - Common Stock,SD,SD,00/00/0000,SD,SD,9999
4510,1,TGTX,"TG Therapeutics, Inc. - Common Stock",SD,SD,00/00/0000,SD,SD,9999
4511,1,TH,Target Hospitality Corp. - Common Stock,SD,SD,00/00/0000,SD,SD,9999
4512,1,THAR,"Tharimmune, Inc. - Common Stock",SD,SD,00/00/0000,SD,SD,9999
4513,1,THCH,TH International Limited - Ordinary shares,SD,SD,00/00/0000,SD,SD,9999
4514,1,THFF,First Financial Corporation  - Common Stock,SD,SD,00/00/0000,SD,SD,9999
4515,1,THH,TryHard Holdings Limited - Ordinary Shares,SD,SD,00/00/0000,SD,SD,9999
4516,1,THMZ,Lazard Equity Megatrends ETF,SD,SD,00/00/0000,SD,SD,9999
4517,1,THRM,Gentherm Inc - Common Stock,SD,SD,00/00/0000,SD,SD,9999
4518,1,THRV,Prospera Income ETF,SD,SD,00/00/0000,SD,SD,9999
4519,1,THRY,"Thryv Holdings, Inc. - Common Stock",SD,SD,00/00/0000,SD,SD,9999
4520,1,TIGO,Millicom International Cellular S.A. - Common Stock,SD,SD,00/00/0000,SD,SD,9999
4521,1,TIGR,UP Fintech Holding Limited - American Depositary Shares representing fifteen Class A Ordinary Shares,SD,SD,00/00/0000,SD,SD,9999
4522,1,TIL,"Instil Bio, Inc. - Common Stock",SD,SD,00/00/0000,SD,SD,9999
4523,1,TILE,"Interface, Inc. - Common Stock",SD,SD,00/00/0000,SD,SD,9999
4524,1,TIPT,Tiptree Inc. - Common Stock,SD,SD,00/00/0000,SD,SD,9999
4525,1,TIRX,TIAN RUIXIANG Holdings Ltd - Class A Ordinary Shares,SD,SD,00/00/0000,SD,SD,9999
4526,1,TITN,Titan Machinery Inc. - Common Stock,SD,SD,00/00/0000,SD,SD,9999
4527,1,TIVC,"Tivic Health Systems, Inc. - Common stock",SD,SD,00/00/0000,SD,SD,9999
4528,1,TKLF,"Tokyo Lifestyle Co., Ltd. - American Depositary Shares",SD,SD,00/00/0000,SD,SD,9999
4529,1,TKNO,"Alpha Teknova, Inc. - Common Stock",SD,SD,00/00/0000,SD,SD,9999
4530,1,TLF,"Tandy Leather Factory, Inc. - common stock",SD,SD,00/00/0000,SD,SD,9999
4531,1,TLIH,Ten-League International Holdings Limited - Ordinary Shares,SD,SD,00/00/0000,SD,SD,9999
4532,1,TLN,Talen Energy Corporation - Common Stock,SD,SD,00/00/0000,SD,SD,9999
4533,1,TLNC,Talon Capital Corp. - Class A Ordinary Shares,SD,SD,00/00/0000,SD,SD,9999
4534,1,TLNCU,Talon Capital Corp. - Units,SD,SD,00/00/0000,SD,SD,9999
4535,1,TLNCW,Talon Capital Corp. - Warrants,SD,SD,00/00/0000,SD,SD,9999
4536,1,TLPH,"Talphera, Inc. - Common Stock",SD,SD,00/00/0000,SD,SD,9999
4537,1,TLRY,"Tilray Brands, Inc. - Common Stock",SD,SD,00/00/0000,SD,SD,9999
4538,1,TLS,Telos Corporation - Common Stock,SD,SD,00/00/0000,SD,SD,9999
4539,1,TLSA,Tiziana Life Sciences Ltd - Common Shares,SD,SD,00/00/0000,SD,SD,9999
4540,1,TLSI,"TriSalus Life Sciences, Inc. - Common Stock",SD,SD,00/00/0000,SD,SD,9999
4541,1,TLSIW,"TriSalus Life Sciences, Inc. - Warrant",SD,SD,00/00/0000,SD,SD,9999
4542,1,TLT,iShares 20+ Year Treasury Bond ETF,SD,SD,00/00/0000,SD,SD,9999
4543,1,TLX,Telix Pharmaceuticals Limited - American Depositary Shares,SD,SD,00/00/0000,SD,SD,9999
4544,1,TMB,Thornburg Multi Sector Bond ETF,SD,SD,00/00/0000,SD,SD,9999
4545,1,TMC,TMC the metals company Inc. - Common Stock,SD,SD,00/00/0000,SD,SD,9999
4546,1,TMCI,"Treace Medical Concepts, Inc. - Common Stock",SD,SD,00/00/0000,SD,SD,9999
4547,1,TMCWW,TMC the metals company Inc. - Warrant,SD,SD,00/00/0000,SD,SD,9999
4548,1,TMDX,"TransMedics Group, Inc. - Common Stock",SD,SD,00/00/0000,SD,SD,9999
4549,1,TMED,T. Rowe Price Health Care ETF,SD,SD,00/00/0000,SD,SD,9999
4550,1,TMET,iShares Transition-Enabling Metals ETF,SD,SD,00/00/0000,SD,SD,9999
4551,1,TMUS,"T-Mobile US, Inc. - Common Stock",SD,SD,00/00/0000,SD,SD,9999
4552,1,TMUSI,"T-Mobile US, Inc. - 5.500% Senior Notes due June 2070",SD,SD,00/00/0000,SD,SD,9999
4553,1,TMUSL,"T-Mobile US, Inc. - 6.250% Senior Notes due 2069",SD,SD,00/00/0000,SD,SD,9999
4554,1,TMUSZ,"T-Mobile US, Inc. - 5.500% Senior Notes due March 2070",SD,SD,00/00/0000,SD,SD,9999
4555,1,TNDM,"Tandem Diabetes Care, Inc. - Common Stock",SD,SD,00/00/0000,SD,SD,9999
4556,1,TNGX,"Tango Therapeutics, Inc. - Common Stock",SD,SD,00/00/0000,SD,SD,9999
4557,1,TNMG,TNL Mediagene - Ordinary Shares,SD,SD,00/00/0000,SD,SD,9999
4558,1,TNON,"Tenon Medical, Inc. - Common Stock",SD,SD,00/00/0000,SD,SD,9999
4559,1,TNONW,"Tenon Medical, Inc. - Warrant",SD,SD,00/00/0000,SD,SD,9999
4560,1,TNXP,Tonix Pharmaceuticals Holding Corp. - Common Stock,SD,SD,00/00/0000,SD,SD,9999
4561,1,TNYA,"Tenaya Therapeutics, Inc. - Common Stock",SD,SD,00/00/0000,SD,SD,9999
4562,1,TOI,"The Oncology Institute, Inc. - Common Stock",SD,SD,00/00/0000,SD,SD,9999
4563,1,TOIIW,"The Oncology Institute, Inc. - Warrant",SD,SD,00/00/0000,SD,SD,9999
4564,1,TOMZ,"TOMI Environmental Solutions, Inc. - Common Stock",SD,SD,00/00/0000,SD,SD,9999
4565,1,TONX,TON Strategy Company - Common Stock,SD,SD,00/00/0000,SD,SD,9999
4566,1,TOP,TOP Financial Group Limited - Class A Ordinary Shares,SD,SD,00/00/0000,SD,SD,9999
4567,1,TORO,Toro Corp. - Common stock,SD,SD,00/00/0000,SD,SD,9999
4568,1,TOUR,Tuniu Corporation - American Depositary Shares,SD,SD,00/00/0000,SD,SD,9999
4569,1,TOWN,Towne Bank - Common Stock,SD,SD,00/00/0000,SD,SD,9999
4570,1,TOYO,"TOYO Co., Ltd - Ordinary Shares",SD,SD,00/00/0000,SD,SD,9999
4571,1,TPCS,TechPrecision Corporation - Common stock,SD,SD,00/00/0000,SD,SD,9999
4572,1,TPG,TPG Inc. - Class A Common Stock,SD,SD,00/00/0000,SD,SD,9999
4573,1,TPGXL,TPG Inc. - 6.950% Fixed-Rate Junior Subordinated Notes due 2064,SD,SD,00/00/0000,SD,SD,9999
4574,1,TPLS,Thornburg Core Plus Bond ETF,SD,SD,00/00/0000,SD,SD,9999
4575,1,TPST,"Tempest Therapeutics, Inc. - Common Stock",SD,SD,00/00/0000,SD,SD,9999
4576,1,TQQQ,ProShares UltraPro QQQ,SD,SD,00/00/0000,SD,SD,9999
4577,1,TQQY,GraniteShares YieldBOOST QQQ ETF,SD,SD,00/00/0000,SD,SD,9999
4578,1,TRAW,"Traws Pharma, Inc. - Common Stock",SD,SD,00/00/0000,SD,SD,9999
4579,1,TRBF,Angel Oak Total Return ETF,SD,SD,00/00/0000,SD,SD,9999
4580,1,TRDA,"Entrada Therapeutics, Inc. - Common Stock",SD,SD,00/00/0000,SD,SD,9999
4581,1,TREE,"LendingTree, Inc. - Common Stock",SD,SD,00/00/0000,SD,SD,9999
4582,1,TRI,Thomson Reuters Corp - Common Shares,SD,SD,00/00/0000,SD,SD,9999
4583,1,TRIB,Trinity Biotech plc - American Depositary Shares,SD,SD,00/00/0000,SD,SD,9999
4584,1,TRIL,Defiance Trillion Dollar Club Index ETF,SD,SD,00/00/0000,SD,SD,9999
4585,1,TRIN,Trinity Capital Inc. - Common Stock,SD,SD,00/00/0000,SD,SD,9999
4586,1,TRINI,Trinity Capital Inc. - 7.875% Notes Due 2029,SD,SD,00/00/0000,SD,SD,9999
4587,1,TRINZ,Trinity Capital Inc. - 7.875% Notes due 2029,SD,SD,00/00/0000,SD,SD,9999
4588,1,TRIP,"TripAdvisor, Inc. - Common Stock",SD,SD,00/00/0000,SD,SD,9999
4589,1,TRMB,Trimble Inc. - Common Stock,SD,SD,00/00/0000,SD,SD,9999
4590,1,TRMD,TORM plc - Class A Common Stock,SD,SD,00/00/0000,SD,SD,9999
4591,1,TRMK,Trustmark Corporation - Common Stock,SD,SD,00/00/0000,SD,SD,9999
4592,1,TRML,"Tourmaline Bio, Inc.  - Common Stock",SD,SD,00/00/0000,SD,SD,9999
4593,1,TRNR,Interactive Strength Inc. - Common Stock,SD,SD,00/00/0000,SD,SD,9999
4594,1,TRNS,"Transcat, Inc. - Common Stock",SD,SD,00/00/0000,SD,SD,9999
4595,1,TRON,Tron Inc. - Common Stock,SD,SD,00/00/0000,SD,SD,9999
4596,1,TROO,"TROOPS, Inc.  - Ordinary Shares",SD,SD,00/00/0000,SD,SD,9999
4597,1,TROW,"T. Rowe Price Group, Inc. - Common Stock",SD,SD,00/00/0000,SD,SD,9999
4598,1,TRS,TriMas Corporation - Common Stock,SD,SD,00/00/0000,SD,SD,9999
4599,1,TRSG,Tungray Technologies Inc - Class A Ordinary Shares,SD,SD,00/00/0000,SD,SD,9999
4600,1,TRST,TrustCo Bank Corp NY - Common Stock,SD,SD,00/00/0000,SD,SD,9999
4601,1,TRUD,VanEck Consumer Discretionary TruSector ETF,SD,SD,00/00/0000,SD,SD,9999
4602,1,TRUE,"TrueCar, Inc. - Common Stock",SD,SD,00/00/0000,SD,SD,9999
4603,1,TRUG,"TruGolf Holdings, Inc. - Class A Common Stock",SD,SD,00/00/0000,SD,SD,9999
4604,1,TRUP,"Trupanion, Inc. - Common Stock",SD,SD,00/00/0000,SD,SD,9999
4605,1,TRUT,VanEck Technology TruSector ETF,SD,SD,00/00/0000,SD,SD,9999
4606,1,TRVG,trivago N.V. - American Depositary Shares,SD,SD,00/00/0000,SD,SD,9999
4607,1,TRVI,"Trevi Therapeutics, Inc. - Common Stock",SD,SD,00/00/0000,SD,SD,9999
4608,1,TSAT,Telesat Corporation - Class A Common Shares and Class B Variable Voting Shares,SD,SD,00/00/0000,SD,SD,9999
4609,1,TSBK,"Timberland Bancorp, Inc. - Common Stock",SD,SD,00/00/0000,SD,SD,9999
4610,1,TSCO,Tractor Supply Company - Common Stock,SD,SD,00/00/0000,SD,SD,9999
4611,1,TSDD,GraniteShares 2x Short TSLA Daily ETF,SD,SD,00/00/0000,SD,SD,9999
4612,1,TSEL,Touchstone Sands Capital US Select Growth ETF,SD,SD,00/00/0000,SD,SD,9999
4613,1,TSEM,Tower Semiconductor Ltd. - Ordinary Shares,SD,SD,00/00/0000,SD,SD,9999
4614,1,TSHA,"Taysha Gene Therapies, Inc. - Common Stock",SD,SD,00/00/0000,SD,SD,9999
4615,1,TSL,GraniteShares 1.25x Long TSLA Daily ETF,SD,SD,00/00/0000,SD,SD,9999
4616,1,TSLA,"Tesla, Inc.  - Common Stock",SD,SD,00/00/0000,SD,SD,9999
4617,1,TSLG,Leverage Shares 2X Long TSLA Daily ETF,SD,SD,00/00/0000,SD,SD,9999
4618,1,TSLL,Direxion Daily TSLA Bull 2X Shares,SD,SD,00/00/0000,SD,SD,9999
4619,1,TSLQ,Tradr 2X Short TSLA Daily ETF,SD,SD,00/00/0000,SD,SD,9999
4620,1,TSLR,GraniteShares 2x Long TSLA Daily ETF,SD,SD,00/00/0000,SD,SD,9999
4621,1,TSLS,Direxion Daily TSLA Bear 1X Shares,SD,SD,00/00/0000,SD,SD,9999
4622,1,TSMG,Leverage Shares 2X Long TSM Daily ETF,SD,SD,00/00/0000,SD,SD,9999
4623,1,TSMU,GraniteShares 2x Long TSM Daily ETF,SD,SD,00/00/0000,SD,SD,9999
4624,1,TSMX,Direxion Daily TSM Bull 2X Shares,SD,SD,00/00/0000,SD,SD,9999
4625,1,TSMZ,Direxion Daily TSM Bear 1X Shares,SD,SD,00/00/0000,SD,SD,9999
4626,1,TSPY,TappAlpha SPY Growth & Daily Income ETF,SD,SD,00/00/0000,SD,SD,9999
4627,1,TSSI,"TSS, Inc. - Common Stock",SD,SD,00/00/0000,SD,SD,9999
4628,1,TSYY,GraniteShares YieldBOOST TSLA ETF,SD,SD,00/00/0000,SD,SD,9999
4629,1,TTAN,"ServiceTitan, Inc. - Class A Common Stock",SD,SD,00/00/0000,SD,SD,9999
4630,1,TTD,"The Trade Desk, Inc. - Class A Common Stock",SD,SD,00/00/0000,SD,SD,9999
4631,1,TTEC,"TTEC Holdings, Inc. - Common Stock",SD,SD,00/00/0000,SD,SD,9999
4632,1,TTEK,"Tetra Tech, Inc. - Common Stock",SD,SD,00/00/0000,SD,SD,9999
4633,1,TTEQ,T. Rowe Price Technology ETF,SD,SD,00/00/0000,SD,SD,9999
4634,1,TTGT,"TechTarget, Inc. - Common Stock",SD,SD,00/00/0000,SD,SD,9999
4635,1,TTMI,"TTM Technologies, Inc. - Common Stock",SD,SD,00/00/0000,SD,SD,9999
4636,1,TTRX,Turn Therapeutics Inc. - Common Stock,SD,SD,00/00/0000,SD,SD,9999
4637,1,TTSH,"Tile Shop Holdings, Inc. - Common Stock",SD,SD,00/00/0000,SD,SD,9999
4638,1,TTWO,"Take-Two Interactive Software, Inc. - Common Stock",SD,SD,00/00/0000,SD,SD,9999
4639,1,TUG,STF Tactical Growth ETF,SD,SD,00/00/0000,SD,SD,9999
4640,1,TUGN,STF Tactical Growth & Income ETF,SD,SD,00/00/0000,SD,SD,9999
4641,1,TUR,iShares MSCI Turkey ETF,SD,SD,00/00/0000,SD,SD,9999
4642,1,TURB,"Turbo Energy, S.A. - American Depositary Shares",SD,SD,00/00/0000,SD,SD,9999
4643,1,TURF,T. Rowe Price Natural Resources ETF,SD,SD,00/00/0000,SD,SD,9999
4644,1,TUSK,"Mammoth Energy Services, Inc. - Common Stock",SD,SD,00/00/0000,SD,SD,9999
4645,1,TVA,Texas Ventures Acquisition III Corp - Class A Ordinary Share,SD,SD,00/00/0000,SD,SD,9999
4646,1,TVACU,Texas Ventures Acquisition III Corp - Unit,SD,SD,00/00/0000,SD,SD,9999
4647,1,TVACW,Texas Ventures Acquisition III Corp - Warrants,SD,SD,00/00/0000,SD,SD,9999
4648,1,TVAI,Thayer Ventures Acquisition Corporation II - Class A Ordinary Shares,SD,SD,00/00/0000,SD,SD,9999
4649,1,TVAIR,Thayer Ventures Acquisition Corporation II - Rights,SD,SD,00/00/0000,SD,SD,9999
4650,1,TVAIU,Thayer Ventures Acquisition Corporation II - Unit,SD,SD,00/00/0000,SD,SD,9999
4651,1,TVGN,Tevogen Bio Holdings Inc. - Common Stock,SD,SD,00/00/0000,SD,SD,9999
4652,1,TVGNW,Tevogen Bio Holdings Inc. - Warrant,SD,SD,00/00/0000,SD,SD,9999
4653,1,TVRD,"Tvardi Therapeutics, Inc. - Common Stock",SD,SD,00/00/0000,SD,SD,9999
4654,1,TVTX,"Travere Therapeutics, Inc. - Common Stock",SD,SD,00/00/0000,SD,SD,9999
4655,1,TW,Tradeweb Markets Inc. - Class A Common Stock,SD,SD,00/00/0000,SD,SD,9999
4656,1,TWFG,"TWFG, Inc. - Common Stock",SD,SD,00/00/0000,SD,SD,9999
4657,1,TWG,Top Wealth Group Holding Limited - Class A Ordinary Shares,SD,SD,00/00/0000,SD,SD,9999
4658,1,TWIN,"Twin Disc, Incorporated - Common Stock",SD,SD,00/00/0000,SD,SD,9999
4659,1,TWNP,Twin Hospitality Group Inc. - Class A Common Stock,SD,SD,00/00/0000,SD,SD,9999
4660,1,TWST,Twist Bioscience Corporation - Common Stock,SD,SD,00/00/0000,SD,SD,9999
4661,1,TXG,"10x Genomics, Inc. - Common Stock",SD,SD,00/00/0000,SD,SD,9999
4662,1,TXMD,"TherapeuticsMD, Inc. - Common Stock",SD,SD,00/00/0000,SD,SD,9999
4663,1,TXN,Texas Instruments Incorporated - Common Stock,SD,SD,00/00/0000,SD,SD,9999
4664,1,TXRH,"Texas Roadhouse, Inc. - Common Stock",SD,SD,00/00/0000,SD,SD,9999
4665,1,TXSS,Texas Capital Texas Small Cap Equity Index ETF,SD,SD,00/00/0000,SD,SD,9999
4666,1,TXUE,Thornburg International Equity ETF,SD,SD,00/00/0000,SD,SD,9999
4667,1,TXUG,Thornburg International Growth Fund ETF,SD,SD,00/00/0000,SD,SD,9999
4668,1,TYGO,"Tigo Energy, Inc. - Common Stock",SD,SD,00/00/0000,SD,SD,9999
4669,1,TYRA,"Tyra Biosciences, Inc. - Common Stock",SD,SD,00/00/0000,SD,SD,9999
4670,1,TZOO,Travelzoo - Common Stock,SD,SD,00/00/0000,SD,SD,9999
4671,1,TZUP,Thumzup Media Corporation - Common Stock,SD,SD,00/00/0000,SD,SD,9999
4672,1,UAE,iShares MSCI UAE ETF,SD,SD,00/00/0000,SD,SD,9999
4673,1,UAL,"United Airlines Holdings, Inc. - Common Stock",SD,SD,00/00/0000,SD,SD,9999
4674,1,UBCP,"United Bancorp, Inc. - Common Stock",SD,SD,00/00/0000,SD,SD,9999
4675,1,UBFO,United Security Bancshares - Common Stock,SD,SD,00/00/0000,SD,SD,9999
4676,1,UBND,VictoryShares Core Plus Intermediate Bond ETF,SD,SD,00/00/0000,SD,SD,9999
4677,1,UBRL,GraniteShares 2x Long UBER Daily ETF,SD,SD,00/00/0000,SD,SD,9999
4678,1,UBSI,"United Bankshares, Inc. - Common Stock",SD,SD,00/00/0000,SD,SD,9999
4679,1,UBXG,U-BX Technology Ltd. - Ordinary Shares,SD,SD,00/00/0000,SD,SD,9999
4680,1,UCAR,U Power Limited - Class A Ordinary Shares,SD,SD,00/00/0000,SD,SD,9999
4681,1,UCFI,CN Healthy Food Tech Group Corp. - Common Stock,SD,SD,00/00/0000,SD,SD,9999
4682,1,UCFIW,CN Healthy Food Tech Group Corp. - Warrant,SD,SD,00/00/0000,SD,SD,9999
4683,1,UCL,uCloudlink Group Inc. - American Depositary Shares,SD,SD,00/00/0000,SD,SD,9999
4684,1,UCRD,VictoryShares Corporate Bond ETF,SD,SD,00/00/0000,SD,SD,9999
4685,1,UCTT,"Ultra Clean Holdings, Inc. - Common Stock",SD,SD,00/00/0000,SD,SD,9999
4686,1,UCYB,ProShares Ultra Nasdaq Cybersecurity,SD,SD,00/00/0000,SD,SD,9999
4687,1,UDMY,"Udemy, Inc. - Common Stock",SD,SD,00/00/0000,SD,SD,9999
4688,1,UEIC,Universal Electronics Inc. - Common Stock,SD,SD,00/00/0000,SD,SD,9999
4689,1,UEVM,VictoryShares Emerging Markets Value Momentum ETF,SD,SD,00/00/0000,SD,SD,9999
4690,1,UFCS,"United Fire Group, Inc - Common Stock",SD,SD,00/00/0000,SD,SD,9999
4691,1,UFG,Uni-Fuels Holdings Limited - Class A Ordinary Shares,SD,SD,00/00/0000,SD,SD,9999
4692,1,UFIV,US Treasury 5 Year Note ETF,SD,SD,00/00/0000,SD,SD,9999
4693,1,UFO,Procure Space ETF,SD,SD,00/00/0000,SD,SD,9999
4694,1,UFPI,"UFP Industries, Inc. - Common Stock",SD,SD,00/00/0000,SD,SD,9999
4695,1,UFPT,"UFP Technologies, Inc. - Common Stock",SD,SD,00/00/0000,SD,SD,9999
4696,1,UG,"United-Guardian, Inc. - Common Stock",SD,SD,00/00/0000,SD,SD,9999
4697,1,UGRO,"urban-gro, Inc. - Common Stock",SD,SD,00/00/0000,SD,SD,9999
4698,1,UHG,"United Homes Group, Inc - Class A Common Stock",SD,SD,00/00/0000,SD,SD,9999
4699,1,UHGWW,"United Homes Group, Inc - Warrant",SD,SD,00/00/0000,SD,SD,9999
4700,1,UITB,VictoryShares Core Intermediate Bond ETF,SD,SD,00/00/0000,SD,SD,9999
4701,1,UIVM,VictoryShares International Value Momentum ETF,SD,SD,00/00/0000,SD,SD,9999
4702,1,UK,Ucommune International Ltd  - Ordinary Shares,SD,SD,00/00/0000,SD,SD,9999
4703,1,UKOMW,Ucommune International Ltd  - Warrant expiring 11/17/2025,SD,SD,00/00/0000,SD,SD,9999
4704,1,ULBI,Ultralife Corporation - Common Stock,SD,SD,00/00/0000,SD,SD,9999
4705,1,ULCC,"Frontier Group Holdings, Inc. - Common Stock",SD,SD,00/00/0000,SD,SD,9999
4706,1,ULH,"Universal Logistics Holdings, Inc. - Common Stock",SD,SD,00/00/0000,SD,SD,9999
4707,1,ULTA,"Ulta Beauty, Inc. - Common Stock",SD,SD,00/00/0000,SD,SD,9999
4708,1,ULVM,VictoryShares US Value Momentum ETF,SD,SD,00/00/0000,SD,SD,9999
4709,1,ULY,Urgent.ly Inc. - Common Stock,SD,SD,00/00/0000,SD,SD,9999
4710,1,UMBF,UMB Financial Corporation - Common Stock,SD,SD,00/00/0000,SD,SD,9999
4711,1,UMBFO,"UMB Financial Corporation - Depositary Shares Each Representing a 1/400th Interest in a Share of 7.750% Fixed-Rate Reset Non-Cumulative Perpetual Preferred Stock, Series B",SD,SD,00/00/0000,SD,SD,9999
4712,1,UMMA,Wahed Dow Jones Islamic World ETF,SD,SD,00/00/0000,SD,SD,9999
4713,1,UNB,"Union Bankshares, Inc. - Common Stock",SD,SD,00/00/0000,SD,SD,9999
4714,1,UNCY,"Unicycive Therapeutics, Inc. - Common Stock",SD,SD,00/00/0000,SD,SD,9999
4715,1,UNHG,Leverage Shares 2X Long UNH Daily ETF,SD,SD,00/00/0000,SD,SD,9999
4716,1,UNIT,Uniti Group Inc. - Common Stock,SD,SD,00/00/0000,SD,SD,9999
4717,1,UNIY,WisdomTree Voya Yield Enhanced USD Universal Bond Fund,SD,SD,00/00/0000,SD,SD,9999
4718,1,UNTY,"Unity Bancorp, Inc. - Common Stock",SD,SD,00/00/0000,SD,SD,9999
4719,1,UOKA,MDJM LTD - Class A Ordinary Shares,SD,SD,00/00/0000,SD,SD,9999
4720,1,UONE,"Urban One, Inc.  - Class A Common Stock",SD,SD,00/00/0000,SD,SD,9999
4721,1,UONEK,"Urban One, Inc.  - Class D Common Stock",SD,SD,00/00/0000,SD,SD,9999
4722,1,UPB,"Upstream Bio, Inc. - Common Stock",SD,SD,00/00/0000,SD,SD,9999
4723,1,UPBD,"Upbound Group, Inc. - Common Stock",SD,SD,00/00/0000,SD,SD,9999
4724,1,UPC,Universe Pharmaceuticals Inc - Ordinary Shares,SD,SD,00/00/0000,SD,SD,9999
4725,1,UPGR,Xtrackers US Green Infrastructure Select Equity ETF,SD,SD,00/00/0000,SD,SD,9999
4726,1,UPLD,"Upland Software, Inc. - Common Stock",SD,SD,00/00/0000,SD,SD,9999
4727,1,UPST,"Upstart Holdings, Inc. - Common stock",SD,SD,00/00/0000,SD,SD,9999
4728,1,UPWK,Upwork Inc. - Common Stock,SD,SD,00/00/0000,SD,SD,9999
4729,1,UPXI,"Upexi, Inc. - Common Stock",SD,SD,00/00/0000,SD,SD,9999
4730,1,URBN,"Urban Outfitters, Inc. - Common Stock",SD,SD,00/00/0000,SD,SD,9999
4731,1,URGN,UroGen Pharma Ltd. - Ordinary Shares,SD,SD,00/00/0000,SD,SD,9999
4732,1,URNJ,Sprott Junior Uranium Miners ETF,SD,SD,00/00/0000,SD,SD,9999
4733,1,UROY,Uranium Royalty Corp. - Common Stock,SD,SD,00/00/0000,SD,SD,9999
4734,1,USAF,Atlas America Fund,SD,SD,00/00/0000,SD,SD,9999
4735,1,USAR,"USA Rare Earth, Inc. - Common Stock",SD,SD,00/00/0000,SD,SD,9999
4736,1,USARW,"USA Rare Earth, Inc. - Warrant",SD,SD,00/00/0000,SD,SD,9999
4737,1,USAU,U.S. Gold Corp. - Common Stock,SD,SD,00/00/0000,SD,SD,9999
4738,1,USCB,"USCB Financial Holdings, Inc.  - Class A Common Stock",SD,SD,00/00/0000,SD,SD,9999
4739,1,USCL,iShares Climate Conscious & Transition MSCI USA ETF,SD,SD,00/00/0000,SD,SD,9999
4740,1,USDX,SGI Enhanced Core ETF,SD,SD,00/00/0000,SD,SD,9999
4741,1,USEA,United Maritime Corporation - Common Stock,SD,SD,00/00/0000,SD,SD,9999
4742,1,USEG,U.S. Energy Corp. - Common Stock,SD,SD,00/00/0000,SD,SD,9999
4743,1,USFI,BrandywineGLOBAL - U.S. Fixed Income ETF,SD,SD,00/00/0000,SD,SD,9999
4744,1,USGO,U.S. GoldMining Inc. - Common stock,SD,SD,00/00/0000,SD,SD,9999
4745,1,USGOW,U.S. GoldMining Inc. - Warrant,SD,SD,00/00/0000,SD,SD,9999
4746,1,USIG,iShares Broad USD Investment Grade Corporate Bond ETF,SD,SD,00/00/0000,SD,SD,9999
4747,1,USIN,WisdomTree 7-10 Year Laddered Treasury Fund,SD,SD,00/00/0000,SD,SD,9999
4748,1,USIO,"Usio, Inc. - Common Stock",SD,SD,00/00/0000,SD,SD,9999
4749,1,USLM,"United States Lime & Minerals, Inc. - Common Stock",SD,SD,00/00/0000,SD,SD,9999
4750,1,USMC,Principal U.S. Mega-Cap ETF,SD,SD,00/00/0000,SD,SD,9999
4751,1,USOI,"ETRACS Crude Oil Shares Covered Call ETNs due April 24, 2037",SD,SD,00/00/0000,SD,SD,9999
4752,1,USOY,Defiance Oil Enhanced Options Income ETF,SD,SD,00/00/0000,SD,SD,9999
4753,1,USRD,Themes US R&D Champions ETF,SD,SD,00/00/0000,SD,SD,9999
4754,1,USSH,WisdomTree 1-3 Year Laddered Treasury Fund,SD,SD,00/00/0000,SD,SD,9999
4755,1,USTB,VictoryShares Short-Term Bond ETF,SD,SD,00/00/0000,SD,SD,9999
4756,1,USVM,VictoryShares US Small Mid Cap Value Momentum ETF,SD,SD,00/00/0000,SD,SD,9999
4757,1,USVN,US Treasury 7 Year Note ETF,SD,SD,00/00/0000,SD,SD,9999
4758,1,USXF,iShares ESG Advanced MSCI USA ETF,SD,SD,00/00/0000,SD,SD,9999
4759,1,UTEN,US Treasury 10 Year Note ETF,SD,SD,00/00/0000,SD,SD,9999
4760,1,UTHR,United Therapeutics Corporation - Common Stock,SD,SD,00/00/0000,SD,SD,9999
4761,1,UTHY,US Treasury 30 Year Bond ETF,SD,SD,00/00/0000,SD,SD,9999
4762,1,UTMD,"Utah Medical Products, Inc. - Common Stock",SD,SD,00/00/0000,SD,SD,9999
4763,1,UTRE,US Treasury 3 Year Note ETF,SD,SD,00/00/0000,SD,SD,9999
4764,1,UTSI,UTStarcom Holdings Corp - Ordinary Shares,SD,SD,00/00/0000,SD,SD,9999
4765,1,UTWO,US Treasury 2 Year Note ETF,SD,SD,00/00/0000,SD,SD,9999
4766,1,UTWY,US Treasury 20 Year Bond ETF,SD,SD,00/00/0000,SD,SD,9999
4767,1,UVSP,Univest Financial Corporation - Common Stock,SD,SD,00/00/0000,SD,SD,9999
4768,1,UXIN,Uxin Limited - American Depositary Shares,SD,SD,00/00/0000,SD,SD,9999
4769,1,UYLD,Angel Oak UltraShort Income ETF,SD,SD,00/00/0000,SD,SD,9999
4770,1,UYSC,UY Scuti Acquisition Corp. - Ordinary Shares,SD,SD,00/00/0000,SD,SD,9999
4771,1,UYSCR,UY Scuti Acquisition Corp. - Rights,SD,SD,00/00/0000,SD,SD,9999
4772,1,UYSCU,UY Scuti Acquisition Corp. - Units,SD,SD,00/00/0000,SD,SD,9999
4773,1,VABK,Virginia National Bankshares Corporation - Common Stock,SD,SD,00/00/0000,SD,SD,9999
4774,1,VACH,Voyager Acquisition Corp - Class A Ordinary Shares,SD,SD,00/00/0000,SD,SD,9999
4775,1,VACHU,Voyager Acquisition Corp - Unit,SD,SD,00/00/0000,SD,SD,9999
4776,1,VACHW,Voyager Acquisition Corp - Warrants,SD,SD,00/00/0000,SD,SD,9999
4777,1,VALN,Valneva SE - American Depositary Shares,SD,SD,00/00/0000,SD,SD,9999
4778,1,VALU,"Value Line, Inc. - Common Stock",SD,SD,00/00/0000,SD,SD,9999
4779,1,VANI,"Vivani Medical, Inc.  - Common Stock",SD,SD,00/00/0000,SD,SD,9999
4780,1,VBIL,Vanguard 0-3 Month Treasury Bill ETF,SD,SD,00/00/0000,SD,SD,9999
4781,1,VBIX,Viewbix Inc. - Common Stock ,SD,SD,00/00/0000,SD,SD,9999
4782,1,VBNK,VersaBank - Common Shares,SD,SD,00/00/0000,SD,SD,9999
4783,1,VC,Visteon Corporation - Common Stock,SD,SD,00/00/0000,SD,SD,9999
4784,1,VCEL,Vericel Corporation - Common Stock,SD,SD,00/00/0000,SD,SD,9999
4785,1,VCIC,Vine Hill Capital Investment Corp. - Class A Ordinary Shares,SD,SD,00/00/0000,SD,SD,9999
4786,1,VCICU,Vine Hill Capital Investment Corp. - Unit,SD,SD,00/00/0000,SD,SD,9999
4787,1,VCICW,Vine Hill Capital Investment Corp. - Warrant,SD,SD,00/00/0000,SD,SD,9999
4788,1,VCIG,VCI Global Limited - Ordinary Share,SD,SD,00/00/0000,SD,SD,9999
4789,1,VCIT,Vanguard Intermediate-Term Corporate Bond ETF,SD,SD,00/00/0000,SD,SD,9999
4790,1,VCLT,Vanguard Long-Term Corporate Bond ETF,SD,SD,00/00/0000,SD,SD,9999
4791,1,VCRB,Vanguard Core Bond ETF,SD,SD,00/00/0000,SD,SD,9999
4792,1,VCSH,Vanguard Short-Term Corporate Bond ETF,SD,SD,00/00/0000,SD,SD,9999
4793,1,VCTR,"Victory Capital Holdings, Inc. - Common Stock",SD,SD,00/00/0000,SD,SD,9999
4794,1,VCYT,"Veracyte, Inc. - Common Stock",SD,SD,00/00/0000,SD,SD,9999
4795,1,VECO,Veeco Instruments Inc. - Common Stock,SD,SD,00/00/0000,SD,SD,9999
4796,1,VEEA,Veea Inc. - Common Stock,SD,SD,00/00/0000,SD,SD,9999
4797,1,VEEAW,Veea Inc. - Warrant,SD,SD,00/00/0000,SD,SD,9999
4798,1,VEEE,Twin Vee PowerCats Co. - Common Stock,SD,SD,00/00/0000,SD,SD,9999
4799,1,VELO,"Velo3D, Inc. - Common stock",SD,SD,00/00/0000,SD,SD,9999
4800,1,VEON,VEON Ltd. - American Depositary Shares,SD,SD,00/00/0000,SD,SD,9999
4801,1,VERA,"Vera Therapeutics, Inc. - Class A Common Stock",SD,SD,00/00/0000,SD,SD,9999
4802,1,VERI,"Veritone, Inc. - Common Stock",SD,SD,00/00/0000,SD,SD,9999
4803,1,VERO,Venus Concept Inc.  - Common Stock,SD,SD,00/00/0000,SD,SD,9999
4804,1,VERU,Veru Inc. - Common Stock,SD,SD,00/00/0000,SD,SD,9999
4805,1,VERX,"Vertex, Inc. - Class A Common Stock",SD,SD,00/00/0000,SD,SD,9999
4806,1,VFF,"Village Farms International, Inc. - Common Shares",SD,SD,00/00/0000,SD,SD,9999
4807,1,VFLO,VictoryShares Free Cash Flow ETF,SD,SD,00/00/0000,SD,SD,9999
4808,1,VFS,VinFast Auto Ltd. - Ordinary Shares,SD,SD,00/00/0000,SD,SD,9999
4809,1,VFSWW,VinFast Auto Ltd. - Warrant,SD,SD,00/00/0000,SD,SD,9999
4810,1,VGAS,"Verde Clean Fuels, Inc. - Class A Common Stock",SD,SD,00/00/0000,SD,SD,9999
4811,1,VGASW,"Verde Clean Fuels, Inc. - Warrant",SD,SD,00/00/0000,SD,SD,9999
4812,1,VGIT,Vanguard Intermediate-Term Treasury ETF,SD,SD,00/00/0000,SD,SD,9999
4813,1,VGLT,Vanguard Long-Term Treasury ETF,SD,SD,00/00/0000,SD,SD,9999
4814,1,VGSH,Vanguard Short-Term Treasury ETF,SD,SD,00/00/0000,SD,SD,9999
4815,1,VGSR,Vert Global Sustainable Real Estate ETF,SD,SD,00/00/0000,SD,SD,9999
4816,1,VGUS,Vanguard Ultra-Short Treasury ETF,SD,SD,00/00/0000,SD,SD,9999
4817,1,VHC,VirnetX Holding Corp - Common Stock,SD,SD,00/00/0000,SD,SD,9999
4818,1,VIASP,"Via Renewables, Inc. - 8.75% Series A Fixed-to-Floating Rate Cumulative Redeemable Perpetual Preferred Stock",SD,SD,00/00/0000,SD,SD,9999
4819,1,VIAV,Viavi Solutions Inc. - Common Stock,SD,SD,00/00/0000,SD,SD,9999
4820,1,VICR,Vicor Corporation - Common Stock,SD,SD,00/00/0000,SD,SD,9999
4821,1,VIGI,Vanguard International Dividend Appreciation ETF,SD,SD,00/00/0000,SD,SD,9999
4822,1,VINP,Vinci Compass Investments Ltd. - Class A Common Shares,SD,SD,00/00/0000,SD,SD,9999
4823,1,VIOT,"Viomi Technology Co., Ltd - American Depositary Shares",SD,SD,00/00/0000,SD,SD,9999
4824,1,VIR,"Vir Biotechnology, Inc. - Common Stock",SD,SD,00/00/0000,SD,SD,9999
4825,1,VIRC,Virco Manufacturing Corporation - Common Stock,SD,SD,00/00/0000,SD,SD,9999
4826,1,VITL,"Vital Farms, Inc. - Common Stock",SD,SD,00/00/0000,SD,SD,9999
4827,1,VIVK,"Vivakor, Inc. - Common Stock",SD,SD,00/00/0000,SD,SD,9999
4828,1,VIVS,"VivoSim Labs, Inc. - Common Stock",SD,SD,00/00/0000,SD,SD,9999
4829,1,VIXI,Defiance Enhanced Long Vol ETF,SD,SD,00/00/0000,SD,SD,9999
4830,1,VKTX,"Viking Therapeutics, Inc. - Common Stock",SD,SD,00/00/0000,SD,SD,9999
4831,1,VLGEA,"Village Super Market, Inc. - Class A Common Stock",SD,SD,00/00/0000,SD,SD,9999
4832,1,VLY,Valley National Bancorp - Common Stock,SD,SD,00/00/0000,SD,SD,9999
4833,1,VLYPN,"Valley National Bancorp - 8.250% Fixed-Rate Reset Non-Cumulative Perpetual Preferred Stock, Series C",SD,SD,00/00/0000,SD,SD,9999
4834,1,VLYPO,Valley National Bancorp - 5.5% Fixed to Floating Rate Series B Non-Cumulative Perpetual Preferred Stock,SD,SD,00/00/0000,SD,SD,9999
4835,1,VLYPP,Valley National Bancorp - 6.25% Fixed-to-Floating Rate Series A Non-Cumulative Perpetual Preferred Stock,SD,SD,00/00/0000,SD,SD,9999
4836,1,VMAR,Vision Marine Technologies Inc. - Common Shares,SD,SD,00/00/0000,SD,SD,9999
4837,1,VMBS,Vanguard Mortgage-Backed Securities ETF,SD,SD,00/00/0000,SD,SD,9999
4838,1,VMD,"Viemed Healthcare, Inc. - Common Shares",SD,SD,00/00/0000,SD,SD,9999
4839,1,VMEO,"Vimeo, Inc. - Common Stock",SD,SD,00/00/0000,SD,SD,9999
4840,1,VNCE,Vince Holding Corp. - Common Stock,SD,SD,00/00/0000,SD,SD,9999
4841,1,VNDA,Vanda Pharmaceuticals Inc. - Common Stock,SD,SD,00/00/0000,SD,SD,9999
4842,1,VNET,"VNET Group, Inc. - American Depositary Shares",SD,SD,00/00/0000,SD,SD,9999
4843,1,VNME,Vendome Acquisition Corporation I - Class A Ordinary Shares,SD,SD,00/00/0000,SD,SD,9999
4844,1,VNMEU,Vendome Acquisition Corporation I - Unit,SD,SD,00/00/0000,SD,SD,9999
4845,1,VNMEW,Vendome Acquisition Corporation I - Warrant,SD,SD,00/00/0000,SD,SD,9999
4846,1,VNOM,"Viper Energy, Inc.  - Class A Common Stock",SD,SD,00/00/0000,SD,SD,9999
4847,1,VNQI,Vanguard Global ex-U.S. Real Estate ETF,SD,SD,00/00/0000,SD,SD,9999
4848,1,VOD,Vodafone Group Plc - American Depositary Shares each representing ten Ordinary Shares,SD,SD,00/00/0000,SD,SD,9999
4849,1,VOLT,Tema Electrification ETF,SD,SD,00/00/0000,SD,SD,9999
4850,1,VONE,Vanguard Russell 1000 ETF,SD,SD,00/00/0000,SD,SD,9999
4851,1,VONG,Vanguard Russell 1000 Growth ETF,SD,SD,00/00/0000,SD,SD,9999
4852,1,VONV,Vanguard Russell 1000 Value ETF,SD,SD,00/00/0000,SD,SD,9999
4853,1,VOR,Vor Biopharma Inc. - Common Stock,SD,SD,00/00/0000,SD,SD,9999
4854,1,VOTE,TCW Transform 500 ETF,SD,SD,00/00/0000,SD,SD,9999
4855,1,VOXR,Vox Royalty Corp. - common stock,SD,SD,00/00/0000,SD,SD,9999
4856,1,VPLS,Vanguard Core Plus Bond ETF,SD,SD,00/00/0000,SD,SD,9999
4857,1,VRA,"Vera Bradley, Inc. - Common Stock",SD,SD,00/00/0000,SD,SD,9999
4858,1,VRAR,"The Glimpse Group, Inc. - Common Stock",SD,SD,00/00/0000,SD,SD,9999
4859,1,VRAX,Virax Biolabs Group Limited - Ordinary Shares,SD,SD,00/00/0000,SD,SD,9999
4860,1,VRCA,Verrica Pharmaceuticals Inc. - Common Stock,SD,SD,00/00/0000,SD,SD,9999
4861,1,VRDN,"Viridian Therapeutics, Inc.  - Common Stock",SD,SD,00/00/0000,SD,SD,9999
4862,1,VREX,Varex Imaging Corporation - Common Stock,SD,SD,00/00/0000,SD,SD,9999
4863,1,VRIG,Invesco Variable Rate Investment Grade ETF,SD,SD,00/00/0000,SD,SD,9999
4864,1,VRM,"Vroom, Inc. - Common Stock",SD,SD,00/00/0000,SD,SD,9999
4865,1,VRME,"VerifyMe, Inc. - Common Stock",SD,SD,00/00/0000,SD,SD,9999
4866,1,VRNS,"Varonis Systems, Inc. - Common Stock",SD,SD,00/00/0000,SD,SD,9999
4867,1,VRNT,Verint Systems Inc. - Common Stock,SD,SD,00/00/0000,SD,SD,9999
4868,1,VRRM,Verra Mobility Corporation - Class A Common Stock,SD,SD,00/00/0000,SD,SD,9999
4869,1,VRSK,"Verisk Analytics, Inc. - Common Stock",SD,SD,00/00/0000,SD,SD,9999
4870,1,VRSN,"VeriSign, Inc. - Common Stock",SD,SD,00/00/0000,SD,SD,9999
4871,1,VRTL,GraniteShares 2x Long VRT Daily ETF,SD,SD,00/00/0000,SD,SD,9999
4872,1,VRTX,Vertex Pharmaceuticals Incorporated - Common Stock,SD,SD,00/00/0000,SD,SD,9999
4873,1,VS,Versus Systems Inc. - Common Stock,SD,SD,00/00/0000,SD,SD,9999
4874,1,VSA,VisionSys AI Inc. - American Depositary Shares,SD,SD,00/00/0000,SD,SD,9999
4875,1,VSAT,"ViaSat, Inc. - Common Stock",SD,SD,00/00/0000,SD,SD,9999
4876,1,VSDA,VictoryShares Dividend Accelerator ETF,SD,SD,00/00/0000,SD,SD,9999
4877,1,VSEC,VSE Corporation - Common Stock,SD,SD,00/00/0000,SD,SD,9999
4878,1,VSEE,"VSee Health, Inc. - Common Stock",SD,SD,00/00/0000,SD,SD,9999
4879,1,VSEEW,"VSee Health, Inc. - Warrant",SD,SD,00/00/0000,SD,SD,9999
4880,1,VSME,VS Media Holdings Limited - Class A Ordinary Shares,SD,SD,00/00/0000,SD,SD,9999
4881,1,VSMV,VictoryShares US Multi-Factor Minimum Volatility ETF,SD,SD,00/00/0000,SD,SD,9999
4882,1,VSSYW,Versus Systems Inc. - Class A Warrants,SD,SD,00/00/0000,SD,SD,9999
4883,1,VSTA,Vasta Platform Limited - Class A Ordinary Shares,SD,SD,00/00/0000,SD,SD,9999
4884,1,VSTD,Vestand Inc.  - Class A Common Stock,SD,SD,00/00/0000,SD,SD,9999
4885,1,VSTL,Defiance Daily Target 2X Long VST ETF,SD,SD,00/00/0000,SD,SD,9999
4886,1,VSTM,"Verastem, Inc. - Common Stock",SD,SD,00/00/0000,SD,SD,9999
4887,1,VTC,Vanguard Total Corporate Bond ETF,SD,SD,00/00/0000,SD,SD,9999
4888,1,VTGN,"Vistagen Therapeutics, Inc. - Common Stock",SD,SD,00/00/0000,SD,SD,9999
4889,1,VTHR,Vanguard Russell 3000 ETF,SD,SD,00/00/0000,SD,SD,9999
4890,1,VTIP,Vanguard Short-Term Inflation-Protected Securities Index Fund ETF Shares,SD,SD,00/00/0000,SD,SD,9999
4891,1,VTRS,Viatris Inc. - Common Stock,SD,SD,00/00/0000,SD,SD,9999
4892,1,VTSI,"VirTra, Inc. - Common Stock",SD,SD,00/00/0000,SD,SD,9999
4893,1,VTVT,vTv Therapeutics Inc. - Class A Common Stock,SD,SD,00/00/0000,SD,SD,9999
4894,1,VTWG,Vanguard Russell 2000 Growth ETF,SD,SD,00/00/0000,SD,SD,9999
4895,1,VTWO,Vanguard Russell 2000 ETF,SD,SD,00/00/0000,SD,SD,9999
4896,1,VTWV,Vanguard Russell 2000 Value ETF,SD,SD,00/00/0000,SD,SD,9999
4897,1,VTYX,"Ventyx Biosciences, Inc. - Common Stock",SD,SD,00/00/0000,SD,SD,9999
4898,1,VUZI,Vuzix Corporation  - Common Stock,SD,SD,00/00/0000,SD,SD,9999
4899,1,VVOS,"Vivos Therapeutics, Inc. - Common Stock",SD,SD,00/00/0000,SD,SD,9999
4900,1,VVPR,VivoPower International PLC - Ordinary Shares,SD,SD,00/00/0000,SD,SD,9999
4901,1,VWAV,"VisionWave Holdings, Inc. - Common Stock",SD,SD,00/00/0000,SD,SD,9999
4902,1,VWAVW,"VisionWave Holdings, Inc. - Warrant",SD,SD,00/00/0000,SD,SD,9999
4903,1,VWOB,Vanguard Emerging Markets Government Bond ETF,SD,SD,00/00/0000,SD,SD,9999
4904,1,VXUS,Vanguard Total International Stock ETF,SD,SD,00/00/0000,SD,SD,9999
4905,1,VYGR,"Voyager Therapeutics, Inc. - Common Stock",SD,SD,00/00/0000,SD,SD,9999
4906,1,VYMI,Vanguard International High Dividend Yield ETF,SD,SD,00/00/0000,SD,SD,9999
4907,1,VYNE,VYNE Therapeutics Inc. - Common Stock,SD,SD,00/00/0000,SD,SD,9999
4908,1,WABC,Westamerica Bancorporation - Common Stock,SD,SD,00/00/0000,SD,SD,9999
4909,1,WABF,Western Asset Bond ETF,SD,SD,00/00/0000,SD,SD,9999
4910,1,WAFD,"WaFd, Inc. - Common Stock",SD,SD,00/00/0000,SD,SD,9999
4911,1,WAFDP,"WaFd, Inc. - Depositary Shares",SD,SD,00/00/0000,SD,SD,9999
4912,1,WAFU,Wah Fu Education Group Limited - Ordinary Shares,SD,SD,00/00/0000,SD,SD,9999
4913,1,WAI,Top KingWin Ltd - Class A Ordinary Shares,SD,SD,00/00/0000,SD,SD,9999
4914,1,WALD,Waldencast plc - Class A Ordinary Share,SD,SD,00/00/0000,SD,SD,9999
4915,1,WALDW,Waldencast plc - Warrant,SD,SD,00/00/0000,SD,SD,9999
4916,1,WASH,"Washington Trust Bancorp, Inc. - Common Stock",SD,SD,00/00/0000,SD,SD,9999
4917,1,WATT,Energous Corporation - Common Stock,SD,SD,00/00/0000,SD,SD,9999
4918,1,WAVE,Eco Wave Power Global AB (publ) - American Depositary Shares,SD,SD,00/00/0000,SD,SD,9999
4919,1,WAY,Waystar Holding Corp. - Common Stock,SD,SD,00/00/0000,SD,SD,9999
4920,1,WB,Weibo Corporation - American Depositary Shares,SD,SD,00/00/0000,SD,SD,9999
4921,1,WBD,"Warner Bros. Discovery, Inc. - Series A Common Stock",SD,SD,00/00/0000,SD,SD,9999
4922,1,WBTN,WEBTOON Entertainment Inc. - Common stock,SD,SD,00/00/0000,SD,SD,9999
4923,1,WBUY,WEBUY GLOBAL LTD. - Class A Ordinary Shares,SD,SD,00/00/0000,SD,SD,9999
4924,1,WCBR,WisdomTree Cybersecurity Fund,SD,SD,00/00/0000,SD,SD,9999
4925,1,WCLD,WisdomTree Cloud Computing Fund,SD,SD,00/00/0000,SD,SD,9999
4926,1,WCT,Wellchange Holdings Company Limited - Class A Ordinary shares,SD,SD,00/00/0000,SD,SD,9999
4927,1,WDAF,WisdomTree Asia Defense Fund,SD,SD,00/00/0000,SD,SD,9999
4928,1,WDAY,"Workday, Inc. - Class A Common Stock",SD,SD,00/00/0000,SD,SD,9999
4929,1,WDC,Western Digital Corporation - Common Stock,SD,SD,00/00/0000,SD,SD,9999
4930,1,WDFC,WD-40 Company - Common Stock,SD,SD,00/00/0000,SD,SD,9999
4931,1,WDGF,WisdomTree Global Defense Fund,SD,SD,00/00/0000,SD,SD,9999
4932,1,WEEI,Westwood Salient Enhanced Energy Income ETF,SD,SD,00/00/0000,SD,SD,9999
4933,1,WEN,Wendy's Company (The) - Common Stock,SD,SD,00/00/0000,SD,SD,9999
4934,1,WENN,Wen Acquisition Corp - Class A Ordinary Shares,SD,SD,00/00/0000,SD,SD,9999
4935,1,WENNU,Wen Acquisition Corp - Unit,SD,SD,00/00/0000,SD,SD,9999
4936,1,WENNW,Wen Acquisition Corp - Warrant,SD,SD,00/00/0000,SD,SD,9999
4937,1,WERN,"Werner Enterprises, Inc. - Common Stock",SD,SD,00/00/0000,SD,SD,9999
4938,1,WEST,Westrock Coffee Company - Common Stock,SD,SD,00/00/0000,SD,SD,9999
4939,1,WETH,Wetouch Technology Inc. - Common Stock,SD,SD,00/00/0000,SD,SD,9999
4940,1,WETO,Webus International Limited - Ordinary Shares,SD,SD,00/00/0000,SD,SD,9999
4941,1,WEYS,"Weyco Group, Inc. - Common Stock",SD,SD,00/00/0000,SD,SD,9999
4942,1,WFCF,"Where Food Comes From, Inc. - Common Stock",SD,SD,00/00/0000,SD,SD,9999
4943,1,WFF,WF Holding Limited - Ordinary Shares,SD,SD,00/00/0000,SD,SD,9999
4944,1,WFRD,Weatherford International plc - Ordinary shares,SD,SD,00/00/0000,SD,SD,9999
4945,1,WGMI,CoinShares Bitcoin Mining ETF,SD,SD,00/00/0000,SD,SD,9999
4946,1,WGRX,"Wellgistics Health, Inc. - Common Stock",SD,SD,00/00/0000,SD,SD,9999
4947,1,WGS,GeneDx Holdings Corp. - Class A Common Stock,SD,SD,00/00/0000,SD,SD,9999
4948,1,WGSWW,GeneDx Holdings Corp. - Warrant,SD,SD,00/00/0000,SD,SD,9999
4949,1,WHF,"WhiteHorse Finance, Inc. - Closed End Fund",SD,SD,00/00/0000,SD,SD,9999
4950,1,WHFCL,"WhiteHorse Finance, Inc. - 7.875% Notes due 2028",SD,SD,00/00/0000,SD,SD,9999
4951,1,WHLR,"Wheeler Real Estate Investment Trust, Inc. - Common Stock",SD,SD,00/00/0000,SD,SD,9999
4952,1,WHLRD,"Wheeler Real Estate Investment Trust, Inc. - Series D Cumulative Preferred Stock",SD,SD,00/00/0000,SD,SD,9999
4953,1,WHLRL,"Wheeler Real Estate Investment Trust, Inc. - 7.00% Senior Subordinated Convertible Notes Due 2031",SD,SD,00/00/0000,SD,SD,9999
4954,1,WHLRP,"Wheeler Real Estate Investment Trust, Inc. - Series B Preferred Stock",SD,SD,00/00/0000,SD,SD,9999
4955,1,WHWK,"Whitehawk Therapeutics, Inc. - Common Stock",SD,SD,00/00/0000,SD,SD,9999
4956,1,WILC,"G. Willi-Food International,  Ltd. - Ordinary Shares",SD,SD,00/00/0000,SD,SD,9999
4957,1,WIMI,WiMi Hologram Cloud Inc. - Class B Ordinary Shares,SD,SD,00/00/0000,SD,SD,9999
4958,1,WINA,Winmark Corporation - Common Stock,SD,SD,00/00/0000,SD,SD,9999
4959,1,WING,Wingstop Inc. - Common Stock,SD,SD,00/00/0000,SD,SD,9999
4960,1,WISE,Themes Generative Artificial Intelligence ETF,SD,SD,00/00/0000,SD,SD,9999
4961,1,WIX,Wix.com Ltd. - Ordinary Shares,SD,SD,00/00/0000,SD,SD,9999
4962,1,WKEY,WISeKey International Holding Ltd - American Depositary Shares,SD,SD,00/00/0000,SD,SD,9999
4963,1,WKHS,"Workhorse Group, Inc. - Common Stock",SD,SD,00/00/0000,SD,SD,9999
4964,1,WKSP,"Worksport, Ltd. - Common Stock",SD,SD,00/00/0000,SD,SD,9999
4965,1,WLAC,Willow Lane Acquisition Corp. - Class A Ordinary Shares,SD,SD,00/00/0000,SD,SD,9999
4966,1,WLACU,Willow Lane Acquisition Corp. - Unit,SD,SD,00/00/0000,SD,SD,9999
4967,1,WLACW,Willow Lane Acquisition Corp. - Warrants,SD,SD,00/00/0000,SD,SD,9999
4968,1,WLDN,"Willdan Group, Inc. - Common Stock",SD,SD,00/00/0000,SD,SD,9999
4969,1,WLDS,Wearable Devices Ltd. - Ordinary Share,SD,SD,00/00/0000,SD,SD,9999
4970,1,WLDSW,Wearable Devices Ltd. - Warrant,SD,SD,00/00/0000,SD,SD,9999
4971,1,WLFC,Willis Lease Finance Corporation - Common Stock,SD,SD,00/00/0000,SD,SD,9999
4972,1,WMG,Warner Music Group Corp. - Class A Common Stock,SD,SD,00/00/0000,SD,SD,9999
4973,1,WNEB,"Western New England Bancorp, Inc. - Common Stock",SD,SD,00/00/0000,SD,SD,9999
4974,1,WNW,Meiwu Technology Company Limited - Ordinary Shares,SD,SD,00/00/0000,SD,SD,9999
4975,1,WOK,WORK Medical Technology Group LTD - Class A Ordinary Shares,SD,SD,00/00/0000,SD,SD,9999
4976,1,WOOD,iShares Global Timber & Forestry ETF,SD,SD,00/00/0000,SD,SD,9999
4977,1,WOOF,"Petco Health and Wellness Company, Inc. - Class A Common Stock",SD,SD,00/00/0000,SD,SD,9999
4978,1,WORX,SCWorx Corp. - Common Stock,SD,SD,00/00/0000,SD,SD,9999
4979,1,WPRT,Westport Fuel Systems Inc - Common Shares,SD,SD,00/00/0000,SD,SD,9999
4980,1,WRAP,"Wrap Technologies, Inc. - Common Stock",SD,SD,00/00/0000,SD,SD,9999
4981,1,WRD,WeRide Inc. - American Depositary Shares,SD,SD,00/00/0000,SD,SD,9999
4982,1,WRLD,World Acceptance Corporation - Common Stock,SD,SD,00/00/0000,SD,SD,9999
4983,1,WRND,NYLI Global Equity R&D Leaders ETF,SD,SD,00/00/0000,SD,SD,9999
4984,1,WSBC,"WesBanco, Inc. - Common Stock",SD,SD,00/00/0000,SD,SD,9999
4985,1,WSBCO,"WesBanco, Inc. - Depositary Shares each representing 1/40th interest in a share of 7.375% Fixed-Rate Reset Non-Cumulative Perpetual Preferred Stock, Series B",SD,SD,00/00/0000,SD,SD,9999
4986,1,WSBCP,"WesBanco, Inc. - Depositary Shares, Each Representing a 1/40th Interest in a Share of 6.75% Fixed-Rate Reset Non-Cumulative Perpetual Preferred Stock, Series A",SD,SD,00/00/0000,SD,SD,9999
4987,1,WSBF,"Waterstone Financial, Inc. - Common Stock",SD,SD,00/00/0000,SD,SD,9999
4988,1,WSBK,"Winchester Bancorp, Inc. - Common Stock",SD,SD,00/00/0000,SD,SD,9999
4989,1,WSC,WillScot Holdings Corporation - Class A Common Stock,SD,SD,00/00/0000,SD,SD,9999
4990,1,WSFS,WSFS Financial Corporation - Common Stock,SD,SD,00/00/0000,SD,SD,9999
4991,1,WSML,iShares MSCI World Small-Cap ETF,SD,SD,00/00/0000,SD,SD,9999
4992,1,WTBA,West Bancorporation - Common Stock,SD,SD,00/00/0000,SD,SD,9999
4993,1,WTBN,WisdomTree Bianco Total Return Fund,SD,SD,00/00/0000,SD,SD,9999
4994,1,WTF,Waton Financial Limited - Ordinary Shares,SD,SD,00/00/0000,SD,SD,9999
4995,1,WTFC,Wintrust Financial Corporation - Common Stock,SD,SD,00/00/0000,SD,SD,9999
4996,1,WTFCN,"Wintrust Financial Corporation - Depositary Shares, Each Representing a 1/1,000th Interest in a Share of 7.875% Fixed-Rate Reset Non-Cumulative Perpetual Preferred Stock, Series F, no par value, with a liquidation preference of $25,000 per share",SD,SD,00/00/0000,SD,SD,9999
4997,1,WTG,Wintergreen Acquisition Corp. - Ordinary Shares,SD,SD,00/00/0000,SD,SD,9999
4998,1,WTGUR,Wintergreen Acquisition Corp. - Rights,SD,SD,00/00/0000,SD,SD,9999
4999,1,WTGUU,Wintergreen Acquisition Corp. - Unit,SD,SD,00/00/0000,SD,SD,9999
5000,1,WTIP,WisdomTree Inflation Plus Fund,SD,SD,00/00/0000,SD,SD,9999
5001,1,WTMU,WisdomTree Core Laddered Municipal Fund,SD,SD,00/00/0000,SD,SD,9999
5002,1,WTMY,WisdomTree High Income Laddered Municipal Fund,SD,SD,00/00/0000,SD,SD,9999
5003,1,WTO,UTime Limited - Ordinary Shares,SD,SD,00/00/0000,SD,SD,9999
5004,1,WTW,Willis Towers Watson Public Limited Company - Ordinary Shares,SD,SD,00/00/0000,SD,SD,9999
5005,1,WULF,TeraWulf Inc. - Common Stock,SD,SD,00/00/0000,SD,SD,9999
5006,1,WVE,Wave Life Sciences Ltd. - Ordinary Shares,SD,SD,00/00/0000,SD,SD,9999
5007,1,WVVI,"Willamette Valley Vineyards, Inc. - Common Stock",SD,SD,00/00/0000,SD,SD,9999
5008,1,WVVIP,"Willamette Valley Vineyards, Inc. - Series A Redeemable Preferred Stock",SD,SD,00/00/0000,SD,SD,9999
5009,1,WW,"WW International, Inc.  - Common Stock",SD,SD,00/00/0000,SD,SD,9999
5010,1,WWD,"Woodward, Inc. - Common Stock",SD,SD,00/00/0000,SD,SD,9999
5011,1,WXM,WF International Limited - Ordinary Shares,SD,SD,00/00/0000,SD,SD,9999
5012,1,WYFI,"WhiteFiber, Inc. - Ordinary Shares",SD,SD,00/00/0000,SD,SD,9999
5013,1,WYHG,Wing Yip Food Holdings Group Limited - American Depositary Shares,SD,SD,00/00/0000,SD,SD,9999
5014,1,WYNN,"Wynn Resorts, Limited - Common Stock",SD,SD,00/00/0000,SD,SD,9999
5015,1,XAIR,"Beyond Air, Inc. - Common Stock",SD,SD,00/00/0000,SD,SD,9999
5016,1,XAIX,Xtrackers Artificial Intelligence and Big Data ETF,SD,SD,00/00/0000,SD,SD,9999
5017,1,XBIL,US Treasury 6 Month Bill ETF,SD,SD,00/00/0000,SD,SD,9999
5018,1,XBIO,"Xenetic Biosciences, Inc. - Common Stock",SD,SD,00/00/0000,SD,SD,9999
5019,1,XBIT,XBiotech Inc. - Common Stock,SD,SD,00/00/0000,SD,SD,9999
5020,1,XBP,"XBP Global Holdings, Inc. - Common Stock",SD,SD,00/00/0000,SD,SD,9999
5021,1,XBPEW,"XBP Global Holdings, Inc. - Warrant",SD,SD,00/00/0000,SD,SD,9999
5022,1,XBTY,GraniteShares YieldBOOST Bitcoin ETF,SD,SD,00/00/0000,SD,SD,9999
5023,1,XCH,XCHG Limited - ADS,SD,SD,00/00/0000,SD,SD,9999
5024,1,XCNY,SPDR S&P Emerging Markets ex-China ETF,SD,SD,00/00/0000,SD,SD,9999
5025,1,XCUR,"Exicure, Inc. - Common Stock",SD,SD,00/00/0000,SD,SD,9999
5026,1,XEL,Xcel Energy Inc. - Common Stock,SD,SD,00/00/0000,SD,SD,9999
5027,1,XELB,"Xcel Brands, Inc - Common Stock",SD,SD,00/00/0000,SD,SD,9999
5028,1,XELLL,"Xcel Energy Inc. - 6.25% Junior Subordinated Notes, Series due 2085",SD,SD,00/00/0000,SD,SD,9999
5029,1,XENE,Xenon Pharmaceuticals Inc. - Common Shares,SD,SD,00/00/0000,SD,SD,9999
5030,1,XERS,"Xeris Biopharma Holdings, Inc. - Common Stock",SD,SD,00/00/0000,SD,SD,9999
5031,1,XFIX,F/m Opportunistic Income ETF,SD,SD,00/00/0000,SD,SD,9999
5032,1,XFOR,"X4 Pharmaceuticals, Inc. - Common Stock",SD,SD,00/00/0000,SD,SD,9999
5033,1,XGN,Exagen Inc. - Common Stock,SD,SD,00/00/0000,SD,SD,9999
5034,1,XHG,XChange TEC.INC - American Depositary Shares,SD,SD,00/00/0000,SD,SD,9999
5035,1,XHLD,"TEN Holdings, Inc. - Common Stock",SD,SD,00/00/0000,SD,SD,9999
5036,1,XLO,"Xilio Therapeutics, Inc. - Common Stock",SD,SD,00/00/0000,SD,SD,9999
5037,1,XMAG,Defiance Large Cap ex-Mag 7 ETF,SD,SD,00/00/0000,SD,SD,9999
5038,1,XMTR,"Xometry, Inc. - Class A Common Stock",SD,SD,00/00/0000,SD,SD,9999
5039,1,XNCR,"Xencor, Inc. - Common Stock",SD,SD,00/00/0000,SD,SD,9999
5040,1,XNET,Xunlei Limited - American Depositary Shares,SD,SD,00/00/0000,SD,SD,9999
5041,1,XOMA,XOMA Royalty Corporation - Common Stock,SD,SD,00/00/0000,SD,SD,9999
5042,1,XOMAO,XOMA Royalty Corporation - Depositary Shares Rep Series B 8.375% Cumulative Preferred Stock,SD,SD,00/00/0000,SD,SD,9999
5043,1,XOMAP,XOMA Royalty Corporation - 8.625% Series A Cumulative Perpetual Preferred Stock,SD,SD,00/00/0000,SD,SD,9999
5044,1,XOMX,Direxion Daily XOM Bull 2X Shares,SD,SD,00/00/0000,SD,SD,9999
5045,1,XOMZ,Direxion Daily XOM Bear 1X Shares,SD,SD,00/00/0000,SD,SD,9999
5046,1,XOS,"Xos, Inc. - Common Stock",SD,SD,00/00/0000,SD,SD,9999
5047,1,XOSWW,"Xos, Inc. - Warrants",SD,SD,00/00/0000,SD,SD,9999
5048,1,XOVR,ERShares Private-Public Crossover ETF,SD,SD,00/00/0000,SD,SD,9999
5049,1,XP,XP Inc. - Class A Common Stock,SD,SD,00/00/0000,SD,SD,9999
5050,1,XPEL,"XPEL, Inc. - Common Stock",SD,SD,00/00/0000,SD,SD,9999
5051,1,XPON,Expion360 Inc. - Common Stock,SD,SD,00/00/0000,SD,SD,9999
5052,1,XRAY,DENTSPLY SIRONA Inc. - Common Stock,SD,SD,00/00/0000,SD,SD,9999
5053,1,XRPI,Volatility Shares Trust XRP ETF,SD,SD,00/00/0000,SD,SD,9999
5054,1,XRPT,Volatility Shares Trust XRP 2X ETF,SD,SD,00/00/0000,SD,SD,9999
5055,1,XRTX,XORTX Therapeutics Inc. - Common Stock,SD,SD,00/00/0000,SD,SD,9999
5056,1,XRX,Xerox Holdings Corporation - Common Stock,SD,SD,00/00/0000,SD,SD,9999
5057,1,XT,iShares Future Exponential Technologies ETF,SD,SD,00/00/0000,SD,SD,9999
5058,1,XTIA,"XTI Aerospace, Inc. Common Stock  - Common Stock",SD,SD,00/00/0000,SD,SD,9999
5059,1,XTKG,"X3 Holdings Co., Ltd. - Ordinary Shares",SD,SD,00/00/0000,SD,SD,9999
5060,1,XTLB,XTL Biopharmaceuticals Ltd. - American Depositary Shares,SD,SD,00/00/0000,SD,SD,9999
5061,1,XWEL,"XWELL, Inc. - Common Stock",SD,SD,00/00/0000,SD,SD,9999
5062,1,XXII,"22nd Century Group, Inc - Common Stock",SD,SD,00/00/0000,SD,SD,9999
5063,1,XYZG,Leverage Shares 2X Long XYZ Daily ETF,SD,SD,00/00/0000,SD,SD,9999
5064,1,YAAS,Youxin Technology Ltd - Class A Ordinary shares,SD,SD,00/00/0000,SD,SD,9999
5065,1,YB,Yuanbao Inc. - American Depositary Shares,SD,SD,00/00/0000,SD,SD,9999
5066,1,YDDL,One and One Green Technologies. INC - Class A Ordinary Shares,SD,SD,00/00/0000,SD,SD,9999
5067,1,YDES,YD Bio Limited - Ordinary Shares,SD,SD,00/00/0000,SD,SD,9999
5068,1,YDESW,YD Bio Limited - Warrants,SD,SD,00/00/0000,SD,SD,9999
5069,1,YDKG,Yueda Digital Holding - Class A Ordinary Share,SD,SD,00/00/0000,SD,SD,9999
5070,1,YGMZ,MingZhu Logistics Holdings Limited - Ordinary Shares,SD,SD,00/00/0000,SD,SD,9999
5071,1,YHC,LQR House Inc. - Common Stock,SD,SD,00/00/0000,SD,SD,9999
5072,1,YHGJ,Yunhong Green CTI Ltd. - Common Stock,SD,SD,00/00/0000,SD,SD,9999
5073,1,YHNA,YHN Acquisition I Limited - Ordinary Shares,SD,SD,00/00/0000,SD,SD,9999
5074,1,YHNAR,YHN Acquisition I Limited - Right,SD,SD,00/00/0000,SD,SD,9999
5075,1,YHNAU,YHN Acquisition I Limited - Unit,SD,SD,00/00/0000,SD,SD,9999
5076,1,YI,"111, Inc. - American Depositary Shares",SD,SD,00/00/0000,SD,SD,9999
5077,1,YIBO,Planet Image International Limited - Class A Ordinary Shares,SD,SD,00/00/0000,SD,SD,9999
5078,1,YJ,Yunji Inc. - American Depository Shares,SD,SD,00/00/0000,SD,SD,9999
5079,1,YLDE,Franklin ClearBridge Enhanced Income ETF,SD,SD,00/00/0000,SD,SD,9999
5080,1,YMAT,"J-Star Holding Co., Ltd. - Ordinary Shares",SD,SD,00/00/0000,SD,SD,9999
5081,1,YMT,Yimutian Inc. - American Depositary Shares; each representing 25 Class A ordinary shares,SD,SD,00/00/0000,SD,SD,9999
5082,1,YNOT,Horizon Digital Frontier ETF,SD,SD,00/00/0000,SD,SD,9999
5083,1,YOKE,YOKE Core ETF,SD,SD,00/00/0000,SD,SD,9999
5084,1,YORW,The York Water Company - Common Stock,SD,SD,00/00/0000,SD,SD,9999
5085,1,YOUL,Youlife Group Inc. - American Depositary Shares,SD,SD,00/00/0000,SD,SD,9999
5086,1,YQ,17 Education & Technology Group Inc. - American Depositary Shares,SD,SD,00/00/0000,SD,SD,9999
5087,1,YQQQ,YieldMax Short N100 Option Income Strategy ETF,SD,SD,00/00/0000,SD,SD,9999
5088,1,YSPY,GraniteShares YieldBOOST SPY ETF,SD,SD,00/00/0000,SD,SD,9999
5089,1,YSXT,"YSX Tech. Co., Ltd  - Class A Ordinary Shares",SD,SD,00/00/0000,SD,SD,9999
5090,1,YTRA,"Yatra Online, Inc. - Ordinary Shares",SD,SD,00/00/0000,SD,SD,9999
5091,1,YXT,YXT.COM GROUP HOLDING LIMITED - American Depository Shares,SD,SD,00/00/0000,SD,SD,9999
5092,1,YYAI,AiRWA Inc. - Common Stock,SD,SD,00/00/0000,SD,SD,9999
5093,1,YYGH,YY Group Holding Limited - Class A Ordinary Shares,SD,SD,00/00/0000,SD,SD,9999
5094,1,Z,"Zillow Group, Inc. - Class C Capital Stock",SD,SD,00/00/0000,SD,SD,9999
5095,1,ZAP,Global X U.S. Electrification ETF,SD,SD,00/00/0000,SD,SD,9999
5096,1,ZAZZT,Tick Pilot Test Stock Class A Common Stock,SD,SD,00/00/0000,SD,SD,9999
5097,1,ZBAI,ATIF Holdings Limited - Ordinary Shares,SD,SD,00/00/0000,SD,SD,9999
5098,1,ZBAO,Zhibao Technology Inc. - Class A Ordinary Shares,SD,SD,00/00/0000,SD,SD,9999
5099,1,ZBIO,"Zenas BioPharma, Inc. - Common Stock",SD,SD,00/00/0000,SD,SD,9999
5100,1,ZBRA,Zebra Technologies Corporation - Class A Common Stock,SD,SD,00/00/0000,SD,SD,9999
5101,1,ZBZZT,Test Pilot Test Stock Class B Common Stock,SD,SD,00/00/0000,SD,SD,9999
5102,1,ZCMD,Zhongchao Inc. - Class A Ordinary Shares,SD,SD,00/00/0000,SD,SD,9999
5103,1,ZCZZT,Tick Pilot Test Stock Class C ,SD,SD,00/00/0000,SD,SD,9999
5104,1,ZD,"Ziff Davis, Inc. - Common Stock",SD,SD,00/00/0000,SD,SD,9999
5105,1,ZDAI,"DirectBooking Technology Co., Ltd. - Ordinary Shares",SD,SD,00/00/0000,SD,SD,9999
5106,1,ZENA,"ZenaTech, Inc. - Common Stock",SD,SD,00/00/0000,SD,SD,9999
5107,1,ZENV,Zenvia Inc. - Class A Common Stock,SD,SD,00/00/0000,SD,SD,9999
5108,1,ZEO,Zeo Energy Corporation - Class A Common Stock,SD,SD,00/00/0000,SD,SD,9999
5109,1,ZEOWW,Zeo Energy Corporation - Warrants,SD,SD,00/00/0000,SD,SD,9999
5110,1,ZEUS,"Olympic Steel, Inc. - Common Stock",SD,SD,00/00/0000,SD,SD,9999
5111,1,ZFZZT,Nasdaq ETF Test Stock Nasdaq ETF Test Stock,SD,SD,00/00/0000,SD,SD,9999
5112,1,ZG,"Zillow Group, Inc. - Class A Common Stock",SD,SD,00/00/0000,SD,SD,9999
5113,1,ZGM,Zenta Group Company Limited - Ordinary Shares,SD,SD,00/00/0000,SD,SD,9999
5114,1,ZION,Zions Bancorporation N.A. - Common Stock,SD,SD,00/00/0000,SD,SD,9999
5115,1,ZIONP,Zions Bancorporation N.A. - Depositary Shares each representing a 1/40th ownership interest in a share of Series A Floating-Rate Non-Cumulative Perpetual Preferred Stock,SD,SD,00/00/0000,SD,SD,9999
5116,1,ZIPP,STKd 100% UBER & 100% TSLA ETF,SD,SD,00/00/0000,SD,SD,9999
5117,1,ZJK,"ZJK Industrial Co., Ltd. - Ordinary Shares",SD,SD,00/00/0000,SD,SD,9999
5118,1,ZJYL,JIN MEDICAL INTERNATIONAL LTD. - Ordinary Shares,SD,SD,00/00/0000,SD,SD,9999
5119,1,ZJZZT,NASDAQ TEST STOCK,SD,SD,00/00/0000,SD,SD,9999
5120,1,ZKIN,"ZK International Group Co., Ltd - Ordinary Share",SD,SD,00/00/0000,SD,SD,9999
5121,1,ZLAB,Zai Lab Limited - American Depositary Shares,SD,SD,00/00/0000,SD,SD,9999
5122,1,ZM,"Zoom Communications, Inc. - Class A Common Stock",SD,SD,00/00/0000,SD,SD,9999
5123,1,ZMUN,F/m Ultrashort Tax-Free Municipal ETF,SD,SD,00/00/0000,SD,SD,9999
5124,1,ZNB,Zeta Network Group - Class A Ordinary Shares,SD,SD,00/00/0000,SD,SD,9999
5125,1,ZNTL,"Zentalis Pharmaceuticals, Inc. - common stock",SD,SD,00/00/0000,SD,SD,9999
5126,1,ZOOZ,ZOOZ Strategy Ltd. - Ordinary Shares,SD,SD,00/00/0000,SD,SD,9999
5127,1,ZOOZW,ZOOZ Strategy Ltd. - Warrant,SD,SD,00/00/0000,SD,SD,9999
5128,1,ZS,"Zscaler, Inc. - Common Stock",SD,SD,00/00/0000,SD,SD,9999
5129,1,ZSPC,"zSpace, Inc. - Common stock",SD,SD,00/00/0000,SD,SD,9999
5130,1,ZTEK,Zentek Ltd. - common stock,SD,SD,00/00/0000,SD,SD,9999
5131,1,ZTEN,F/m 10-Year Investment Grade Corporate Bond ETF,SD,SD,00/00/0000,SD,SD,9999
5132,1,ZTOP,F/m High Yield 100 ETF,SD,SD,00/00/0000,SD,SD,9999
5133,1,ZTRE,F/m 3-Year Investment Grade Corporate Bond ETF,SD,SD,00/00/0000,SD,SD,9999
5134,1,ZTWO,F/m 2-Year Investment Grade Corporate Bond ETF,SD,SD,00/00/0000,SD,SD,9999
5135,1,ZUMZ,Zumiez Inc. - Common Stock,SD,SD,00/00/0000,SD,SD,9999
5136,1,ZURA,Zura Bio Limited - Class A Ordinary shares,SD,SD,00/00/0000,SD,SD,9999
5137,1,ZVRA,"Zevra Therapeutics, Inc.  - Common Stock",SD,SD,00/00/0000,SD,SD,9999
5138,1,ZVZZT,NASDAQ TEST STOCK,SD,SD,00/00/0000,SD,SD,9999
5139,1,ZWZZT,NASDAQ TEST STOCK,SD,SD,00/00/0000,SD,SD,9999
5140,1,ZXYZ.A,Nasdaq Symbology Test Common Stock,SD,SD,00/00/0000,SD,SD,9999
5141,1,ZXZZT,NASDAQ TEST STOCK,SD,SD,00/00/0000,SD,SD,9999
5142,1,ZYBT,Zhengye Biotechnology Holding Limited - Ordinary Shares,SD,SD,00/00/0000,SD,SD,9999
5143,1,ZYME,Zymeworks Inc. - Common Stock,SD,SD,00/00/0000,SD,SD,9999
5144,1,ZYN,Defiance Daily Target 2x Long PM ETF,SD,SD,00/00/0000,SD,SD,9999
5145,1,ZYXI,"Zynex, Inc. - Common Stock",SD,SD,00/00/0000,SD,SD,9999
5146,1,File Creation Time: ,,SD,SD,00/00/0000,SD,SD,9999
5147,2,MMM,3M,Industrials,Industrial Conglomerates,04/03/1957,"Saint Paul, Minnesota",66740,1902
5148,2,AOS,A. O. Smith,Industrials,Building Products,26/07/2017,"Milwaukee, Wisconsin",91142,1916
5149,2,ABT,Abbott Laboratories,Health Care,Health Care Equipment,04/03/1957,"North Chicago, Illinois",1800,1888
5150,2,ABBV,AbbVie,Health Care,Biotechnology,31/12/2012,"North Chicago, Illinois",1551152,2013
5151,2,ACN,Accenture,Information Technology,IT Consulting & Other Services,06/07/2011,"Dublin, Ireland",1467373,1989
5152,2,ADBE,Adobe Inc.,Information Technology,Application Software,05/05/1997,"San Jose, California",796343,1982
5153,2,AMD,Advanced Micro Devices,Information Technology,Semiconductors,20/03/2017,"Santa Clara, California",2488,1969
5154,2,AES,AES Corporation,Utilities,Independent Power Producers & Energy Traders,02/10/1998,"Arlington, Virginia",874761,1981
5155,2,AFL,Aflac,Financials,Life & Health Insurance,28/05/1999,"Columbus, Georgia",4977,1955
5156,2,A,Agilent Technologies,Health Care,Life Sciences Tools & Services,05/06/2000,"Santa Clara, California",1090872,1999
5157,2,APD,Air Products,Materials,Industrial Gases,30/04/1985,"Upper Macungie Township, Pennsylvania",2969,1940
5158,2,ABNB,Airbnb,Consumer Discretionary,"Hotels, Resorts & Cruise Lines",18/09/2023,"San Francisco, California",1559720,2008
5159,2,AKAM,Akamai Technologies,Information Technology,Internet Services & Infrastructure,12/07/2007,"Cambridge, Massachusetts",1086222,1998
5160,2,ALB,Albemarle Corporation,Materials,Specialty Chemicals,01/07/2016,"Charlotte, North Carolina",915913,1994
5161,2,ARE,Alexandria Real Estate Equities,Real Estate,Office REITs,20/03/2017,"Pasadena, California",1035443,1994
5162,2,ALGN,Align Technology,Health Care,Health Care Supplies,19/06/2017,"Tempe, Arizona",1097149,1997
5163,2,ALLE,Allegion,Industrials,Building Products,02/12/2013,"Dublin, Ireland",1579241,1908
5164,2,LNT,Alliant Energy,Utilities,Electric Utilities,01/07/2016,"Madison, Wisconsin",352541,1917
5165,2,ALL,Allstate,Financials,Property & Casualty Insurance,13/07/1995,"Northbrook, Illinois",899051,1931
5166,2,GOOGL,Alphabet Inc. (Class A),Communication Services,Interactive Media & Services,03/04/2006,"Mountain View, California",1652044,1998
5167,2,GOOG,Alphabet Inc. (Class C),Communication Services,Interactive Media & Services,03/04/2014,"Mountain View, California",1652044,1998
5168,2,MO,Altria,Consumer Staples,Tobacco,04/03/1957,"Richmond, Virginia",764180,1985
5169,2,AMZN,Amazon,Consumer Discretionary,Broadline Retail,18/11/2005,"Seattle, Washington",1018724,1994
5170,2,AMCR,Amcor,Materials,Paper & Plastic Packaging Products & Materials,07/06/2019,"Warmley, Bristol, United Kingdom",1748790,2019
5171,2,AEE,Ameren,Utilities,Multi-Utilities,19/09/1991,"St. Louis, Missouri",1002910,1902
5172,2,AEP,American Electric Power,Utilities,Electric Utilities,04/03/1957,"Columbus, Ohio",4904,1906
5173,2,AXP,American Express,Financials,Consumer Finance,30/06/1976,"New York City, New York",4962,1850
5174,2,AIG,American International Group,Financials,Multi-line Insurance,31/03/1980,"New York City, New York",5272,1919
5175,2,AMT,American Tower,Real Estate,Telecom Tower REITs,19/11/2007,"Boston, Massachusetts",1053507,1995
5176,2,AWK,American Water Works,Utilities,Water Utilities,04/03/2016,"Camden, New Jersey",1410636,1886
5177,2,AMP,Ameriprise Financial,Financials,Asset Management & Custody Banks,03/10/2005,"Minneapolis, Minnesota",820027,1894
5178,2,AME,Ametek,Industrials,Electrical Components & Equipment,23/09/2013,"Berwyn, Pennsylvania",1037868,1930
5179,2,AMGN,Amgen,Health Care,Biotechnology,02/01/1992,"Thousand Oaks, California",318154,1980
5180,2,APH,Amphenol,Information Technology,Electronic Components,30/09/2008,"Wallingford, Connecticut",820313,1932
5181,2,ADI,Analog Devices,Information Technology,Semiconductors,12/10/1999,"Wilmington, Massachusetts",6281,1965
5182,2,AON,Aon plc,Financials,Insurance Brokers,23/04/1996,"London, United Kingdom",315293,1982
5183,2,APA,APA Corporation,Energy,Oil & Gas Exploration & Production,28/07/1997,"Houston, Texas",1841666,1954
5184,2,APO,Apollo Global Management,Financials,Asset Management & Custody Banks,23/12/2024,"New York City, New York",1858681,1990
5185,2,AAPL,Apple Inc.,Information Technology,"Technology Hardware, Storage & Peripherals",30/11/1982,"Cupertino, California",320193,1977
5186,2,AMAT,Applied Materials,Information Technology,Semiconductor Materials & Equipment,16/03/1995,"Santa Clara, California",6951,1967
5187,2,APP,AppLovin,Information Technology,Application Software,22/09/2025,"Palo Alto, California",1751008,2012
5188,2,APTV,Aptiv,Consumer Discretionary,Automotive Parts & Equipment,24/12/2012,"Dublin, Ireland",1521332,1994
5189,2,ACGL,Arch Capital Group,Financials,Property & Casualty Insurance,01/11/2022,"Hamilton, Bermuda",947484,1995
5190,2,ADM,Archer Daniels Midland,Consumer Staples,Agricultural Products & Services,04/03/1957,"Chicago, Illinois",7084,1902
5191,2,ANET,Arista Networks,Information Technology,Communications Equipment,28/08/2018,"Santa Clara, California",1596532,2004
5192,2,AJG,Arthur J. Gallagher & Co.,Financials,Insurance Brokers,31/05/2016,"Rolling Meadows, Illinois",354190,1927
5193,2,AIZ,Assurant,Financials,Multi-line Insurance,10/04/2007,"Atlanta, Georgia",1267238,1892
5194,2,T,AT&T,Communication Services,Integrated Telecommunication Services,30/11/1983,"Dallas, Texas",732717,1983
5195,2,ATO,Atmos Energy,Utilities,Gas Utilities,15/02/2019,"Dallas, Texas",731802,1906
5196,2,ADSK,Autodesk,Information Technology,Application Software,01/12/1989,"San Francisco, California",769397,1982
5197,2,ADP,Automatic Data Processing,Industrials,Human Resource & Employment Services,31/03/1981,"Roseland, New Jersey",8670,1949
5198,2,AZO,AutoZone,Consumer Discretionary,Automotive Retail,02/01/1997,"Memphis, Tennessee",866787,1979
5199,2,AVB,AvalonBay Communities,Real Estate,Multi-Family Residential REITs,10/01/2007,"Arlington, Virginia",915912,1978
5200,2,AVY,Avery Dennison,Materials,Paper & Plastic Packaging Products & Materials,31/12/1987,"Mentor, Ohio",8818,1935
5201,2,AXON,Axon Enterprise,Industrials,Aerospace & Defense,04/05/2023,"Scottsdale, Arizona",1069183,1993
5202,2,BKR,Baker Hughes,Energy,Oil & Gas Equipment & Services,07/07/2017,"Houston, Texas",1701605,2017
5203,2,BALL,Ball Corporation,Materials,"Metal, Glass & Plastic Containers",31/10/1984,"Broomfield, Colorado",9389,1880
5204,2,BAC,Bank of America,Financials,Diversified Banks,30/06/1976,"Charlotte, North Carolina",70858,1998
5205,2,BAX,Baxter International,Health Care,Health Care Equipment,30/09/1972,"Deerfield, Illinois",10456,1931
5206,2,BDX,Becton Dickinson,Health Care,Health Care Equipment,30/09/1972,"Franklin Lakes, New Jersey",10795,1897
5207,2,BRK.B,Berkshire Hathaway,Financials,Multi-Sector Holdings,16/02/2010,"Omaha, Nebraska",1067983,1839
5208,2,BBY,Best Buy,Consumer Discretionary,Computer & Electronics Retail,29/06/1999,"Richfield, Minnesota",764478,1966
5209,2,TECH,Bio-Techne,Health Care,Life Sciences Tools & Services,30/08/2021,"Minneapolis, Minnesota",842023,1976
5210,2,BIIB,Biogen,Health Care,Biotechnology,13/11/2003,"Cambridge, Massachusetts",875045,1978
5211,2,BLK,BlackRock,Financials,Asset Management & Custody Banks,04/04/2011,"New York City, New York",2012383,1988
5212,2,BX,Blackstone Inc.,Financials,Asset Management & Custody Banks,18/09/2023,"New York City, New York",1393818,1985
5213,2,XYZ,"Block, Inc.",Financials,Transaction & Payment Processing Services,23/07/2025,none,1512673,2009
5214,2,BK,BNY Mellon,Financials,Asset Management & Custody Banks,31/03/1995,"New York City, New York",1390777,1784
5215,2,BA,Boeing,Industrials,Aerospace & Defense,04/03/1957,"Arlington, Virginia",12927,1916
5216,2,BKNG,Booking Holdings,Consumer Discretionary,"Hotels, Resorts & Cruise Lines",06/11/2009,"Norwalk, Connecticut",1075531,1996
5217,2,BSX,Boston Scientific,Health Care,Health Care Equipment,24/02/1995,"Marlborough, Massachusetts",885725,1979
5218,2,BMY,Bristol Myers Squibb,Health Care,Pharmaceuticals,04/03/1957,"New York City, New York",14272,1989
5219,2,AVGO,Broadcom,Information Technology,Semiconductors,08/05/2014,"Palo Alto, California",1730168,1961
5220,2,BR,Broadridge Financial Solutions,Industrials,Data Processing & Outsourced Services,18/06/2018,"Lake Success, New York",1383312,1962
5221,2,BRO,Brown & Brown,Financials,Insurance Brokers,20/09/2021,"Daytona Beach, Florida",79282,1939
5222,2,BF.B,Brown–Forman,Consumer Staples,Distillers & Vintners,31/10/1982,"Louisville, Kentucky",14693,1870
5223,2,BLDR,Builders FirstSource,Industrials,Building Products,18/12/2023,"Irving, Texas",1316835,1998
5224,2,BG,Bunge Global,Consumer Staples,Agricultural Products & Services,15/03/2023,"Chesterfield, Missouri",1996862,1818
5225,2,BXP,"BXP, Inc.",Real Estate,Office REITs,03/04/2006,"Boston, Massachusetts",1037540,1970
5226,2,CHRW,C.H. Robinson,Industrials,Air Freight & Logistics,02/03/2007,"Eden Prairie, Minnesota",1043277,1905
5227,2,CDNS,Cadence Design Systems,Information Technology,Application Software,18/09/2017,"San Jose, California",813672,1988
5228,2,CPT,Camden Property Trust,Real Estate,Multi-Family Residential REITs,04/04/2022,"Houston, Texas",906345,1981
5229,2,CPB,Campbell's Company (The),Consumer Staples,Packaged Foods & Meats,04/03/1957,"Camden, New Jersey",16732,1869
5230,2,COF,Capital One,Financials,Consumer Finance,01/07/1998,"Tysons Corner, Virginia",927628,1994
5231,2,CAH,Cardinal Health,Health Care,Health Care Distributors,27/05/1997,"Dublin, Ohio",721371,1971
5232,2,KMX,CarMax,Consumer Discretionary,Automotive Retail,28/06/2010,"Richmond, Virginia",1170010,1993
5233,2,CCL,Carnival,Consumer Discretionary,"Hotels, Resorts & Cruise Lines",22/12/1998,"Miami, Florida",815097,1972
5234,2,CARR,Carrier Global,Industrials,Building Products,03/04/2020,"Palm Beach Gardens, Florida",1783180,2020
5235,2,CAT,Caterpillar Inc.,Industrials,Construction Machinery & Heavy Transportation Equipment,04/03/1957,"Irving, Texas",18230,1925
5236,2,CBOE,Cboe Global Markets,Financials,Financial Exchanges & Data,01/03/2017,"Chicago, Illinois",1374310,1973
5237,2,CBRE,CBRE Group,Real Estate,Real Estate Services,10/11/2006,"Dallas, Texas",1138118,1906
5238,2,CDW,CDW Corporation,Information Technology,Technology Distributors,23/09/2019,"Vernon Hills, Illinois",1402057,1984
5239,2,COR,Cencora,Health Care,Health Care Distributors,30/08/2001,"Conshohocken, Pennsylvania",1140859,1985
5240,2,CNC,Centene Corporation,Health Care,Managed Health Care,30/03/2016,"St. Louis, Missouri",1071739,1984
5241,2,CNP,CenterPoint Energy,Utilities,Multi-Utilities,31/07/1985,"Houston, Texas",1130310,1882
5242,2,CF,CF Industries,Materials,Fertilizers & Agricultural Chemicals,27/08/2008,"Deerfield, Illinois",1324404,1946
5243,2,CRL,Charles River Laboratories,Health Care,Life Sciences Tools & Services,14/05/2021,"Wilmington, Massachusetts",1100682,1947
5244,2,SCHW,Charles Schwab Corporation,Financials,Investment Banking & Brokerage,02/06/1997,"Westlake, Texas",316709,1971
5245,2,CHTR,Charter Communications,Communication Services,Cable & Satellite,08/09/2016,"Stamford, Connecticut",1091667,1993
5246,2,CVX,Chevron Corporation,Energy,Integrated Oil & Gas,04/03/1957,"Houston, Texas",93410,1879
5247,2,CMG,Chipotle Mexican Grill,Consumer Discretionary,Restaurants,28/04/2011,"Newport Beach, California",1058090,1993
5248,2,CB,Chubb Limited,Financials,Property & Casualty Insurance,15/07/2010,"Zurich, Switzerland",896159,1985
5249,2,CHD,Church & Dwight,Consumer Staples,Household Products,29/12/2015,"Ewing, New Jersey",313927,1847
5250,2,CI,Cigna,Health Care,Health Care Services,30/06/1976,"Bloomfield, Connecticut",1739940,1982
5251,2,CINF,Cincinnati Financial,Financials,Property & Casualty Insurance,18/12/1997,"Fairfield, Ohio",20286,1950
5252,2,CTAS,Cintas,Industrials,Diversified Support Services,01/03/2001,"Mason, Ohio",723254,1929
5253,2,CSCO,Cisco,Information Technology,Communications Equipment,01/12/1993,"San Jose, California",858877,1984
5254,2,C,Citigroup,Financials,Diversified Banks,31/05/1988,"New York City, New York",831001,1998
5255,2,CFG,Citizens Financial Group,Financials,Regional Banks,29/01/2016,"Providence, Rhode Island",759944,1828
5256,2,CLX,Clorox,Consumer Staples,Household Products,31/03/1969,"Oakland, California",21076,1913
5257,2,CME,CME Group,Financials,Financial Exchanges & Data,11/08/2006,"Chicago, Illinois",1156375,1848
5258,2,CMS,CMS Energy,Utilities,Multi-Utilities,04/03/1957,"Jackson, Michigan",811156,1886
5259,2,KO,Coca-Cola Company (The),Consumer Staples,Soft Drinks & Non-alcoholic Beverages,04/03/1957,"Atlanta, Georgia",21344,1886
5260,2,CTSH,Cognizant,Information Technology,IT Consulting & Other Services,17/11/2006,"Teaneck, New Jersey",1058290,1994
5261,2,COIN,Coinbase,Financials,Financial Exchanges & Data,19/05/2025,"New York City, New York",1679788,2012
5262,2,CL,Colgate-Palmolive,Consumer Staples,Household Products,04/03/1957,"New York City, New York",21665,1806
5263,2,CMCSA,Comcast,Communication Services,Cable & Satellite,19/11/2002,"Philadelphia, Pennsylvania",1166691,1963
5264,2,CAG,Conagra Brands,Consumer Staples,Packaged Foods & Meats,31/08/1983,"Chicago, Illinois",23217,1919
5265,2,COP,ConocoPhillips,Energy,Oil & Gas Exploration & Production,04/03/1957,"Houston, Texas",1163165,2002
5266,2,ED,Consolidated Edison,Utilities,Multi-Utilities,04/03/1957,"New York City, New York",1047862,1823
5267,2,STZ,Constellation Brands,Consumer Staples,Distillers & Vintners,01/07/2005,"Rochester, New York",16918,1945
5268,2,CEG,Constellation Energy,Utilities,Electric Utilities,02/02/2022,"Baltimore, Maryland",1868275,1999
5269,2,COO,Cooper Companies (The),Health Care,Health Care Supplies,23/09/2016,"San Ramon, California",711404,1958
5270,2,CPRT,Copart,Industrials,Diversified Support Services,02/07/2018,"Dallas, Texas",900075,1982
5271,2,GLW,Corning Inc.,Information Technology,Electronic Components,27/02/1995,"Corning, New York",24741,1851
5272,2,CPAY,Corpay,Financials,Transaction & Payment Processing Services,20/06/2018,"Atlanta, Georgia",1175454,2000
5273,2,CTVA,Corteva,Materials,Fertilizers & Agricultural Chemicals,03/06/2019,"Indianapolis, Indiana",1755672,2019
5274,2,CSGP,CoStar Group,Real Estate,Real Estate Services,19/09/2022,"Washington, D.C.",1057352,1987
5275,2,COST,Costco,Consumer Staples,Consumer Staples Merchandise Retail,01/10/1993,"Issaquah, Washington",909832,1976
5276,2,CTRA,Coterra,Energy,Oil & Gas Exploration & Production,23/06/2008,"Houston, Texas",858470,2021
5277,2,CRWD,CrowdStrike,Information Technology,Systems Software,24/06/2024,"Austin, Texas",1535527,2011
5278,2,CCI,Crown Castle,Real Estate,Telecom Tower REITs,14/03/2012,"Houston, Texas",1051470,1994
5279,2,CSX,CSX Corporation,Industrials,Rail Transportation,04/03/1957,"Jacksonville, Florida",277948,1980
5280,2,CMI,Cummins,Industrials,Construction Machinery & Heavy Transportation Equipment,31/03/1965,"Columbus, Indiana",26172,1919
5281,2,CVS,CVS Health,Health Care,Health Care Services,04/03/1957,"Woonsocket, Rhode Island",64803,1996
5282,2,DHR,Danaher Corporation,Health Care,Life Sciences Tools & Services,18/11/1998,"Washington, D.C.",313616,1969
5283,2,DRI,Darden Restaurants,Consumer Discretionary,Restaurants,31/05/1995,"Orlando, Florida",940944,1938
5284,2,DDOG,Datadog,Information Technology,Application Software,09/07/2025,"New York City, New York",1561550,2010
5285,2,DVA,DaVita,Health Care,Health Care Services,31/07/2008,"Denver, Colorado",927066,1979
5286,2,DAY,Dayforce,Industrials,Human Resource & Employment Services,20/09/2021,"Minneapolis, Minnesota",1725057,1992
5287,2,DECK,Deckers Brands,Consumer Discretionary,Footwear,18/03/2024,"Goleta, California",910521,1973
5288,2,DE,Deere & Company,Industrials,Agricultural & Farm Machinery,04/03/1957,"Moline, Illinois",315189,1837
5289,2,DELL,Dell Technologies,Information Technology,"Technology Hardware, Storage & Peripherals",23/09/2024,"Round Rock, Texas",1571996,2016
5290,2,DAL,Delta Air Lines,Industrials,Passenger Airlines,11/09/2013,"Atlanta, Georgia",27904,1929
5291,2,DVN,Devon Energy,Energy,Oil & Gas Exploration & Production,30/08/2000,"Oklahoma City, Oklahoma",1090012,1971
5292,2,DXCM,Dexcom,Health Care,Health Care Equipment,12/05/2020,"San Diego, California",1093557,1999
5293,2,FANG,Diamondback Energy,Energy,Oil & Gas Exploration & Production,03/12/2018,"Midland, Texas",1539838,2007
5294,2,DLR,Digital Realty,Real Estate,Data Center REITs,18/05/2016,"Austin, Texas",1297996,2004
5295,2,DG,Dollar General,Consumer Staples,Consumer Staples Merchandise Retail,03/12/2012,"Goodlettsville, Tennessee",29534,1939
5296,2,DLTR,Dollar Tree,Consumer Staples,Consumer Staples Merchandise Retail,19/12/2011,"Chesapeake, Virginia",935703,1986
5297,2,D,Dominion Energy,Utilities,Multi-Utilities,30/11/2016,"Richmond, Virginia",715957,1983
5298,2,DPZ,Domino's,Consumer Discretionary,Restaurants,12/05/2020,"Ann Arbor, Michigan",1286681,1960
5299,2,DASH,DoorDash,Consumer Discretionary,Specialized Consumer Services,24/03/2025,"San Francisco, California",1792789,2012
5300,2,DOV,Dover Corporation,Industrials,Industrial Machinery & Supplies & Components,31/10/1985,"Downers Grove, Illinois",29905,1955
5301,2,DOW,Dow Inc.,Materials,Commodity Chemicals,01/04/2019,"Midland, Michigan",1751788,2019
5302,2,DHI,D. R. Horton,Consumer Discretionary,Homebuilding,22/06/2005,"Arlington, Texas",882184,1978
5303,2,DTE,DTE Energy,Utilities,Multi-Utilities,04/03/1957,"Detroit, Michigan",936340,1995
5304,2,DUK,Duke Energy,Utilities,Electric Utilities,30/06/1976,"Charlotte, North Carolina",1326160,1904
5305,2,DD,DuPont,Materials,Specialty Chemicals,03/06/2019,"Wilmington, Delaware",1666700,2017
5306,2,EMN,Eastman Chemical Company,Materials,Specialty Chemicals,01/01/1994,"Kingsport, Tennessee",915389,1920
5307,2,ETN,Eaton Corporation,Industrials,Electrical Components & Equipment,04/03/1957,"Dublin, Ireland",1551182,1911
5308,2,EBAY,eBay Inc.,Consumer Discretionary,Broadline Retail,22/07/2002,"San Jose, California",1065088,1995
5309,2,ECL,Ecolab,Materials,Specialty Chemicals,31/01/1989,"Saint Paul, Minnesota",31462,1923
5310,2,EIX,Edison International,Utilities,Electric Utilities,04/03/1957,"Rosemead, California",827052,1886
5311,2,EW,Edwards Lifesciences,Health Care,Health Care Equipment,01/04/2011,"Irvine, California",1099800,1958
5312,2,EA,Electronic Arts,Communication Services,Interactive Home Entertainment,22/07/2002,"Redwood City, California",712515,1982
5313,2,ELV,Elevance Health,Health Care,Managed Health Care,25/07/2002,"Indianapolis, Indiana",1156039,2014
5314,2,EME,Emcor,Industrials,Construction & Engineering,22/09/2025,"Norwalk, Connecticut",105634,1994
5315,2,EMR,Emerson Electric,Industrials,Electrical Components & Equipment,31/03/1965,"Ferguson, Missouri",32604,1890
5316,2,ETR,Entergy,Utilities,Electric Utilities,04/03/1957,"New Orleans, Louisiana",65984,1913
5317,2,EOG,EOG Resources,Energy,Oil & Gas Exploration & Production,02/11/2000,"Houston, Texas",821189,1999
5318,2,EPAM,EPAM Systems,Information Technology,IT Consulting & Other Services,14/12/2021,"Newtown, Pennsylvania",1352010,1993
5319,2,EQT,EQT Corporation,Energy,Oil & Gas Exploration & Production,03/10/2022,"Pittsburgh, Pennsylvania",33213,1888
5320,2,EFX,Equifax,Industrials,Research & Consulting Services,19/06/1997,"Atlanta, Georgia",33185,1899
5321,2,EQIX,Equinix,Real Estate,Data Center REITs,20/03/2015,"Redwood City, California",1101239,1998
5322,2,EQR,Equity Residential,Real Estate,Multi-Family Residential REITs,03/12/2001,"Chicago, Illinois",906107,1969
5323,2,ERIE,Erie Indemnity,Financials,Insurance Brokers,23/09/2024,"Erie, Pennsylvania",922621,1925
5324,2,ESS,Essex Property Trust,Real Estate,Multi-Family Residential REITs,02/04/2014,"San Mateo, California",920522,1971
5325,2,EL,Estée Lauder Companies (The),Consumer Staples,Personal Care Products,05/01/2006,"New York City, New York",1001250,1946
5326,2,EG,Everest Group,Financials,Reinsurance,19/06/2017,"Hamilton, Bermuda",1095073,1973
5327,2,EVRG,Evergy,Utilities,Electric Utilities,05/06/2018,"Kansas City, Missouri",1711269,1909
5328,2,ES,Eversource Energy,Utilities,Electric Utilities,24/07/2009,"Hartford, Connecticut",72741,1966
5329,2,EXC,Exelon,Utilities,Electric Utilities,04/03/1957,"Chicago, Illinois",1109357,2000
5330,2,EXE,Expand Energy,Energy,Oil & Gas Exploration & Production,24/03/2025,"Oklahoma City, Oklahoma",895126,1989
5331,2,EXPE,Expedia Group,Consumer Discretionary,"Hotels, Resorts & Cruise Lines",02/10/2007,"Seattle, Washington",1324424,1996
5332,2,EXPD,Expeditors International,Industrials,Air Freight & Logistics,10/10/2007,"Seattle, Washington",746515,1979
5333,2,EXR,Extra Space Storage,Real Estate,Self-Storage REITs,19/01/2016,"Salt Lake City, Utah",1289490,1977
5334,2,XOM,ExxonMobil,Energy,Integrated Oil & Gas,04/03/1957,"Irving, Texas",34088,1999
5335,2,FFIV,"F5, Inc.",Information Technology,Communications Equipment,20/12/2010,"Seattle, Washington",1048695,1996
5336,2,FDS,FactSet,Financials,Financial Exchanges & Data,20/12/2021,"Norwalk, Connecticut",1013237,1978
5337,2,FICO,Fair Isaac,Information Technology,Application Software,20/03/2023,"Bozeman, Montana",814547,1956
5338,2,FAST,Fastenal,Industrials,Trading Companies & Distributors,15/09/2008,"Winona, Minnesota",815556,1967
5339,2,FRT,Federal Realty Investment Trust,Real Estate,Retail REITs,01/02/2016,"Rockville, Maryland",34903,1962
5340,2,FDX,FedEx,Industrials,Air Freight & Logistics,31/12/1980,"Memphis, Tennessee",1048911,1971
5341,2,FIS,Fidelity National Information Services,Financials,Transaction & Payment Processing Services,10/11/2006,"Jacksonville, Florida",1136893,1968
5342,2,FITB,Fifth Third Bancorp,Financials,Regional Banks,29/03/1996,"Cincinnati, Ohio",35527,1858
5343,2,FSLR,First Solar,Information Technology,Semiconductors,19/12/2022,"Tempe, Arizona",1274494,1999
5344,2,FE,FirstEnergy,Utilities,Electric Utilities,28/11/1997,"Akron, Ohio",1031296,1997
5345,2,FI,Fiserv,Financials,Transaction & Payment Processing Services,02/04/2001,"Brookfield, Wisconsin",798354,1984
5346,2,F,Ford Motor Company,Consumer Discretionary,Automobile Manufacturers,04/03/1957,"Dearborn, Michigan",37996,1903
5347,2,FTNT,Fortinet,Information Technology,Systems Software,11/10/2018,"Sunnyvale, California",1262039,2000
5348,2,FTV,Fortive,Industrials,Industrial Machinery & Supplies & Components,01/07/2016,"Everett, Washington",1659166,2016
5349,2,FOXA,Fox Corporation (Class A),Communication Services,Broadcasting,19/03/2019,"New York City, New York",1754301,2019
5350,2,FOX,Fox Corporation (Class B),Communication Services,Broadcasting,19/03/2019,"New York City, New York",1754301,2019
5351,2,BEN,Franklin Resources,Financials,Asset Management & Custody Banks,30/04/1998,"San Mateo, California",38777,1947
5352,2,FCX,Freeport-McMoRan,Materials,Copper,01/07/2011,"Phoenix, Arizona",831259,1912
5353,2,GRMN,Garmin,Consumer Discretionary,Consumer Electronics,12/12/2012,"Schaffhausen, Switzerland",1121788,1989
5354,2,IT,Gartner,Information Technology,IT Consulting & Other Services,05/04/2017,"Stamford, Connecticut",749251,1979
5355,2,GE,GE Aerospace,Industrials,Aerospace & Defense,04/03/1957,"Evendale, Ohio",40545,1892
5356,2,GEHC,GE HealthCare,Health Care,Health Care Equipment,04/01/2023,"Chicago, Illinois",1932393,1994
5357,2,GEV,GE Vernova,Industrials,Heavy Electrical Equipment,02/04/2024,"Cambridge, Massachusetts",1996810,2024
5358,2,GEN,Gen Digital,Information Technology,Systems Software,25/03/2003,"Tempe, Arizona",849399,1982
5359,2,GNRC,Generac,Industrials,Electrical Components & Equipment,22/03/2021,"Waukesha, Wisconsin",1474735,1959
5360,2,GD,General Dynamics,Industrials,Aerospace & Defense,04/03/1957,"Falls Church, Virginia",40533,1899
5361,2,GIS,General Mills,Consumer Staples,Packaged Foods & Meats,04/03/1957,"Golden Valley, Minnesota",40704,1856
5362,2,GM,General Motors,Consumer Discretionary,Automobile Manufacturers,06/06/2013,"Detroit, Michigan",1467858,1908
5363,2,GPC,Genuine Parts Company,Consumer Discretionary,Distributors,31/12/1973,"Atlanta, Georgia",40987,1925
5364,2,GILD,Gilead Sciences,Health Care,Biotechnology,01/07/2004,"Foster City, California",882095,1987
5365,2,GPN,Global Payments,Financials,Transaction & Payment Processing Services,25/04/2016,"Atlanta, Georgia",1123360,2000
5366,2,GL,Globe Life,Financials,Life & Health Insurance,30/04/1989,"McKinney, Texas",320335,1900
5367,2,GDDY,GoDaddy,Information Technology,Internet Services & Infrastructure,24/06/2024,"Tempe, Arizona",1609711,1997
5368,2,GS,Goldman Sachs,Financials,Investment Banking & Brokerage,22/07/2002,"New York City, New York",886982,1869
5369,2,HAL,Halliburton,Energy,Oil & Gas Equipment & Services,04/03/1957,"Houston, Texas",45012,1919
5370,2,HIG,Hartford (The),Financials,Property & Casualty Insurance,04/03/1957,"Hartford, Connecticut",874766,1810
5371,2,HAS,Hasbro,Consumer Discretionary,Leisure Products,30/09/1984,"Pawtucket, Rhode Island",46080,1923
5372,2,HCA,HCA Healthcare,Health Care,Health Care Facilities,27/01/2015,"Nashville, Tennessee",860730,1968
5373,2,DOC,Healthpeak Properties,Real Estate,Health Care REITs,31/03/2008,"Denver, Colorado",765880,1985
5374,2,HSIC,Henry Schein,Health Care,Health Care Distributors,17/03/2015,"Melville, New York",1000228,1932
5375,2,HSY,Hershey Company (The),Consumer Staples,Packaged Foods & Meats,04/03/1957,"Hershey, Pennsylvania",47111,1894
5376,2,HPE,Hewlett Packard Enterprise,Information Technology,"Technology Hardware, Storage & Peripherals",02/11/2015,"Houston, Texas",1645590,2015
5377,2,HLT,Hilton Worldwide,Consumer Discretionary,"Hotels, Resorts & Cruise Lines",19/06/2017,"Tysons Corner, Virginia",1585689,1919
5378,2,HOLX,Hologic,Health Care,Health Care Equipment,30/03/2016,"Marlborough, Massachusetts",859737,1985
5379,2,HD,Home Depot (The),Consumer Discretionary,Home Improvement Retail,31/03/1988,"Atlanta, Georgia",354950,1978
5380,2,HON,Honeywell,Industrials,Industrial Conglomerates,04/03/1957,"Charlotte, North Carolina",773840,1906
5381,2,HRL,Hormel Foods,Consumer Staples,Packaged Foods & Meats,04/03/2009,"Austin, Minnesota",48465,1891
5382,2,HST,Host Hotels & Resorts,Real Estate,Hotel & Resort REITs,20/03/2007,"Bethesda, Maryland",1070750,1993
5383,2,HWM,Howmet Aerospace,Industrials,Aerospace & Defense,21/10/2016,"Pittsburgh, Pennsylvania",4281,1888
5384,2,HPQ,HP Inc.,Information Technology,"Technology Hardware, Storage & Peripherals",31/12/1974,"Palo Alto, California",47217,1939
5385,2,HUBB,Hubbell Incorporated,Industrials,Industrial Machinery & Supplies & Components,18/10/2023,"Shelton, Connecticut",48898,1888
5386,2,HUM,Humana,Health Care,Managed Health Care,10/12/2012,"Louisville, Kentucky",49071,1961
5387,2,HBAN,Huntington Bancshares,Financials,Regional Banks,28/08/1997,"Columbus, Ohio; Detroit, Michigan",49196,1866
5388,2,HII,Huntington Ingalls Industries,Industrials,Aerospace & Defense,03/01/2018,"Newport News, Virginia",1501585,2011
5389,2,IBM,IBM,Information Technology,IT Consulting & Other Services,04/03/1957,"Armonk, New York",51143,1911
5390,2,IEX,IDEX Corporation,Industrials,Industrial Machinery & Supplies & Components,09/08/2019,"Northbrook, Illinois",832101,1988
5391,2,IDXX,Idexx Laboratories,Health Care,Health Care Equipment,05/01/2017,"Westbrook, Maine",874716,1983
5392,2,ITW,Illinois Tool Works,Industrials,Industrial Machinery & Supplies & Components,28/02/1986,"Glenview, Illinois",49826,1912
5393,2,INCY,Incyte,Health Care,Biotechnology,28/02/2017,"Wilmington, Delaware",879169,1991
5394,2,IR,Ingersoll Rand,Industrials,Industrial Machinery & Supplies & Components,03/03/2020,"Davidson, North Carolina",1699150,1859
5395,2,PODD,Insulet Corporation,Health Care,Health Care Equipment,15/03/2023,"Acton, Massachusetts",1145197,2000
5396,2,INTC,Intel,Information Technology,Semiconductors,31/12/1976,"Santa Clara, California",50863,1968
5397,2,IBKR,Interactive Brokers,Financials,Investment Banking & Brokerage,28/08/2025,"Greenwich, Connecticut",1381197,1977
5398,2,ICE,Intercontinental Exchange,Financials,Financial Exchanges & Data,26/09/2007,"Atlanta, Georgia",1571949,2000
5399,2,IFF,International Flavors & Fragrances,Materials,Specialty Chemicals,31/03/1976,"New York City, New York",51253,1958
5400,2,IP,International Paper,Materials,Paper & Plastic Packaging Products & Materials,04/03/1957,"Memphis, Tennessee",51434,1898
5401,2,IPG,Interpublic Group of Companies (The),Communication Services,Advertising,01/10/1992,"New York City, New York",51644,1961
5402,2,INTU,Intuit,Information Technology,Application Software,05/12/2000,"Mountain View, California",896878,1983
5403,2,ISRG,Intuitive Surgical,Health Care,Health Care Equipment,02/06/2008,"Sunnyvale, California",1035267,1995
5404,2,IVZ,Invesco,Financials,Asset Management & Custody Banks,21/08/2008,"Atlanta, Georgia",914208,1935
5405,2,INVH,Invitation Homes,Real Estate,Single-Family Residential REITs,19/09/2022,"Dallas, Texas",1687229,2012
5406,2,IQV,IQVIA,Health Care,Life Sciences Tools & Services,29/08/2017,"Durham, North Carolina",1478242,1982
5407,2,IRM,Iron Mountain,Real Estate,Other Specialized REITs,06/01/2009,"Portsmouth, New Hampshire",1020569,1951
5408,2,JBHT,J.B. Hunt,Industrials,Cargo Ground Transportation,01/07/2015,"Lowell, Arkansas",728535,1961
5409,2,JBL,Jabil,Information Technology,Electronic Manufacturing Services,18/12/2023,"St. Petersburg, Florida",898293,1966
5410,2,JKHY,Jack Henry & Associates,Financials,Transaction & Payment Processing Services,13/11/2018,"Monett, Missouri",779152,1976
5411,2,J,Jacobs Solutions,Industrials,Construction & Engineering,26/10/2007,"Dallas, Texas",52988,1947
5412,2,JNJ,Johnson & Johnson,Health Care,Pharmaceuticals,30/06/1973,"New Brunswick, New Jersey",200406,1886
5413,2,JCI,Johnson Controls,Industrials,Building Products,27/08/2010,"Cork, Ireland",833444,1885
5414,2,JPM,JPMorgan Chase,Financials,Diversified Banks,30/06/1975,"New York City, New York",19617,2000
5415,2,K,Kellanova,Consumer Staples,Packaged Foods & Meats,11/09/1989,"Chicago, Illinois",55067,1906
5416,2,KVUE,Kenvue,Consumer Staples,Personal Care Products,25/08/2023,"Skillman, New Jersey",1944048,2022
5417,2,KDP,Keurig Dr Pepper,Consumer Staples,Soft Drinks & Non-alcoholic Beverages,21/06/2022,"Burlington, Massachusetts",1418135,1981
5418,2,KEY,KeyCorp,Financials,Regional Banks,01/03/1994,"Cleveland, Ohio",91576,1825
5419,2,KEYS,Keysight Technologies,Information Technology,Electronic Equipment & Instruments,06/11/2018,"Santa Rosa, California",1601046,2014
5420,2,KMB,Kimberly-Clark,Consumer Staples,Household Products,04/03/1957,"Irving, Texas",55785,1872
5421,2,KIM,Kimco Realty,Real Estate,Retail REITs,04/04/2006,"Jericho, New York",879101,1958
5422,2,KMI,Kinder Morgan,Energy,Oil & Gas Storage & Transportation,25/05/2012,"Houston, Texas",1506307,1997
5423,2,KKR,KKR & Co.,Financials,Asset Management & Custody Banks,24/06/2024,"New York City, New York",1404912,1976
5424,2,KLAC,KLA Corporation,Information Technology,Semiconductor Materials & Equipment,30/09/1997,"Milpitas, California",319201,1975
5425,2,KHC,Kraft Heinz,Consumer Staples,Packaged Foods & Meats,06/07/2015,"Chicago, Illinois; Pittsburgh, Pennsylvania",1637459,2015
5426,2,KR,Kroger,Consumer Staples,Food Retail,04/03/1957,"Cincinnati, Ohio",56873,1883
5427,2,LHX,L3Harris,Industrials,Aerospace & Defense,22/09/2008,"Melbourne, Florida",202058,2019
5428,2,LH,Labcorp,Health Care,Health Care Services,01/11/2004,"Burlington, North Carolina",920148,1978
5429,2,LRCX,Lam Research,Information Technology,Semiconductor Materials & Equipment,29/06/2012,"Fremont, California",707549,1980
5430,2,LW,Lamb Weston,Consumer Staples,Packaged Foods & Meats,03/12/2018,"Eagle, Idaho",1679273,2016
5431,2,LVS,Las Vegas Sands,Consumer Discretionary,Casinos & Gaming,03/10/2019,"Las Vegas, Nevada",1300514,1988
5432,2,LDOS,Leidos,Industrials,Diversified Support Services,09/08/2019,"Reston, Virginia",1336920,1969
5433,2,LEN,Lennar,Consumer Discretionary,Homebuilding,04/10/2005,"Miami, Florida",920760,1954
5434,2,LII,Lennox International,Industrials,Building Products,23/12/2024,"Richardson, Texas",1069202,1895
5435,2,LLY,Lilly (Eli),Health Care,Pharmaceuticals,31/12/1970,"Indianapolis, Indiana",59478,1876
5436,2,LIN,Linde plc,Materials,Industrial Gases,01/07/1992,"Guildford, United Kingdom",1707925,1879
5437,2,LYV,Live Nation Entertainment,Communication Services,Movies & Entertainment,23/12/2019,"Beverly Hills, California",1335258,2010
5438,2,LKQ,LKQ Corporation,Consumer Discretionary,Distributors,23/05/2016,"Nashville, Tennessee",1065696,1998
5439,2,LMT,Lockheed Martin,Industrials,Aerospace & Defense,04/03/1957,"Bethesda, Maryland",936468,1995
5440,2,L,Loews Corporation,Financials,Multi-line Insurance,31/05/1995,"New York City, New York",60086,1959
5441,2,LOW,Lowe's,Consumer Discretionary,Home Improvement Retail,29/02/1984,"Mooresville, North Carolina",60667,1904
5442,2,LULU,Lululemon Athletica,Consumer Discretionary,"Apparel, Accessories & Luxury Goods",18/10/2023,"Vancouver, Canada",1397187,1998
5443,2,LYB,LyondellBasell,Materials,Specialty Chemicals,05/09/2012,"Rotterdam, Netherlands",1489393,2007
5444,2,MTB,M&T Bank,Financials,Regional Banks,23/02/2004,"Buffalo, New York",36270,1856
5445,2,MPC,Marathon Petroleum,Energy,Oil & Gas Refining & Marketing,01/07/2011,"Findlay, Ohio",1510295,2009
5446,2,MAR,Marriott International,Consumer Discretionary,"Hotels, Resorts & Cruise Lines",29/05/1998,"Bethesda, Maryland",1048286,1927
5447,2,MMC,Marsh McLennan,Financials,Insurance Brokers,31/08/1987,"New York City, New York",62709,1905
5448,2,MLM,Martin Marietta Materials,Materials,Construction Materials,02/07/2014,"Raleigh, North Carolina",916076,1993
5449,2,MAS,Masco,Industrials,Building Products,30/06/1981,"Livonia, Michigan",62996,1929
5450,2,MA,Mastercard,Financials,Transaction & Payment Processing Services,18/07/2008,"Harrison, New York",1141391,1966
5451,2,MTCH,Match Group,Communication Services,Interactive Media & Services,20/09/2021,"Dallas, Texas",891103,1986
5452,2,MKC,McCormick & Company,Consumer Staples,Packaged Foods & Meats,20/03/2003,"Hunt Valley, Maryland",63754,1889
5453,2,MCD,McDonald's,Consumer Discretionary,Restaurants,30/06/1970,"Chicago, Illinois",63908,1940
5454,2,MCK,McKesson Corporation,Health Care,Health Care Distributors,13/01/1999,"Irving, Texas",927653,1833
5455,2,MDT,Medtronic,Health Care,Health Care Equipment,31/10/1986,"Dublin, Ireland",1613103,1949
5456,2,MRK,Merck & Co.,Health Care,Pharmaceuticals,04/03/1957,"Kenilworth, New Jersey",310158,1891
5457,2,META,Meta Platforms,Communication Services,Interactive Media & Services,23/12/2013,"Menlo Park, California",1326801,2004
5458,2,MET,MetLife,Financials,Life & Health Insurance,11/12/2000,"New York City, New York",1099219,1868
5459,2,MTD,Mettler Toledo,Health Care,Life Sciences Tools & Services,06/09/2016,"Columbus, Ohio",1037646,1945
5460,2,MGM,MGM Resorts,Consumer Discretionary,Casinos & Gaming,26/07/2017,"Paradise, Nevada",789570,1986
5461,2,MCHP,Microchip Technology,Information Technology,Semiconductors,07/09/2007,"Chandler, Arizona",827054,1989
5462,2,MU,Micron Technology,Information Technology,Semiconductors,27/09/1994,"Boise, Idaho",723125,1978
5463,2,MSFT,Microsoft,Information Technology,Systems Software,01/06/1994,"Redmond, Washington",789019,1975
5464,2,MAA,Mid-America Apartment Communities,Real Estate,Multi-Family Residential REITs,02/12/2016,"Memphis, Tennessee",912595,1977
5465,2,MRNA,Moderna,Health Care,Biotechnology,21/07/2021,"Cambridge, Massachusetts",1682852,2010
5466,2,MHK,Mohawk Industries,Consumer Discretionary,Home Furnishings,23/12/2013,"Calhoun, Georgia",851968,1878
5467,2,MOH,Molina Healthcare,Health Care,Managed Health Care,02/03/2022,"Long Beach, California",1179929,1980
5468,2,TAP,Molson Coors Beverage Company,Consumer Staples,Brewers,30/06/1976,"Chicago, Illinois",24545,2005
5469,2,MDLZ,Mondelez International,Consumer Staples,Packaged Foods & Meats,02/10/2012,"Chicago, Illinois",1103982,2012
5470,2,MPWR,Monolithic Power Systems,Information Technology,Semiconductors,12/02/2021,"Kirkland, Washington",1280452,1997
5471,2,MNST,Monster Beverage,Consumer Staples,Soft Drinks & Non-alcoholic Beverages,28/06/2012,"Corona, California",865752,2012
5472,2,MCO,Moody's Corporation,Financials,Financial Exchanges & Data,01/07/1998,"New York City, New York",1059556,1909
5473,2,MS,Morgan Stanley,Financials,Investment Banking & Brokerage,29/07/1993,"New York City, New York",895421,1935
5474,2,MOS,Mosaic Company (The),Materials,Fertilizers & Agricultural Chemicals,26/09/2011,"Tampa, Florida",1285785,2004
5475,2,MSI,Motorola Solutions,Information Technology,Communications Equipment,04/03/1957,"Chicago, Illinois",68505,1928
5476,2,MSCI,MSCI Inc.,Financials,Financial Exchanges & Data,04/04/2018,"New York City, New York",1408198,1969
5477,2,NDAQ,"Nasdaq, Inc.",Financials,Financial Exchanges & Data,22/10/2008,"New York City, New York",1120193,1971
5478,2,NTAP,NetApp,Information Technology,"Technology Hardware, Storage & Peripherals",25/06/1999,"San Jose, California",1002047,1992
5479,2,NFLX,Netflix,Communication Services,Movies & Entertainment,20/12/2010,"Los Gatos, California",1065280,1997
5480,2,NEM,Newmont,Materials,Gold,30/06/1969,"Denver, Colorado",1164727,1921
5481,2,NWSA,News Corp (Class A),Communication Services,Publishing,01/08/2013,"New York City, New York",1564708,2013
5482,2,NWS,News Corp (Class B),Communication Services,Publishing,18/09/2015,"New York City, New York",1564708,2013
5483,2,NEE,NextEra Energy,Utilities,Multi-Utilities,30/06/1976,"Juno Beach, Florida",753308,1984
5484,2,NKE,"Nike, Inc.",Consumer Discretionary,"Apparel, Accessories & Luxury Goods",30/11/1988,"Washington County, Oregon",320187,1964
5485,2,NI,NiSource,Utilities,Multi-Utilities,02/11/2000,"Merrillville, Indiana",1111711,1912
5486,2,NDSN,Nordson Corporation,Industrials,Industrial Machinery & Supplies & Components,15/02/2022,"Westlake, Ohio",72331,1935
5487,2,NSC,Norfolk Southern,Industrials,Rail Transportation,04/03/1957,"Atlanta, Georgia",702165,1881
5488,2,NTRS,Northern Trust,Financials,Asset Management & Custody Banks,30/01/1998,"Chicago, Illinois",73124,1889
5489,2,NOC,Northrop Grumman,Industrials,Aerospace & Defense,04/03/1957,"West Falls Church, Virginia",1133421,1994
5490,2,NCLH,Norwegian Cruise Line Holdings,Consumer Discretionary,"Hotels, Resorts & Cruise Lines",13/10/2017,"Miami, Florida",1513761,2011
5491,2,NRG,NRG Energy,Utilities,Independent Power Producers & Energy Traders,29/01/2010,"Houston, Texas",1013871,1992
5492,2,NUE,Nucor,Materials,Steel,30/04/1985,"Charlotte, North Carolina",73309,1940
5493,2,NVDA,Nvidia,Information Technology,Semiconductors,30/11/2001,"Santa Clara, California",1045810,1993
5494,2,NVR,"NVR, Inc.",Consumer Discretionary,Homebuilding,26/09/2019,"Reston, Virginia",906163,1980
5495,2,NXPI,NXP Semiconductors,Information Technology,Semiconductors,22/03/2021,"Eindhoven, Netherlands",1413447,1953
5496,2,ORLY,O’Reilly Automotive,Consumer Discretionary,Automotive Retail,27/03/2009,"Springfield, Missouri",898173,1957
5497,2,OXY,Occidental Petroleum,Energy,Oil & Gas Exploration & Production,04/03/1957,"Houston, Texas",797468,1920
5498,2,ODFL,Old Dominion,Industrials,Cargo Ground Transportation,09/12/2019,"Thomasville, North Carolina",878927,1934
5499,2,OMC,Omnicom Group,Communication Services,Advertising,31/12/1997,"New York City, New York",29989,1986
5500,2,ON,ON Semiconductor,Information Technology,Semiconductors,21/06/2022,"Phoenix, Arizona",1097864,1999
5501,2,OKE,Oneok,Energy,Oil & Gas Storage & Transportation,15/03/2010,"Tulsa, Oklahoma",1039684,1906
5502,2,ORCL,Oracle Corporation,Information Technology,Application Software,31/08/1989,"Austin, Texas",1341439,1977
5503,2,OTIS,Otis Worldwide,Industrials,Industrial Machinery & Supplies & Components,03/04/2020,"Farmington, Connecticut",1781335,2020
5504,2,PCAR,Paccar,Industrials,Construction Machinery & Heavy Transportation Equipment,31/12/1980,"Bellevue, Washington",75362,1905
5505,2,PKG,Packaging Corporation of America,Materials,Paper & Plastic Packaging Products & Materials,26/07/2017,"Lake Forest, Illinois",75677,1959
5506,2,PLTR,Palantir Technologies,Information Technology,Application Software,23/09/2024,"Denver, Colorado",1321655,2003
5507,2,PANW,Palo Alto Networks,Information Technology,Systems Software,20/06/2023,"Santa Clara, California",1327567,2005
5508,2,PSKY,Paramount Skydance Corporation,Communication Services,Movies & Entertainment,30/09/1994,"Los Angeles, California",2041610,2025
5509,2,PH,Parker Hannifin,Industrials,Industrial Machinery & Supplies & Components,30/11/1985,"Cleveland, Ohio",76334,1917
5510,2,PAYX,Paychex,Industrials,Human Resource & Employment Services,01/10/1998,"Penfield, New York",723531,1971
5511,2,PAYC,Paycom,Industrials,Human Resource & Employment Services,28/01/2020,"Oklahoma City, Oklahoma",1590955,1998
5512,2,PYPL,PayPal,Financials,Transaction & Payment Processing Services,20/07/2015,"San Jose, California",1633917,1998
5513,2,PNR,Pentair,Industrials,Industrial Machinery & Supplies & Components,01/10/2012,"Worsley, United Kingdom",77360,1966
5514,2,PEP,PepsiCo,Consumer Staples,Soft Drinks & Non-alcoholic Beverages,04/03/1957,"Purchase, New York",77476,1898
5515,2,PFE,Pfizer,Health Care,Pharmaceuticals,04/03/1957,"New York City, New York",78003,1849
5516,2,PCG,PG&E Corporation,Utilities,Multi-Utilities,03/10/2022,"Oakland, California",1004980,1905
5517,2,PM,Philip Morris International,Consumer Staples,Tobacco,31/03/2008,"New York City, New York",1413329,2008
5518,2,PSX,Phillips 66,Energy,Oil & Gas Refining & Marketing,01/05/2012,"Houston, Texas",1534701,2012
5519,2,PNW,Pinnacle West Capital,Utilities,Multi-Utilities,04/10/1999,"Phoenix, Arizona",764622,1985
5520,2,PNC,PNC Financial Services,Financials,Diversified Banks,30/04/1988,"Pittsburgh, Pennsylvania",713676,1845
5521,2,POOL,Pool Corporation,Consumer Discretionary,Distributors,07/10/2020,"Covington, Louisiana",945841,1993
5522,2,PPG,PPG Industries,Materials,Specialty Chemicals,04/03/1957,"Pittsburgh, Pennsylvania",79879,1883
5523,2,PPL,PPL Corporation,Utilities,Electric Utilities,01/10/2001,"Allentown, Pennsylvania",922224,1920
5524,2,PFG,Principal Financial Group,Financials,Life & Health Insurance,22/07/2002,"Des Moines, Iowa",1126328,1879
5525,2,PG,Procter & Gamble,Consumer Staples,Personal Care Products,04/03/1957,"Cincinnati, Ohio",80424,1837
5526,2,PGR,Progressive Corporation,Financials,Property & Casualty Insurance,04/08/1997,"Mayfield Village, Ohio",80661,1937
5527,2,PLD,Prologis,Real Estate,Industrial REITs,17/07/2003,"San Francisco, California",1045609,1983
5528,2,PRU,Prudential Financial,Financials,Life & Health Insurance,22/07/2002,"Newark, New Jersey",1137774,1875
5529,2,PEG,Public Service Enterprise Group,Utilities,Electric Utilities,04/03/1957,"Newark, New Jersey",788784,1903
5530,2,PTC,PTC Inc.,Information Technology,Application Software,20/04/2021,"Boston, Massachusetts",857005,1985
5531,2,PSA,Public Storage,Real Estate,Self-Storage REITs,19/08/2005,"Glendale, California",1393311,1972
5532,2,PHM,PulteGroup,Consumer Discretionary,Homebuilding,30/04/1984,"Atlanta, Georgia",822416,1956
5533,2,PWR,Quanta Services,Industrials,Construction & Engineering,01/07/2009,"Houston, Texas",1050915,1997
5534,2,QCOM,Qualcomm,Information Technology,Semiconductors,22/07/1999,"San Diego, California",804328,1985
5535,2,DGX,Quest Diagnostics,Health Care,Health Care Services,12/12/2002,"Secaucus, New Jersey",1022079,1967
5536,2,RL,Ralph Lauren Corporation,Consumer Discretionary,"Apparel, Accessories & Luxury Goods",02/02/2007,"New York City, New York",1037038,1967
5537,2,RJF,Raymond James Financial,Financials,Investment Banking & Brokerage,20/03/2017,"St. Petersburg, Florida",720005,1962
5538,2,RTX,RTX Corporation,Industrials,Aerospace & Defense,04/03/1957,"Waltham, Massachusetts",101829,1922
5539,2,O,Realty Income,Real Estate,Retail REITs,07/04/2015,"San Diego, California",726728,1969
5540,2,REG,Regency Centers,Real Estate,Retail REITs,02/03/2017,"Jacksonville, Florida",910606,1963
5541,2,REGN,Regeneron Pharmaceuticals,Health Care,Biotechnology,01/05/2013,"Tarrytown, New York",872589,1988
5542,2,RF,Regions Financial Corporation,Financials,Regional Banks,28/08/1998,"Birmingham, Alabama",1281761,1971
5543,2,RSG,Republic Services,Industrials,Environmental & Facilities Services,05/12/2008,"Phoenix, Arizona",1060391,1998
5544,2,RMD,ResMed,Health Care,Health Care Equipment,26/07/2017,"San Diego, California",943819,1989
5545,2,RVTY,Revvity,Health Care,Health Care Equipment,31/05/1985,"Waltham, Massachusetts",31791,1937
5546,2,HOOD,Robinhood Markets,Financials,Investment Banking & Brokerage,22/09/2025,"Menlo Park, California",1783879,2013
5547,2,ROK,Rockwell Automation,Industrials,Electrical Components & Equipment,12/03/2000,"Milwaukee, Wisconsin",1024478,1903
5548,2,ROL,"Rollins, Inc.",Industrials,Environmental & Facilities Services,01/10/2018,"Atlanta, Georgia",84839,1948
5549,2,ROP,Roper Technologies,Information Technology,Electronic Equipment & Instruments,23/12/2009,"Sarasota, Florida",882835,1981
5550,2,ROST,Ross Stores,Consumer Discretionary,Apparel Retail,21/12/2009,"Dublin, California",745732,1982
5551,2,RCL,Royal Caribbean Group,Consumer Discretionary,"Hotels, Resorts & Cruise Lines",05/12/2014,"Miami, Florida",884887,1997
5552,2,SPGI,S&P Global,Financials,Financial Exchanges & Data,04/03/1957,"New York City, New York",64040,1917
5553,2,CRM,Salesforce,Information Technology,Application Software,15/09/2008,"San Francisco, California",1108524,1999
5554,2,SBAC,SBA Communications,Real Estate,Telecom Tower REITs,01/09/2017,"Boca Raton, Florida",1034054,1989
5555,2,SLB,Schlumberger,Energy,Oil & Gas Equipment & Services,04/03/1957,"Houston, Texas",87347,1926
5556,2,STX,Seagate Technology,Information Technology,"Technology Hardware, Storage & Peripherals",02/07/2012,"Dublin, Ireland",1137789,1979
5557,2,SRE,Sempra,Utilities,Multi-Utilities,17/03/2017,"San Diego, California",1032208,1998
5558,2,NOW,ServiceNow,Information Technology,Systems Software,21/11/2019,"Santa Clara, California",1373715,2003
5559,2,SHW,Sherwin-Williams,Materials,Specialty Chemicals,30/06/1964,"Cleveland, Ohio",89800,1866
5560,2,SPG,Simon Property Group,Real Estate,Retail REITs,26/06/2002,"Indianapolis, Indiana",1063761,2003
5561,2,SWKS,Skyworks Solutions,Information Technology,Semiconductors,12/03/2015,"Irvine, California",4127,2002
5562,2,SJM,J.M. Smucker Company (The),Consumer Staples,Packaged Foods & Meats,06/11/2008,"Orrville, Ohio",91419,1897
5563,2,SW,Smurfit Westrock,Materials,Paper & Plastic Packaging Products & Materials,08/07/2024,"Dublin, Ireland",2005951,1934
5564,2,SNA,Snap-on,Industrials,Industrial Machinery & Supplies & Components,30/09/1982,"Kenosha, Wisconsin",91440,1920
5565,2,SOLV,Solventum,Health Care,Health Care Technology,01/04/2024,"Saint Paul, Minnesota",1964738,2023
5566,2,SO,Southern Company,Utilities,Electric Utilities,04/03/1957,"Atlanta, Georgia",92122,1945
5567,2,LUV,Southwest Airlines,Industrials,Passenger Airlines,01/07/1994,"Dallas, Texas",92380,1967
5568,2,SWK,Stanley Black & Decker,Industrials,Industrial Machinery & Supplies & Components,30/09/1982,"New Britain, Connecticut",93556,1843
5569,2,SBUX,Starbucks,Consumer Discretionary,Restaurants,07/06/2000,"Seattle, Washington",829224,1971
5570,2,STT,State Street Corporation,Financials,Asset Management & Custody Banks,14/03/2003,"Boston, Massachusetts",93751,1792
5571,2,STLD,Steel Dynamics,Materials,Steel,22/12/2022,"Fort Wayne, Indiana",1022671,1993
5572,2,STE,Steris,Health Care,Health Care Equipment,23/12/2019,"Dublin, Ireland",1757898,1985
5573,2,SYK,Stryker Corporation,Health Care,Health Care Equipment,12/12/2000,"Kalamazoo, Michigan",310764,1941
5574,2,SMCI,Supermicro,Information Technology,"Technology Hardware, Storage & Peripherals",18/03/2024,"San Jose, California",1375365,1993
5575,2,SYF,Synchrony Financial,Financials,Consumer Finance,18/11/2015,"Stamford, Connecticut",1601712,2003
5576,2,SNPS,Synopsys,Information Technology,Application Software,16/03/2017,"Sunnyvale, California",883241,1986
5577,2,SYY,Sysco,Consumer Staples,Food Distributors,31/12/1986,"Houston, Texas",96021,1969
5578,2,TMUS,T-Mobile US,Communication Services,Wireless Telecommunication Services,15/07/2019,"Bellevue, Washington",1283699,1994
5579,2,TROW,T. Rowe Price,Financials,Asset Management & Custody Banks,29/07/2019,"Baltimore, Maryland",1113169,1937
5580,2,TTWO,Take-Two Interactive,Communication Services,Interactive Home Entertainment,19/03/2018,"New York City, New York",946581,1993
5581,2,TPR,"Tapestry, Inc.",Consumer Discretionary,"Apparel, Accessories & Luxury Goods",01/09/2004,"New York City, New York",1116132,2017
5582,2,TRGP,Targa Resources,Energy,Oil & Gas Storage & Transportation,12/10/2022,"Houston, Texas",1389170,2005
5583,2,TGT,Target Corporation,Consumer Staples,Consumer Staples Merchandise Retail,31/12/1976,"Minneapolis, Minnesota",27419,1902
5584,2,TEL,TE Connectivity,Information Technology,Electronic Manufacturing Services,17/10/2011,"Galway, Ireland",1385157,2007
5585,2,TDY,Teledyne Technologies,Information Technology,Electronic Equipment & Instruments,22/06/2020,"Thousand Oaks, California",1094285,1960
5586,2,TER,Teradyne,Information Technology,Semiconductor Materials & Equipment,21/09/2020,"North Reading, Massachusetts",97210,1960
5587,2,TSLA,"Tesla, Inc.",Consumer Discretionary,Automobile Manufacturers,21/12/2020,"Austin, Texas",1318605,2003
5588,2,TXN,Texas Instruments,Information Technology,Semiconductors,12/03/2001,"Dallas, Texas",97476,1930
5589,2,TPL,Texas Pacific Land Corporation,Energy,Oil & Gas Exploration & Production,26/11/2024,"Dallas, Texas",1811074,1888
5590,2,TXT,Textron,Industrials,Aerospace & Defense,31/12/1978,"Providence, Rhode Island",217346,1923
5591,2,TMO,Thermo Fisher Scientific,Health Care,Life Sciences Tools & Services,03/08/2004,"Waltham, Massachusetts",97745,2006
5592,2,TJX,TJX Companies,Consumer Discretionary,Apparel Retail,30/09/1985,"Framingham, Massachusetts",109198,1987
5593,2,TKO,TKO Group Holdings,Communication Services,Movies & Entertainment,24/03/2025,"New York City, New York",1973266,2023
5594,2,TTD,Trade Desk (The),Communication Services,Advertising,18/07/2025,"Ventura, California",1671933,2009
5595,2,TSCO,Tractor Supply,Consumer Discretionary,Other Specialty Retail,24/01/2014,"Brentwood, Tennessee",916365,1938
5596,2,TT,Trane Technologies,Industrials,Building Products,17/11/2010,"Dublin, Ireland",1466258,1871
5597,2,TDG,TransDigm Group,Industrials,Aerospace & Defense,03/06/2016,"Cleveland, Ohio",1260221,1993
5598,2,TRV,Travelers Companies (The),Financials,Property & Casualty Insurance,21/08/2002,"New York City, New York",86312,1853
5599,2,TRMB,Trimble Inc.,Information Technology,Electronic Equipment & Instruments,21/01/2021,"Westminster, Colorado",864749,1978
5600,2,TFC,Truist Financial,Financials,Diversified Banks,04/12/1997,"Charlotte, North Carolina",92230,1872
5601,2,TYL,Tyler Technologies,Information Technology,Application Software,22/06/2020,"Plano, Texas",860731,1966
5602,2,TSN,Tyson Foods,Consumer Staples,Packaged Foods & Meats,10/08/2005,"Springdale, Arkansas",100493,1935
5603,2,USB,U.S. Bancorp,Financials,Diversified Banks,01/11/1999,"Minneapolis, Minnesota",36104,1968
5604,2,UBER,Uber,Industrials,Passenger Ground Transportation,18/12/2023,"San Francisco, California",1543151,2009
5605,2,UDR,"UDR, Inc.",Real Estate,Multi-Family Residential REITs,07/03/2016,"Highlands Ranch, Colorado",74208,1972
5606,2,ULTA,Ulta Beauty,Consumer Discretionary,Other Specialty Retail,18/04/2016,"Bolingbrook, Illinois",1403568,1990
5607,2,UNP,Union Pacific Corporation,Industrials,Rail Transportation,04/03/1957,"Omaha, Nebraska",100885,1862
5608,2,UAL,United Airlines Holdings,Industrials,Passenger Airlines,03/09/2015,"Chicago, Illinois",100517,1967
5609,2,UPS,United Parcel Service,Industrials,Air Freight & Logistics,22/07/2002,"Sandy Springs, Georgia",1090727,1907
5610,2,URI,United Rentals,Industrials,Trading Companies & Distributors,20/09/2014,"Stamford, Connecticut",1067701,1997
5611,2,UNH,UnitedHealth Group,Health Care,Managed Health Care,01/07/1994,"Eden Prairie, Minnesota",731766,1977
5612,2,UHS,Universal Health Services,Health Care,Health Care Facilities,20/09/2014,"King of Prussia, Pennsylvania",352915,1979
5613,2,VLO,Valero Energy,Energy,Oil & Gas Refining & Marketing,20/12/2002,"San Antonio, Texas",1035002,1980
5614,2,VTR,Ventas,Real Estate,Health Care REITs,04/03/2009,"Chicago, Illinois",740260,1998
5615,2,VLTO,Veralto,Industrials,Environmental & Facilities Services,02/10/2023,"Waltham, Massachusetts",1967680,2023
5616,2,VRSN,Verisign,Information Technology,Internet Services & Infrastructure,01/02/2006,"Reston, Virginia",1014473,1995
5617,2,VRSK,Verisk Analytics,Industrials,Research & Consulting Services,08/10/2015,"Jersey City, New Jersey",1442145,1971
5618,2,VZ,Verizon,Communication Services,Integrated Telecommunication Services,30/11/1983,"New York City, New York",732712,1983
5619,2,VRTX,Vertex Pharmaceuticals,Health Care,Biotechnology,23/09/2013,"Boston, Massachusetts",875320,1989
5620,2,VTRS,Viatris,Health Care,Pharmaceuticals,23/04/2004,"Pittsburgh, Pennsylvania",1792044,1961
5621,2,VICI,Vici Properties,Real Estate,Hotel & Resort REITs,08/06/2022,"New York City, New York",1705696,2017
5622,2,V,Visa Inc.,Financials,Transaction & Payment Processing Services,21/12/2009,"San Francisco, California",1403161,1958
5623,2,VST,Vistra Corp.,Utilities,Electric Utilities,08/05/2024,"Irving, Texas",1692819,2016
5624,2,VMC,Vulcan Materials Company,Materials,Construction Materials,30/06/1999,"Birmingham, Alabama",1396009,1909
5625,2,WRB,W. R. Berkley Corporation,Financials,Property & Casualty Insurance,05/12/2019,"Greenwich, Connecticut",11544,1967
5626,2,GWW,W. W. Grainger,Industrials,Industrial Machinery & Supplies & Components,30/06/1981,"Lake Forest, Illinois",277135,1927
5627,2,WAB,Wabtec,Industrials,Construction Machinery & Heavy Transportation Equipment,27/02/2019,"Pittsburgh, Pennsylvania",943452,1999
5628,2,WMT,Walmart,Consumer Staples,Consumer Staples Merchandise Retail,31/08/1982,"Bentonville, Arkansas",104169,1962
5629,2,DIS,Walt Disney Company (The),Communication Services,Movies & Entertainment,30/06/1976,"Burbank, California",1744489,1923
5630,2,WBD,Warner Bros. Discovery,Communication Services,Broadcasting,11/04/2022,"New York City, New York",1437107,2022
5631,2,WM,Waste Management,Industrials,Environmental & Facilities Services,31/08/1998,"Houston, Texas",823768,1968
5632,2,WAT,Waters Corporation,Health Care,Life Sciences Tools & Services,02/01/2002,"Milford, Massachusetts",1000697,1958
5633,2,WEC,WEC Energy Group,Utilities,Electric Utilities,31/10/2008,"Milwaukee, Wisconsin",783325,1896
5634,2,WFC,Wells Fargo,Financials,Diversified Banks,30/06/1976,"San Francisco, California",72971,1852
5635,2,WELL,Welltower,Real Estate,Health Care REITs,30/01/2009,"Toledo, Ohio",766704,1970
5636,2,WST,West Pharmaceutical Services,Health Care,Health Care Supplies,22/05/2020,"Exton, Pennsylvania",105770,1923
5637,2,WDC,Western Digital,Information Technology,"Technology Hardware, Storage & Peripherals",01/07/2009,"San Jose, California",106040,1970
5638,2,WY,Weyerhaeuser,Real Estate,Timber REITs,01/10/1979,"Seattle, Washington",106535,1900
5639,2,WSM,"Williams-Sonoma, Inc.",Consumer Discretionary,Homefurnishing Retail,24/03/2025,"San Francisco, California",719955,1956
5640,2,WMB,Williams Companies,Energy,Oil & Gas Storage & Transportation,31/03/1975,"Tulsa, Oklahoma",107263,1908
5641,2,WTW,Willis Towers Watson,Financials,Insurance Brokers,05/01/2016,"London, United Kingdom",1140536,2016
5642,2,WDAY,"Workday, Inc.",Information Technology,Application Software,23/12/2024,"Pleasanton, California",1327811,2005
5643,2,WYNN,Wynn Resorts,Consumer Discretionary,Casinos & Gaming,14/11/2008,"Paradise, Nevada",1174922,2002
5644,2,XEL,Xcel Energy,Utilities,Multi-Utilities,04/03/1957,"Minneapolis, Minnesota",72903,1909
5645,2,XYL,Xylem Inc.,Industrials,Industrial Machinery & Supplies & Components,01/11/2011,"White Plains, New York",1524472,2011
5646,2,YUM,Yum! Brands,Consumer Discretionary,Restaurants,06/10/1997,"Louisville, Kentucky",1041061,1997
5647,2,ZBRA,Zebra Technologies,Information Technology,Electronic Equipment & Instruments,23/12/2019,"Lincolnshire, Illinois",877212,1969
5648,2,ZBH,Zimmer Biomet,Health Care,Health Care Equipment,07/08/2001,"Warsaw, Indiana",1136869,1927
5649,2,ZTS,Zoetis,Health Care,Pharmaceuticals,21/06/2013,"Parsippany, New Jersey",1555280,1952
5650,3,AMXL.MX,América Móvil,Servicio de Telecomunicaciones,SD,00/00/0000,SD,SD,9999
5651,3,WALMEXV.MX,Walmex,Productos de Consumo Frecuente,SD,00/00/0000,SD,SD,9999
5652,3,FEMSAUBD.MX,Fomento Económico Mexicano,Productos de Consumo Frecuente,SD,00/00/0000,SD,SD,9999
5653,3,TLEVISACPO.MX,Grupo Televisa,Servicio de Telecomunicaciones,SD,00/00/0000,SD,SD,9999
5654,3,GMEXICOB.MX,Grupo México,Materiales,SD,00/00/0000,SD,SD,9999
5655,3,GFNORTEO.MX,Grupo Financiero Banorte,Servicios financieros,SD,00/00/0000,SD,SD,9999
5656,3,CEMEXCPO.MX,Cemex,Materiales,SD,00/00/0000,SD,SD,9999
5657,3,ALFAA.MX,Grupo Alfa,Industrial,SD,00/00/0000,SD,SD,9999
5658,3,PE&OLES.MX,Industrias Peñoles,Materiales,SD,00/00/0000,SD,SD,9999
5659,3,GFINBURO.MX,Grupo Financiero Inbursa,Servicios financieros,SD,00/00/0000,SD,SD,9999
5660,3,KOFL.MX,Coca-Cola FEMSA,Productos de Consumo Frecuente,SD,00/00/0000,SD,SD,9999
5661,3,ELEKTRA.MX,Grupo Elektra,Servicios y bienes de consumo no básico,SD,00/00/0000,SD,SD,9999
5662,3,MEXCHEM.MX,Mexichem,Materiales,SD,00/00/0000,SD,SD,9999
5663,3,BIMBOA.MX,Grupo Bimbo,Productos de Consumo Frecuente,SD,00/00/0000,SD,SD,9999
5664,3,AC.MX,Arca Continental,Productos de Consumo Frecuente,SD,00/00/0000,SD,SD,9999
5665,3,KIMBER.MX,Kimberly-Clark,Productos de Consumo Frecuente,SD,00/00/0000,SD,SD,9999
5666,3,LABB.MX,Genomma Lab Internacional,Salud,SD,00/00/0000,SD,SD,9999
5667,3,LIVEPOLC-1.MX,El Puerto de Liverpool,Servicio y Bienes de Consumo No Básico,SD,00/00/0000,SD,SD,9999
5668,3,ASURB.MX,Grupo Aeroportuario del Sureste,Industrial,SD,00/00/0000,SD,SD,9999
5669,3,GAPB.MX,Grupo Aeroportuario del Pacífico,Industrial,SD,00/00/0000,SD,SD,9999
5670,3,COMPARC.MX,Banco Compartamos,Servicios financieros,SD,00/00/0000,SD,SD,9999
5671,3,ALPEKA.MX,Alpek,Materiales,SD,00/00/0000,SD,SD,9999
5672,3,ICA.MX,Empresas ICA,Industrial,SD,00/00/0000,SD,SD,9999
5673,3,ICHB.MX,Industrias Ch,Materiales,SD,00/00/0000,SD,SD,9999
5674,3,BOLSAA.MX,Bolsa Mexicana de Valores,Servicios financieros,SD,00/00/0000,SD,SD,9999
5675,3,AZTECACPO.MX,TV Azteca,Servicio de Telecomunicaciones,SD,00/00/0000,SD,SD,9999
5676,3,OHLMEX.MX,OHL México,Industrial,SD,00/00/0000,SD,SD,9999
5677,3,GRUMAB.MX,Grupo Maseca,Productos de Consumo Frecuente,SD,00/00/0000,SD,SD,9999
5678,3,ALSEA.MX,Controladora Alsea,Servicios y bienes de consumo no básico,SD,00/00/0000,SD,SD,9999
5679,3,GCARSOA1.MX,Grupo Carso,Industrial,SD,00/00/0000,SD,SD,9999
5680,3,LALAB.MX,Grupo Lala,Productos de Consumo Frecuente,SD,00/00/0000,SD,SD,9999
5681,3,GFREGIOO.MX,Grupo Financiero BanRegio,Servicios financieros,SD,00/00/0000,SD,SD,9999
5682,3,COMERCI.MX,Controladora Comercial Mexicana,Servicio y Bienes de Consumo No Básico,SD,00/00/0000,SD,SD,9999
5683,3,IE.MX,IEnova,,SD,00/00/0000,SD,SD,9999
5684,3,PI.MX,Pinfra,,SD,00/00/0000,SD,SD,9999
5685,3,SA.MX,Santander México,Servicios financieros,SD,00/00/0000,SD,SD,9999
5686,4,ADS.DE,Adidas,Apparel,SD,00/00/0000,SD,SD,1924
5687,4,AIR.PA,Airbus,Aerospace & Defence,SD,00/00/0000,SD,SD,1970
5688,4,ALV.DE,Allianz,Financial Services,SD,00/00/0000,SD,SD,1890
5689,4,BAS.DE,BASF,Chemicals,SD,00/00/0000,SD,SD,1865
5690,4,BAYN.DE,Bayer,Pharmaceuticals,SD,00/00/0000,SD,SD,1863
5691,4,BEI.DE,Beiersdorf,Consumer goods,SD,00/00/0000,SD,SD,1882
5692,4,BMW.DE,BMW,Automotive,SD,00/00/0000,SD,SD,1916
5693,4,BNR.DE,Brenntag,Distribution,SD,00/00/0000,SD,SD,1874
5694,4,CBK.DE,Commerzbank,Financial Services,SD,00/00/0000,SD,SD,1870
5695,4,CON.DE,Continental,Automotive,SD,00/00/0000,SD,SD,1871
5696,4,1COV.DE,Covestro,Chemicals,SD,00/00/0000,SD,SD,2015
5697,4,DTG.DE,Daimler Truck,Automotive,SD,00/00/0000,SD,SD,2021
5698,4,DBK.DE,Deutsche Bank,Financial Services,SD,00/00/0000,SD,SD,1870
5699,4,DB1.DE,Deutsche Börse,Financial Services,SD,00/00/0000,SD,SD,1992
5700,4,DHL.DE,Deutsche Post,Logistics,SD,00/00/0000,SD,SD,1995
5701,4,DTE.DE,Deutsche Telekom,Telecommunication,SD,00/00/0000,SD,SD,1995
5702,4,EOAN.DE,E.ON,Utilities,SD,00/00/0000,SD,SD,2000
5703,4,FRE.DE,Fresenius,Healthcare,SD,00/00/0000,SD,SD,1912
5704,4,FME.DE,Fresenius Medical Care,Healthcare,SD,00/00/0000,SD,SD,1996
5705,4,HNR1.DE,Hannover Re,Insurance,SD,00/00/0000,SD,SD,1966
5706,4,HEI.DE,Heidelberg Materials,Construction Materials,SD,00/00/0000,SD,SD,1874
5707,4,HEN3.DE,Henkel,Consumer Goods,SD,00/00/0000,SD,SD,1876
5708,4,IFX.DE,Infineon Technologies,Technology,SD,00/00/0000,SD,SD,1999
5709,4,MBG.DE,Mercedes-Benz Group,Automotive,SD,00/00/0000,SD,SD,1926
5710,4,MRK.DE,Merck,Pharmaceuticals,SD,00/00/0000,SD,SD,1668
5711,4,MTX.DE,MTU Aero Engines,Aerospace & Defence,SD,00/00/0000,SD,SD,1934
5712,4,MUV2.DE,Munich Re,Financial Services,SD,00/00/0000,SD,SD,1880
5713,4,P911.DE,Porsche,Automotive,SD,00/00/0000,SD,SD,1931
5714,4,PAH3.DE,Porsche SE,Automotive,SD,00/00/0000,SD,SD,2007
5715,4,QIA.DE,Qiagen,Biotech,SD,00/00/0000,SD,SD,1984
5716,4,RHM.DE,Rheinmetall,Aerospace & Defence,SD,00/00/0000,SD,SD,1889
5717,4,RWE.DE,RWE,Utilities,SD,00/00/0000,SD,SD,1898
5718,4,SAP.DE,SAP,Technology,SD,00/00/0000,SD,SD,1972
5719,4,SRT3.DE,Sartorius,Medical Technology,SD,00/00/0000,SD,SD,1870
5720,4,SIE.DE,Siemens,Industrials,SD,00/00/0000,SD,SD,1847
5721,4,ENR.DE,Siemens Energy,Energy technology,SD,00/00/0000,SD,SD,2020
5722,4,SHL.DE,Siemens Healthineers,Medical Equipment,SD,00/00/0000,SD,SD,2020
5723,4,SY1.DE,Symrise,Chemicals,SD,00/00/0000,SD,SD,2003
5724,4,VOW3.DE,Volkswagen Group,Automotive,SD,00/00/0000,SD,SD,1937
5725,4,VNA.DE,Vonovia,Real Estate,SD,00/00/0000,SD,SD,2001
5726,4,ZAL.DE,Zalando,E-Commerce,SD,00/00/0000,SD,SD,2008
5727,5,III.L,3i,Financial services,SD,00/00/0000,SD,SD,9999
5728,5,ADM.L,Admiral Group,Insurance,SD,00/00/0000,SD,SD,9999
5729,5,AAF.L,Airtel Africa,Telecommunications services,SD,00/00/0000,SD,SD,9999
5730,5,ALW.L,Alliance Witan,Investment Trusts,SD,00/00/0000,SD,SD,9999
5731,5,AAL.L,Anglo American plc,Mining,SD,00/00/0000,SD,SD,9999
5732,5,ANTO.L,Antofagasta plc,Mining,SD,00/00/0000,SD,SD,9999
5733,5,AHT.L,Ashtead Group,Support services,SD,00/00/0000,SD,SD,9999
5734,5,ABF.L,Associated British Foods,Food & tobacco,SD,00/00/0000,SD,SD,9999
5735,5,AZN.L,AstraZeneca,Pharmaceuticals & biotechnology,SD,00/00/0000,SD,SD,9999
5736,5,AUTO.L,Auto Trader Group,Media,SD,00/00/0000,SD,SD,9999
5737,5,AV.L,Aviva,Life insurance,SD,00/00/0000,SD,SD,9999
5738,5,BAB.L,Babcock International,Aerospace & defence,SD,00/00/0000,SD,SD,9999
5739,5,BA.L,BAE Systems,Aerospace & defence,SD,00/00/0000,SD,SD,9999
5740,5,BARC.L,Barclays,Banks,SD,00/00/0000,SD,SD,9999
5741,5,BTRW.L,Barratt Redrow,Household goods & home construction,SD,00/00/0000,SD,SD,9999
5742,5,BEZ.L,Beazley,Insurance,SD,00/00/0000,SD,SD,9999
5743,5,BKG.L,Berkeley Group Holdings,Household goods & home construction,SD,00/00/0000,SD,SD,9999
5744,5,BP.L,BP,Oil & gas producers,SD,00/00/0000,SD,SD,9999
5745,5,BATS.L,British American Tobacco,Tobacco,SD,00/00/0000,SD,SD,9999
5746,5,BT-A.L,BT Group,Telecommunications services,SD,00/00/0000,SD,SD,9999
5747,5,BNZL.L,Bunzl,Support services,SD,00/00/0000,SD,SD,9999
5748,5,BRBY.L,Burberry Group,Personal goods,SD,00/00/0000,SD,SD,9999
5749,5,CNA.L,Centrica,Multiline utilities,SD,00/00/0000,SD,SD,9999
5750,5,CCEP.L,Coca-Cola Europacific Partners,Beverages,SD,00/00/0000,SD,SD,9999
5751,5,CCH.L,Coca-Cola HBC,Beverages,SD,00/00/0000,SD,SD,9999
5752,5,CPG.L,Compass Group,Support services,SD,00/00/0000,SD,SD,9999
5753,5,CTEC.L,Convatec,Health care equipment & supplies,SD,00/00/0000,SD,SD,9999
5754,5,CRDA.L,Croda International,Chemicals,SD,00/00/0000,SD,SD,9999
5755,5,DCC.L,DCC plc,Support services,SD,00/00/0000,SD,SD,9999
5756,5,DGE.L,Diageo,Beverages,SD,00/00/0000,SD,SD,9999
5757,5,DPLM.L,Diploma,Industrial Support services,SD,00/00/0000,SD,SD,9999
5758,5,EDV.L,Endeavour Mining,Precious Metals and Mining,SD,00/00/0000,SD,SD,9999
5759,5,ENT.L,Entain,Travel & leisure,SD,00/00/0000,SD,SD,9999
5760,5,EZJ.L,EasyJet,Travel & leisure,SD,00/00/0000,SD,SD,9999
5761,5,EXPN.L,Experian,Support services,SD,00/00/0000,SD,SD,9999
5762,5,FCIT.L,F & C Investment Trust,Collective investments,SD,00/00/0000,SD,SD,9999
5763,5,FRES.L,Fresnillo plc,Mining,SD,00/00/0000,SD,SD,9999
5764,5,GAW.L,Games Workshop,Leisure Goods,SD,00/00/0000,SD,SD,9999
5765,5,GLEN.L,Glencore,Mining,SD,00/00/0000,SD,SD,9999
5766,5,GSK.L,GSK plc,Pharmaceuticals & biotechnology,SD,00/00/0000,SD,SD,9999
5767,5,HLN.L,Haleon,Pharmaceuticals & biotechnology,SD,00/00/0000,SD,SD,9999
5768,5,HLMA.L,Halma plc,Electronic equipment & parts,SD,00/00/0000,SD,SD,9999
5769,5,HIK.L,Hikma Pharmaceuticals,Pharmaceuticals & biotechnology,SD,00/00/0000,SD,SD,9999
5770,5,HSX.L,Hiscox,Non-life Insurance,SD,00/00/0000,SD,SD,9999
5771,5,HWDN.L,Howdens Joinery,Homebuilding & construction supplies,SD,00/00/0000,SD,SD,9999
5772,5,HSBA.L,HSBC,Banks,SD,00/00/0000,SD,SD,9999
5773,5,ICG.L,ICG,Financial services,SD,00/00/0000,SD,SD,9999
5774,5,IHG.L,IHG Hotels & Resorts,Travel & leisure,SD,00/00/0000,SD,SD,9999
5775,5,IMI.L,IMI,Industrial engineering,SD,00/00/0000,SD,SD,9999
5776,5,IMB.L,Imperial Brands,Tobacco,SD,00/00/0000,SD,SD,9999
5777,5,INF.L,Informa,Media,SD,00/00/0000,SD,SD,9999
5778,5,IAG.L,International Airlines Group,Travel & leisure,SD,00/00/0000,SD,SD,9999
5779,5,ITRK.L,Intertek,Support services,SD,00/00/0000,SD,SD,9999
5780,5,JD.L,JD Sports,General retailers,SD,00/00/0000,SD,SD,9999
5781,5,KGF.L,Kingfisher plc,Retailers,SD,00/00/0000,SD,SD,9999
5782,5,LAND.L,Land Securities,Real estate investment trusts,SD,00/00/0000,SD,SD,9999
5783,5,LGEN.L,Legal & General,Life insurance,SD,00/00/0000,SD,SD,9999
5784,5,LLOY.L,Lloyds Banking Group,Banks,SD,00/00/0000,SD,SD,9999
5785,5,LMP.L,LondonMetric Property,Real Estate Investment Trusts,SD,00/00/0000,SD,SD,9999
5786,5,LSEG.L,London Stock Exchange Group,Financial services,SD,00/00/0000,SD,SD,9999
5787,5,MNG.L,M&G,Financial services,SD,00/00/0000,SD,SD,9999
5788,5,MKS.L,Marks & Spencer,Food & drug retailing,SD,00/00/0000,SD,SD,9999
5789,5,MRO.L,Melrose Industries,Aerospace & defence,SD,00/00/0000,SD,SD,9999
5790,5,MTLN.L,Metlen Energy & Metals,Multiline utilities,SD,00/00/0000,SD,SD,9999
5791,5,MNDI.L,Mondi,Containers & packaging,SD,00/00/0000,SD,SD,9999
5792,5,NG.L,National Grid plc,Multiline utilities,SD,00/00/0000,SD,SD,9999
5793,5,NWG.L,NatWest Group,Banks,SD,00/00/0000,SD,SD,9999
5794,5,NXT.L,Next plc,General retailers,SD,00/00/0000,SD,SD,9999
5795,5,PSON.L,Pearson plc,Media,SD,00/00/0000,SD,SD,9999
5796,5,PSH.L,Pershing Square Holdings,Financial services,SD,00/00/0000,SD,SD,9999
5797,5,PSN.L,Persimmon,Household goods & home construction,SD,00/00/0000,SD,SD,9999
5798,5,PHNX.L,Phoenix Group,Life insurance,SD,00/00/0000,SD,SD,9999
5799,5,PCT.L,Polar Capital Technology Trust,Investment trusts,SD,00/00/0000,SD,SD,9999
5800,5,PRU.L,Prudential plc,Life insurance,SD,00/00/0000,SD,SD,9999
5801,5,RKT.L,Reckitt,Household goods & home construction,SD,00/00/0000,SD,SD,9999
5802,5,REL.L,RELX,Media,SD,00/00/0000,SD,SD,9999
5803,5,RTO.L,Rentokil Initial,Support services,SD,00/00/0000,SD,SD,9999
5804,5,RMV.L,Rightmove,Media,SD,00/00/0000,SD,SD,9999
5805,5,RIO.L,Rio Tinto,Mining,SD,00/00/0000,SD,SD,9999
5806,5,RR.L,Rolls-Royce Holdings,Aerospace & defence,SD,00/00/0000,SD,SD,9999
5807,5,SGE.L,Sage Group,Software & computer services,SD,00/00/0000,SD,SD,9999
5808,5,SBRY.L,Sainsbury's,Food & drug retailing,SD,00/00/0000,SD,SD,9999
5809,5,SDR.L,Schroders,Financial services,SD,00/00/0000,SD,SD,9999
5810,5,SMT.L,Scottish Mortgage Investment Trust,Collective investments,SD,00/00/0000,SD,SD,9999
5811,5,SGRO.L,Segro,Real estate investment trusts,SD,00/00/0000,SD,SD,9999
5812,5,SVT.L,Severn Trent,Multiline utilities,SD,00/00/0000,SD,SD,9999
5813,5,SHEL.L,Shell plc,Oil & gas producers,SD,00/00/0000,SD,SD,9999
5814,5,SMIN.L,Smiths Group,General industrials,SD,00/00/0000,SD,SD,9999
5815,5,SN.L,Smith & Nephew,Health care equipment & supplies,SD,00/00/0000,SD,SD,9999
5816,5,SPX.L,Spirax Group,Industrial engineering,SD,00/00/0000,SD,SD,9999
5817,5,SSE.L,SSE plc,Electrical utilities & independent power producers,SD,00/00/0000,SD,SD,9999
5818,5,STAN.L,Standard Chartered,Banks,SD,00/00/0000,SD,SD,9999
5819,5,STJ.L,St. James's Place,Financial services,SD,00/00/0000,SD,SD,9999
5820,5,TSCO.L,Tesco,Food & drug retailing,SD,00/00/0000,SD,SD,9999
5821,5,ULVR.L,Unilever,Personal goods,SD,00/00/0000,SD,SD,9999
5822,5,UU.L,United Utilities,Multiline utilities,SD,00/00/0000,SD,SD,9999
5823,5,VOD.L,Vodafone Group,Mobile telecommunications,SD,00/00/0000,SD,SD,9999
5824,5,WEIR.L,Weir Group,Industrial goods and services,SD,00/00/0000,SD,SD,9999
5825,5,WTB.L,Whitbread,Retail hospitality,SD,00/00/0000,SD,SD,9999
5826,5,WPP.L,WPP,Media,SD,00/00/0000,SD,SD,9999
5827,6,AEDAFN=X,United Arab Emirates dirham/Afghan afghani,currency,SD,00/00/0000,SD,SD,9999
5828,6,AEDALL=X,United Arab Emirates dirham/Albanian lek,currency,SD,00/00/0000,SD,SD,9999
5829,6,AEDAMD=X,United Arab Emirates dirham/Armenian dram,currency,SD,00/00/0000,SD,SD,9999
5830,6,AEDAOA=X,United Arab Emirates dirham/Angolan kwanza,currency,SD,00/00/0000,SD,SD,9999
5831,6,AEDARS=X,United Arab Emirates dirham/Argentine peso,currency,SD,00/00/0000,SD,SD,9999
5832,6,AEDAUD=X,United Arab Emirates dirham/Australian dollar,currency,SD,00/00/0000,SD,SD,9999
5833,6,AEDAWG=X,United Arab Emirates dirham/Aruban florin,currency,SD,00/00/0000,SD,SD,9999
5834,6,AEDAZN=X,United Arab Emirates dirham/Azerbaijani manat,currency,SD,00/00/0000,SD,SD,9999
5835,6,AEDBAM=X,United Arab Emirates dirham/Bosnia and Herzegovina convertible mark,currency,SD,00/00/0000,SD,SD,9999
5836,6,AEDBBD=X,United Arab Emirates dirham/Barbados dollar,currency,SD,00/00/0000,SD,SD,9999
5837,6,AEDBDT=X,United Arab Emirates dirham/Bangladeshi taka,currency,SD,00/00/0000,SD,SD,9999
5838,6,AEDBHD=X,United Arab Emirates dirham/Bahraini dinar,currency,SD,00/00/0000,SD,SD,9999
5839,6,AEDBIF=X,United Arab Emirates dirham/Burundian franc,currency,SD,00/00/0000,SD,SD,9999
5840,6,AEDBMD=X,United Arab Emirates dirham/Bermudian dollar,currency,SD,00/00/0000,SD,SD,9999
5841,6,AEDBND=X,United Arab Emirates dirham/Brunei dollar,currency,SD,00/00/0000,SD,SD,9999
5842,6,AEDBOB=X,United Arab Emirates dirham/Boliviano,currency,SD,00/00/0000,SD,SD,9999
5843,6,AEDBOV=X,United Arab Emirates dirham/Bolivian Mvdol (funds code),currency,SD,00/00/0000,SD,SD,9999
5844,6,AEDBRL=X,United Arab Emirates dirham/Brazilian real,currency,SD,00/00/0000,SD,SD,9999
5845,6,AEDBSD=X,United Arab Emirates dirham/Bahamian dollar,currency,SD,00/00/0000,SD,SD,9999
5846,6,AEDBTN=X,United Arab Emirates dirham/Bhutanese ngultrum,currency,SD,00/00/0000,SD,SD,9999
5847,6,AEDBWP=X,United Arab Emirates dirham/Botswana pula,currency,SD,00/00/0000,SD,SD,9999
5848,6,AEDBYN=X,United Arab Emirates dirham/Belarusian ruble,currency,SD,00/00/0000,SD,SD,9999
5849,6,AEDBZD=X,United Arab Emirates dirham/Belize dollar,currency,SD,00/00/0000,SD,SD,9999
5850,6,AEDCAD=X,United Arab Emirates dirham/Canadian dollar,currency,SD,00/00/0000,SD,SD,9999
5851,6,AEDCDF=X,United Arab Emirates dirham/Congolese franc,currency,SD,00/00/0000,SD,SD,9999
5852,6,AEDCHE=X,United Arab Emirates dirham/WIR euro (complementary currency),currency,SD,00/00/0000,SD,SD,9999
5853,6,AEDCHF=X,United Arab Emirates dirham/Swiss franc,currency,SD,00/00/0000,SD,SD,9999
5854,6,AEDCHW=X,United Arab Emirates dirham/WIR franc (complementary currency),currency,SD,00/00/0000,SD,SD,9999
5855,6,AEDCLF=X,United Arab Emirates dirham/Unidad de Fomento (funds code),currency,SD,00/00/0000,SD,SD,9999
5856,6,AEDCLP=X,United Arab Emirates dirham/Chilean peso,currency,SD,00/00/0000,SD,SD,9999
5857,6,AEDCNY=X,United Arab Emirates dirham/Renminbi[6],currency,SD,00/00/0000,SD,SD,9999
5858,6,AEDCOP=X,United Arab Emirates dirham/Colombian peso,currency,SD,00/00/0000,SD,SD,9999
5859,6,AEDCOU=X,United Arab Emirates dirham/Unidad de Valor Real (UVR) (funds code)[7],currency,SD,00/00/0000,SD,SD,9999
5860,6,AEDCRC=X,United Arab Emirates dirham/Costa Rican colon,currency,SD,00/00/0000,SD,SD,9999
5861,6,AEDCUP=X,United Arab Emirates dirham/Cuban peso,currency,SD,00/00/0000,SD,SD,9999
5862,6,AEDCVE=X,United Arab Emirates dirham/Cape Verdean escudo,currency,SD,00/00/0000,SD,SD,9999
5863,6,AEDCZK=X,United Arab Emirates dirham/Czech koruna,currency,SD,00/00/0000,SD,SD,9999
5864,6,AEDDJF=X,United Arab Emirates dirham/Djiboutian franc,currency,SD,00/00/0000,SD,SD,9999
5865,6,AEDDKK=X,United Arab Emirates dirham/Danish krone,currency,SD,00/00/0000,SD,SD,9999
5866,6,AEDDOP=X,United Arab Emirates dirham/Dominican peso,currency,SD,00/00/0000,SD,SD,9999
5867,6,AEDDZD=X,United Arab Emirates dirham/Algerian dinar,currency,SD,00/00/0000,SD,SD,9999
5868,6,AEDEGP=X,United Arab Emirates dirham/Egyptian pound,currency,SD,00/00/0000,SD,SD,9999
5869,6,AEDERN=X,United Arab Emirates dirham/Eritrean nakfa,currency,SD,00/00/0000,SD,SD,9999
5870,6,AEDETB=X,United Arab Emirates dirham/Ethiopian birr,currency,SD,00/00/0000,SD,SD,9999
5871,6,AEDEUR=X,United Arab Emirates dirham/Euro,currency,SD,00/00/0000,SD,SD,9999
5872,6,AEDFJD=X,United Arab Emirates dirham/Fiji dollar,currency,SD,00/00/0000,SD,SD,9999
5873,6,AEDFKP=X,United Arab Emirates dirham/Falkland Islands pound,currency,SD,00/00/0000,SD,SD,9999
5874,6,AEDGBP=X,United Arab Emirates dirham/Pound sterling,currency,SD,00/00/0000,SD,SD,9999
5875,6,AEDGEL=X,United Arab Emirates dirham/Georgian lari,currency,SD,00/00/0000,SD,SD,9999
5876,6,AEDGHS=X,United Arab Emirates dirham/Ghanaian cedi,currency,SD,00/00/0000,SD,SD,9999
5877,6,AEDGIP=X,United Arab Emirates dirham/Gibraltar pound,currency,SD,00/00/0000,SD,SD,9999
5878,6,AEDGMD=X,United Arab Emirates dirham/Gambian dalasi,currency,SD,00/00/0000,SD,SD,9999
5879,6,AEDGNF=X,United Arab Emirates dirham/Guinean franc,currency,SD,00/00/0000,SD,SD,9999
5880,6,AEDGTQ=X,United Arab Emirates dirham/Guatemalan quetzal,currency,SD,00/00/0000,SD,SD,9999
5881,6,AEDGYD=X,United Arab Emirates dirham/Guyanese dollar,currency,SD,00/00/0000,SD,SD,9999
5882,6,AEDHKD=X,United Arab Emirates dirham/Hong Kong dollar,currency,SD,00/00/0000,SD,SD,9999
5883,6,AEDHNL=X,United Arab Emirates dirham/Honduran lempira,currency,SD,00/00/0000,SD,SD,9999
5884,6,AEDHTG=X,United Arab Emirates dirham/Haitian gourde,currency,SD,00/00/0000,SD,SD,9999
5885,6,AEDHUF=X,United Arab Emirates dirham/Hungarian forint,currency,SD,00/00/0000,SD,SD,9999
5886,6,AEDIDR=X,United Arab Emirates dirham/Indonesian rupiah,currency,SD,00/00/0000,SD,SD,9999
5887,6,AEDILS=X,United Arab Emirates dirham/Israeli new shekel,currency,SD,00/00/0000,SD,SD,9999
5888,6,AEDINR=X,United Arab Emirates dirham/Indian rupee,currency,SD,00/00/0000,SD,SD,9999
5889,6,AEDIQD=X,United Arab Emirates dirham/Iraqi dinar,currency,SD,00/00/0000,SD,SD,9999
5890,6,AEDIRR=X,United Arab Emirates dirham/Iranian rial,currency,SD,00/00/0000,SD,SD,9999
5891,6,AEDISK=X,United Arab Emirates dirham/Icelandic króna,currency,SD,00/00/0000,SD,SD,9999
5892,6,AEDJMD=X,United Arab Emirates dirham/Jamaican dollar,currency,SD,00/00/0000,SD,SD,9999
5893,6,AEDJOD=X,United Arab Emirates dirham/Jordanian dinar,currency,SD,00/00/0000,SD,SD,9999
5894,6,AEDJPY=X,United Arab Emirates dirham/Japanese yen,currency,SD,00/00/0000,SD,SD,9999
5895,6,AEDKES=X,United Arab Emirates dirham/Kenyan shilling,currency,SD,00/00/0000,SD,SD,9999
5896,6,AEDKGS=X,United Arab Emirates dirham/Kyrgyzstani som,currency,SD,00/00/0000,SD,SD,9999
5897,6,AEDKHR=X,United Arab Emirates dirham/Cambodian riel,currency,SD,00/00/0000,SD,SD,9999
5898,6,AEDKMF=X,United Arab Emirates dirham/Comoro franc,currency,SD,00/00/0000,SD,SD,9999
5899,6,AEDKPW=X,United Arab Emirates dirham/North Korean won,currency,SD,00/00/0000,SD,SD,9999
5900,6,AEDKRW=X,United Arab Emirates dirham/South Korean won,currency,SD,00/00/0000,SD,SD,9999
5901,6,AEDKWD=X,United Arab Emirates dirham/Kuwaiti dinar,currency,SD,00/00/0000,SD,SD,9999
5902,6,AEDKYD=X,United Arab Emirates dirham/Cayman Islands dollar,currency,SD,00/00/0000,SD,SD,9999
5903,6,AEDKZT=X,United Arab Emirates dirham/Kazakhstani tenge,currency,SD,00/00/0000,SD,SD,9999
5904,6,AEDLAK=X,United Arab Emirates dirham/Lao kip,currency,SD,00/00/0000,SD,SD,9999
5905,6,AEDLBP=X,United Arab Emirates dirham/Lebanese pound,currency,SD,00/00/0000,SD,SD,9999
5906,6,AEDLKR=X,United Arab Emirates dirham/Sri Lankan rupee,currency,SD,00/00/0000,SD,SD,9999
5907,6,AEDLRD=X,United Arab Emirates dirham/Liberian dollar,currency,SD,00/00/0000,SD,SD,9999
5908,6,AEDLSL=X,United Arab Emirates dirham/Lesotho loti,currency,SD,00/00/0000,SD,SD,9999
5909,6,AEDLYD=X,United Arab Emirates dirham/Libyan dinar,currency,SD,00/00/0000,SD,SD,9999
5910,6,AEDMAD=X,United Arab Emirates dirham/Moroccan dirham,currency,SD,00/00/0000,SD,SD,9999
5911,6,AEDMDL=X,United Arab Emirates dirham/Moldovan leu,currency,SD,00/00/0000,SD,SD,9999
5912,6,AEDMGA=X,United Arab Emirates dirham/Malagasy ariary,currency,SD,00/00/0000,SD,SD,9999
5913,6,AEDMKD=X,United Arab Emirates dirham/Macedonian denar,currency,SD,00/00/0000,SD,SD,9999
5914,6,AEDMMK=X,United Arab Emirates dirham/Myanmar kyat,currency,SD,00/00/0000,SD,SD,9999
5915,6,AEDMNT=X,United Arab Emirates dirham/Mongolian tögrög,currency,SD,00/00/0000,SD,SD,9999
5916,6,AEDMOP=X,United Arab Emirates dirham/Macanese pataca,currency,SD,00/00/0000,SD,SD,9999
5917,6,AEDMRU=X,United Arab Emirates dirham/Mauritanian ouguiya,currency,SD,00/00/0000,SD,SD,9999
5918,6,AEDMUR=X,United Arab Emirates dirham/Mauritian rupee,currency,SD,00/00/0000,SD,SD,9999
5919,6,AEDMVR=X,United Arab Emirates dirham/Maldivian rufiyaa,currency,SD,00/00/0000,SD,SD,9999
5920,6,AEDMWK=X,United Arab Emirates dirham/Malawian kwacha,currency,SD,00/00/0000,SD,SD,9999
5921,6,AEDMXN=X,United Arab Emirates dirham/Mexican peso,currency,SD,00/00/0000,SD,SD,9999
5922,6,AEDMXV=X,United Arab Emirates dirham/Mexican Unidad de Inversion (UDI) (funds code),currency,SD,00/00/0000,SD,SD,9999
5923,6,AEDMYR=X,United Arab Emirates dirham/Malaysian ringgit,currency,SD,00/00/0000,SD,SD,9999
5924,6,AEDMZN=X,United Arab Emirates dirham/Mozambican metical,currency,SD,00/00/0000,SD,SD,9999
5925,6,AEDNAD=X,United Arab Emirates dirham/Namibian dollar,currency,SD,00/00/0000,SD,SD,9999
5926,6,AEDNGN=X,United Arab Emirates dirham/Nigerian naira,currency,SD,00/00/0000,SD,SD,9999
5927,6,AEDNIO=X,United Arab Emirates dirham/Nicaraguan córdoba,currency,SD,00/00/0000,SD,SD,9999
5928,6,AEDNOK=X,United Arab Emirates dirham/Norwegian krone,currency,SD,00/00/0000,SD,SD,9999
5929,6,AEDNPR=X,United Arab Emirates dirham/Nepalese rupee,currency,SD,00/00/0000,SD,SD,9999
5930,6,AEDNZD=X,United Arab Emirates dirham/New Zealand dollar,currency,SD,00/00/0000,SD,SD,9999
5931,6,AEDOMR=X,United Arab Emirates dirham/Omani rial,currency,SD,00/00/0000,SD,SD,9999
5932,6,AEDPAB=X,United Arab Emirates dirham/Panamanian balboa,currency,SD,00/00/0000,SD,SD,9999
5933,6,AEDPEN=X,United Arab Emirates dirham/Peruvian sol,currency,SD,00/00/0000,SD,SD,9999
5934,6,AEDPGK=X,United Arab Emirates dirham/Papua New Guinean kina,currency,SD,00/00/0000,SD,SD,9999
5935,6,AEDPHP=X,United Arab Emirates dirham/Philippine peso[11],currency,SD,00/00/0000,SD,SD,9999
5936,6,AEDPKR=X,United Arab Emirates dirham/Pakistani rupee,currency,SD,00/00/0000,SD,SD,9999
